learner,pair_id,pair_index,window_from,window_to,taxonomy_groups,conformal_group,score_stratum,candidate_rows,resolved_rows,unresolved_rows,threshold_from,threshold_to,threshold_low,threshold_high,threshold_delta,threshold_sign,potential_y0_crossed_rows,potential_y1_crossed_rows,resolved_y0_crossed_rows,resolved_y1_crossed_rows,resolved_y0_delta_numerator,resolved_y1_delta_numerator,resolved_delta_numerator,resolved_covered_from_numerator,resolved_covered_to_numerator,resolved_delta_rate,delta_lower_numerator,delta_upper_numerator,delta_width_numerator,delta_lower,delta_upper,delta_width,ids_sha256,scores_sha256,assignments_sha256
catboost_platt,00:w01_2012m01_m06->w02_2012m02_m07,0,w01_2012m01_m06,w02_2012m02_m07,5,0,1,60520,58445,2075,0.049113187946657616,0.04900395264617657,0.04900395264617657,0.049113187946657616,-0.00010923530048104896,-1,297,0,264,0,-264,0,-264,52092,51828,-0.004517067328257336,-273,-264,9,-0.0045109054857898215,-0.004362194315928619,0.0001487111698612029,42bedb4c3668d4d5e7189e70b5c2f5c55e1a9522900cf07b9d3f9706c6e422f2,375fe8d8a443a5d8ac7cf2da9253194ec64b71caeb88470ca603098d9aa4a4cc,1a690b4cec6d6b6c3fb3340dacaff335c1eb67a8d74c9414a12df50466abaec5
catboost_platt,00:w01_2012m01_m06->w02_2012m02_m07,0,w01_2012m01_m06,w02_2012m02_m07,5,1,2,79865,77165,2700,0.07964589698302632,0.07978766496058752,0.07964589698302632,0.07978766496058752,0.00014176797756119963,1,364,0,298,0,298,0,298,67395,67693,0.0038618544676990866,298,316,18,0.003731296562949978,0.003956676892255682,0.00022538032930570338,eab0eb47d329e329988ab0b96a639bcf1e312b4e17f4ca24c8c0723ccd13a2e8,b8cb266f3d604e8a4abf7f676e9c52a2643d25218fcd7881752f3b5a9cf6da88,080524293dc58151b54ac1d7b503f409e980e34e765f0b8ac361a31bc1f6dca0
catboost_platt,00:w01_2012m01_m06->w02_2012m02_m07,0,w01_2012m01_m06,w02_2012m02_m07,5,2,3,79047,76495,2552,0.8919735883395368,0.8920116585417792,0.8919735883395368,0.8920116585417792,3.807020224244617e-05,1,0,101,0,17,0,17,17,66661,66678,0.00022223674749983658,17,19,2,0.00021506192518375145,0.00024036332814654572,2.5301402962794287e-05,c23db5872a049067a0cbbe57f6b7b5fba308f3ecdde5916011ccb305eb05f859,7a0d1de9eadc468307dd5173b75e7a25483d8cbd103689b84f1854f12fc43194,ae7f5d7c1a202281b72c8a2bcf3498d9e33f805535dccd6a92c500c788f7ebee
catboost_platt,00:w01_2012m01_m06->w02_2012m02_m07,0,w01_2012m01_m06,w02_2012m02_m07,5,3,4,80235,77819,2416,0.8617614186932525,0.862876020574146,0.8617614186932525,0.862876020574146,0.0011146018808935176,1,0,2108,0,413,0,413,413,67919,68332,0.005307187190788882,413,480,67,0.005147379572505765,0.005982426621798467,0.0008350470492927027,cbc89358ad150eea1b105f591aa926327a5214a81cc7372bf33d23d393e6a950,936f7185d092737c77be7700a773430ed8ecd974a059c0a4f47544e26a90f82f,48504f0eeba9303c891c41f9d4bdc17375c167208d1274e23dc4cee6df380ce0
catboost_platt,00:w01_2012m01_m06->w02_2012m02_m07,0,w01_2012m01_m06,w02_2012m02_m07,5,4,5,77223,74890,2333,0.8095744723631617,0.8111630187017316,0.8095744723631617,0.8111630187017316,0.0015885463385698628,1,0,1253,0,309,0,309,309,65892,66201,0.004126051542261984,309,338,29,0.004001398547064994,0.004376934333035495,0.000375535785970501,475ae90ddefc3b0bb06a7cb8245775084f7e24e48661c8b81cba83677e1466fd,79de9092b631d37a5ba87868e0b8f2a54fb43116e93ecf1a3d5bbec635c6fc82,0b7cc2d381db9e70a9684cdefc3d2ac8495796e12d55396f2053ec5fca547c8c
catboost_platt,01:w02_2012m02_m07->w03_2012m03_m08,1,w02_2012m02_m07,w03_2012m03_m08,5,0,1,60520,58445,2075,0.04900395264617657,0.048815440069822844,0.048815440069822844,0.04900395264617657,-0.00018851257635372348,-1,457,0,405,0,-405,0,-405,51828,51423,-0.00692959192403114,-421,-405,16,-0.006956378056840714,-0.006692002643754131,0.00026437541308658297,42bedb4c3668d4d5e7189e70b5c2f5c55e1a9522900cf07b9d3f9706c6e422f2,375fe8d8a443a5d8ac7cf2da9253194ec64b71caeb88470ca603098d9aa4a4cc,1a690b4cec6d6b6c3fb3340dacaff335c1eb67a8d74c9414a12df50466abaec5
catboost_platt,01:w02_2012m02_m07->w03_2012m03_m08,1,w02_2012m02_m07,w03_2012m03_m08,5,1,2,79865,77165,2700,0.07978766496058752,0.07970959229097281,0.07970959229097281,0.07978766496058752,-7.807266961470938e-05,-1,206,0,168,0,-168,0,-168,67693,67525,-0.0021771528542733104,-178,-168,10,-0.002228761034245289,-0.002103549740186565,0.00012521129405872408,eab0eb47d329e329988ab0b96a639bcf1e312b4e17f4ca24c8c0723ccd13a2e8,b8cb266f3d604e8a4abf7f676e9c52a2643d25218fcd7881752f3b5a9cf6da88,080524293dc58151b54ac1d7b503f409e980e34e765f0b8ac361a31bc1f6dca0
catboost_platt,01:w02_2012m02_m07->w03_2012m03_m08,1,w02_2012m02_m07,w03_2012m03_m08,5,2,3,79047,76495,2552,0.8920116585417792,0.8916085888119072,0.8916085888119072,0.8920116585417792,-0.0004030697298720298,-1,0,970,0,152,0,-152,-152,66678,66526,-0.0019870579776455977,-177,-152,25,-0.0022391741622072945,-0.0019229066251723657,0.0003162675370349286,c23db5872a049067a0cbbe57f6b7b5fba308f3ecdde5916011ccb305eb05f859,7a0d1de9eadc468307dd5173b75e7a25483d8cbd103689b84f1854f12fc43194,ae7f5d7c1a202281b72c8a2bcf3498d9e33f805535dccd6a92c500c788f7ebee
catboost_platt,01:w02_2012m02_m07->w03_2012m03_m08,1,w02_2012m02_m07,w03_2012m03_m08,5,3,4,80235,77819,2416,0.862876020574146,0.863313952320159,0.862876020574146,0.863313952320159,0.0004379317460129206,1,0,851,0,144,0,144,144,68332,68476,0.0018504478340765108,144,165,21,0.00179472798653954,0.002056459151243223,0.00026173116470368295,cbc89358ad150eea1b105f591aa926327a5214a81cc7372bf33d23d393e6a950,936f7185d092737c77be7700a773430ed8ecd974a059c0a4f47544e26a90f82f,48504f0eeba9303c891c41f9d4bdc17375c167208d1274e23dc4cee6df380ce0
catboost_platt,01:w02_2012m02_m07->w03_2012m03_m08,1,w02_2012m02_m07,w03_2012m03_m08,5,4,5,77223,74890,2333,0.8111630187017316,0.8115631424920364,0.8111630187017316,0.8115631424920364,0.00040012379030485157,1,0,295,0,59,0,59,59,66201,66260,0.0007878221391374016,59,68,9,0.0007640210818020538,0.0008805666705515196,0.00011654558874946584,475ae90ddefc3b0bb06a7cb8245775084f7e24e48661c8b81cba83677e1466fd,79de9092b631d37a5ba87868e0b8f2a54fb43116e93ecf1a3d5bbec635c6fc82,0b7cc2d381db9e70a9684cdefc3d2ac8495796e12d55396f2053ec5fca547c8c
catboost_platt,02:w03_2012m03_m08->w04_2012m04_m09,2,w03_2012m03_m08,w04_2012m04_m09,5,0,1,60520,58445,2075,0.048815440069822844,0.04853565085847877,0.04853565085847877,0.048815440069822844,-0.0002797892113440767,-1,693,0,609,0,-609,0,-609,51423,50814,-0.0104200530413209,-631,-609,22,-0.010426305353602115,-0.010062789160608064,0.00036351619299405155,42bedb4c3668d4d5e7189e70b5c2f5c55e1a9522900cf07b9d3f9706c6e422f2,375fe8d8a443a5d8ac7cf2da9253194ec64b71caeb88470ca603098d9aa4a4cc,1a690b4cec6d6b6c3fb3340dacaff335c1eb67a8d74c9414a12df50466abaec5
catboost_platt,02:w03_2012m03_m08->w04_2012m04_m09,2,w03_2012m03_m08,w04_2012m04_m09,5,1,2,79865,77165,2700,0.07970959229097281,0.07978766496058752,0.07970959229097281,0.07978766496058752,7.807266961470938e-05,1,206,0,168,0,168,0,168,67525,67693,0.0021771528542733104,168,178,10,0.002103549740186565,0.002228761034245289,0.00012521129405872408,eab0eb47d329e329988ab0b96a639bcf1e312b4e17f4ca24c8c0723ccd13a2e8,b8cb266f3d604e8a4abf7f676e9c52a2643d25218fcd7881752f3b5a9cf6da88,080524293dc58151b54ac1d7b503f409e980e34e765f0b8ac361a31bc1f6dca0
catboost_platt,02:w03_2012m03_m08->w04_2012m04_m09,2,w03_2012m03_m08,w04_2012m04_m09,5,2,3,79047,76495,2552,0.8916085888119072,0.890281077239412,0.890281077239412,0.8916085888119072,-0.0013275115724952213,-1,0,3105,0,516,0,-516,-516,66526,66010,-0.006745538924112687,-622,-516,106,-0.007868736321429023,-0.006527761964400926,0.0013409743570280972,c23db5872a049067a0cbbe57f6b7b5fba308f3ecdde5916011ccb305eb05f859,7a0d1de9eadc468307dd5173b75e7a25483d8cbd103689b84f1854f12fc43194,ae7f5d7c1a202281b72c8a2bcf3498d9e33f805535dccd6a92c500c788f7ebee
catboost_platt,02:w03_2012m03_m08->w04_2012m04_m09,2,w03_2012m03_m08,w04_2012m04_m09,5,3,4,80235,77819,2416,0.863313952320159,0.8624583885207028,0.8624583885207028,0.863313952320159,-0.0008555637994561716,-1,0,1674,0,305,0,-305,-305,68476,68171,-0.003919351315231499,-345,-305,40,-0.0042998691344176485,-0.0038013335826011093,0.0004985355518165389,cbc89358ad150eea1b105f591aa926327a5214a81cc7372bf33d23d393e6a950,936f7185d092737c77be7700a773430ed8ecd974a059c0a4f47544e26a90f82f,48504f0eeba9303c891c41f9d4bdc17375c167208d1274e23dc4cee6df380ce0
catboost_platt,02:w03_2012m03_m08->w04_2012m04_m09,2,w03_2012m03_m08,w04_2012m04_m09,5,4,5,77223,74890,2333,0.8115631424920364,0.8127065501276763,0.8115631424920364,0.8127065501276763,0.0011434076356399148,1,0,934,0,218,0,218,218,66260,66478,0.002910936039524636,218,246,28,0.0028229931497092834,0.0031855794258187327,0.00036258627610944924,475ae90ddefc3b0bb06a7cb8245775084f7e24e48661c8b81cba83677e1466fd,79de9092b631d37a5ba87868e0b8f2a54fb43116e93ecf1a3d5bbec635c6fc82,0b7cc2d381db9e70a9684cdefc3d2ac8495796e12d55396f2053ec5fca547c8c
catboost_platt,03:w04_2012m04_m09->w05_2012m05_m10,3,w04_2012m04_m09,w05_2012m05_m10,5,0,1,60520,58445,2075,0.04853565085847877,0.048438468365525386,0.048438468365525386,0.04853565085847877,-9.718249295338072e-05,-1,240,0,209,0,-209,0,-209,50814,50605,-0.003576011634870391,-218,-209,9,-0.003602115003304693,-0.00345340383344349,0.0001487111698612029,42bedb4c3668d4d5e7189e70b5c2f5c55e1a9522900cf07b9d3f9706c6e422f2,375fe8d8a443a5d8ac7cf2da9253194ec64b71caeb88470ca603098d9aa4a4cc,1a690b4cec6d6b6c3fb3340dacaff335c1eb67a8d74c9414a12df50466abaec5
catboost_platt,03:w04_2012m04_m09->w05_2012m05_m10,3,w04_2012m04_m09,w05_2012m05_m10,5,1,2,79865,77165,2700,0.07978766496058752,0.07978673631620159,0.07978673631620159,0.07978766496058752,-9.286443859307658e-07,-1,2,0,2,0,-2,0,-2,67693,67691,-2.5918486360396552e-05,-2,-2,0,-2.504225881174482e-05,-2.504225881174482e-05,0.0,eab0eb47d329e329988ab0b96a639bcf1e312b4e17f4ca24c8c0723ccd13a2e8,b8cb266f3d604e8a4abf7f676e9c52a2643d25218fcd7881752f3b5a9cf6da88,080524293dc58151b54ac1d7b503f409e980e34e765f0b8ac361a31bc1f6dca0
catboost_platt,03:w04_2012m04_m09->w05_2012m05_m10,3,w04_2012m04_m09,w05_2012m05_m10,5,2,3,79047,76495,2552,0.890281077239412,0.8894148014498154,0.8894148014498154,0.890281077239412,-0.0008662757895965267,-1,0,2048,0,337,0,-337,-337,66010,65673,-0.004405516700437937,-406,-337,69,-0.00513618480144724,-0.0042632863992308374,0.0008728984022164029,c23db5872a049067a0cbbe57f6b7b5fba308f3ecdde5916011ccb305eb05f859,7a0d1de9eadc468307dd5173b75e7a25483d8cbd103689b84f1854f12fc43194,ae7f5d7c1a202281b72c8a2bcf3498d9e33f805535dccd6a92c500c788f7ebee
catboost_platt,03:w04_2012m04_m09->w05_2012m05_m10,3,w04_2012m04_m09,w05_2012m05_m10,5,3,4,80235,77819,2416,0.8624583885207028,0.8616959042825142,0.8616959042825142,0.8624583885207028,-0.0007624842381885877,-1,0,1411,0,269,0,-269,-269,68171,67902,-0.003456739356712371,-324,-269,55,-0.004038137969713965,-0.0033526515859662242,0.000685486383747741,cbc89358ad150eea1b105f591aa926327a5214a81cc7372bf33d23d393e6a950,936f7185d092737c77be7700a773430ed8ecd974a059c0a4f47544e26a90f82f,48504f0eeba9303c891c41f9d4bdc17375c167208d1274e23dc4cee6df380ce0
catboost_platt,03:w04_2012m04_m09->w05_2012m05_m10,3,w04_2012m04_m09,w05_2012m05_m10,5,4,5,77223,74890,2333,0.8127065501276763,0.8124732989633325,0.8124732989633325,0.8127065501276763,-0.00023325116434380622,-1,0,193,0,44,0,-44,-44,66478,66434,-0.0005875283749499266,-53,-44,9,-0.0006863240226357432,-0.0005697784338862774,0.00011654558874946584,475ae90ddefc3b0bb06a7cb8245775084f7e24e48661c8b81cba83677e1466fd,79de9092b631d37a5ba87868e0b8f2a54fb43116e93ecf1a3d5bbec635c6fc82,0b7cc2d381db9e70a9684cdefc3d2ac8495796e12d55396f2053ec5fca547c8c
catboost_platt,04:w05_2012m05_m10->w06_2012m06_m11,4,w05_2012m05_m10,w06_2012m06_m11,5,0,1,60520,58445,2075,0.048438468365525386,0.04846688140870716,0.048438468365525386,0.04846688140870716,2.8413043181775566e-05,1,61,0,53,0,53,0,53,50605,50658,0.0009068354863546925,53,56,3,0.000875743555849306,0.0009253139458030404,4.95703899537343e-05,42bedb4c3668d4d5e7189e70b5c2f5c55e1a9522900cf07b9d3f9706c6e422f2,375fe8d8a443a5d8ac7cf2da9253194ec64b71caeb88470ca603098d9aa4a4cc,1a690b4cec6d6b6c3fb3340dacaff335c1eb67a8d74c9414a12df50466abaec5
catboost_platt,04:w05_2012m05_m10->w06_2012m06_m11,4,w05_2012m05_m10,w06_2012m06_m11,5,1,2,79865,77165,2700,0.07978673631620159,0.07984407970071351,0.07978673631620159,0.07984407970071351,5.734338451192367e-05,1,154,0,132,0,132,0,132,67691,67823,0.0017106200997861725,132,138,6,0.001652789081575158,0.0017279158580103926,7.512677643523446e-05,eab0eb47d329e329988ab0b96a639bcf1e312b4e17f4ca24c8c0723ccd13a2e8,b8cb266f3d604e8a4abf7f676e9c52a2643d25218fcd7881752f3b5a9cf6da88,080524293dc58151b54ac1d7b503f409e980e34e765f0b8ac361a31bc1f6dca0
catboost_platt,04:w05_2012m05_m10->w06_2012m06_m11,4,w05_2012m05_m10,w06_2012m06_m11,5,2,3,79047,76495,2552,0.8894148014498154,0.8892521057704302,0.8892521057704302,0.8894148014498154,-0.00016269567938520524,-1,0,426,0,58,0,-58,-58,65673,65615,-0.0007582194914700308,-71,-58,13,-0.0008981998051791972,-0.0007337406859210344,0.00016445911925816285,c23db5872a049067a0cbbe57f6b7b5fba308f3ecdde5916011ccb305eb05f859,7a0d1de9eadc468307dd5173b75e7a25483d8cbd103689b84f1854f12fc43194,ae7f5d7c1a202281b72c8a2bcf3498d9e33f805535dccd6a92c500c788f7ebee
catboost_platt,04:w05_2012m05_m10->w06_2012m06_m11,4,w05_2012m05_m10,w06_2012m06_m11,5,3,4,80235,77819,2416,0.8616959042825142,0.8612148729915213,0.8612148729915213,0.8616959042825142,-0.00048103129099286157,-1,0,877,0,183,0,-183,-183,67902,67719,-0.0023516107891388993,-207,-183,24,-0.002579921480650589,-0.0022808001495606654,0.00029912133108992334,cbc89358ad150eea1b105f591aa926327a5214a81cc7372bf33d23d393e6a950,936f7185d092737c77be7700a773430ed8ecd974a059c0a4f47544e26a90f82f,48504f0eeba9303c891c41f9d4bdc17375c167208d1274e23dc4cee6df380ce0
catboost_platt,04:w05_2012m05_m10->w06_2012m06_m11,4,w05_2012m05_m10,w06_2012m06_m11,5,4,5,77223,74890,2333,0.8124732989633325,0.8119678361988626,0.8119678361988626,0.8124732989633325,-0.0005054627644699439,-1,0,418,0,90,0,-90,-90,66434,66344,-0.0012017625851248497,-98,-90,8,-0.0012690519663830723,-0.0011654558874946584,0.00010359607888841407,475ae90ddefc3b0bb06a7cb8245775084f7e24e48661c8b81cba83677e1466fd,79de9092b631d37a5ba87868e0b8f2a54fb43116e93ecf1a3d5bbec635c6fc82,0b7cc2d381db9e70a9684cdefc3d2ac8495796e12d55396f2053ec5fca547c8c
catboost_platt,05:w06_2012m06_m11->w07_2012m07_m12,5,w06_2012m06_m11,w07_2012m07_m12,5,0,1,60520,58445,2075,0.04846688140870716,0.04848050129381764,0.04846688140870716,0.04848050129381764,1.3619885110477403e-05,1,39,0,37,0,37,0,37,50658,50695,0.0006330738300966721,37,39,2,0.000611368142762723,0.0006444150693985459,3.304692663582287e-05,42bedb4c3668d4d5e7189e70b5c2f5c55e1a9522900cf07b9d3f9706c6e422f2,375fe8d8a443a5d8ac7cf2da9253194ec64b71caeb88470ca603098d9aa4a4cc,1a690b4cec6d6b6c3fb3340dacaff335c1eb67a8d74c9414a12df50466abaec5
catboost_platt,05:w06_2012m06_m11->w07_2012m07_m12,5,w06_2012m06_m11,w07_2012m07_m12,5,1,2,79865,77165,2700,0.07984407970071351,0.07973976715411543,0.07973976715411543,0.07984407970071351,-0.00010431254659808153,-1,271,0,227,0,-227,0,-227,67823,67596,-0.002941748201905009,-240,-227,13,-0.0030050710574093783,-0.002842296375133037,0.00016277468227634132,eab0eb47d329e329988ab0b96a639bcf1e312b4e17f4ca24c8c0723ccd13a2e8,b8cb266f3d604e8a4abf7f676e9c52a2643d25218fcd7881752f3b5a9cf6da88,080524293dc58151b54ac1d7b503f409e980e34e765f0b8ac361a31bc1f6dca0
catboost_platt,05:w06_2012m06_m11->w07_2012m07_m12,5,w06_2012m06_m11,w07_2012m07_m12,5,2,3,79047,76495,2552,0.8892521057704302,0.8884345991499274,0.8884345991499274,0.8892521057704302,-0.0008175066205028392,-1,0,1930,0,315,0,-315,-315,65615,65300,-0.004117916203673443,-372,-315,57,-0.004706060951079737,-0.0039849709666401004,0.0007210899844396372,c23db5872a049067a0cbbe57f6b7b5fba308f3ecdde5916011ccb305eb05f859,7a0d1de9eadc468307dd5173b75e7a25483d8cbd103689b84f1854f12fc43194,ae7f5d7c1a202281b72c8a2bcf3498d9e33f805535dccd6a92c500c788f7ebee
catboost_platt,05:w06_2012m06_m11->w07_2012m07_m12,5,w06_2012m06_m11,w07_2012m07_m12,5,3,4,80235,77819,2416,0.8612148729915213,0.8604327334944422,0.8604327334944422,0.8612148729915213,-0.0007821394970791706,-1,0,1416,0,257,0,-257,-257,67719,67462,-0.0033025353705393285,-314,-257,57,-0.003913504081759831,-0.0032030909204212627,0.000710413161338568,cbc89358ad150eea1b105f591aa926327a5214a81cc7372bf33d23d393e6a950,936f7185d092737c77be7700a773430ed8ecd974a059c0a4f47544e26a90f82f,48504f0eeba9303c891c41f9d4bdc17375c167208d1274e23dc4cee6df380ce0
catboost_platt,05:w06_2012m06_m11->w07_2012m07_m12,5,w06_2012m06_m11,w07_2012m07_m12,5,4,5,77223,74890,2333,0.8119678361988626,0.8109305281057975,0.8109305281057975,0.8119678361988626,-0.0010373080930651257,-1,0,795,0,198,0,-198,-198,66344,66146,-0.0026438776872746697,-220,-198,22,-0.002848892169431387,-0.002564002952488248,0.0002848892169431387,475ae90ddefc3b0bb06a7cb8245775084f7e24e48661c8b81cba83677e1466fd,79de9092b631d37a5ba87868e0b8f2a54fb43116e93ecf1a3d5bbec635c6fc82,0b7cc2d381db9e70a9684cdefc3d2ac8495796e12d55396f2053ec5fca547c8c
catboost_platt,06:w07_2012m07_m12->w08_2012m08_2013m01,6,w07_2012m07_m12,w08_2012m08_2013m01,5,0,1,60520,58445,2075,0.04848050129381764,0.04865841409254095,0.04848050129381764,0.04865841409254095,0.000177912798723312,1,452,0,389,0,389,0,389,50695,51084,0.00665583026777312,389,402,13,0.0064276272306675476,0.006642432253800397,0.00021480502313284865,42bedb4c3668d4d5e7189e70b5c2f5c55e1a9522900cf07b9d3f9706c6e422f2,375fe8d8a443a5d8ac7cf2da9253194ec64b71caeb88470ca603098d9aa4a4cc,1a690b4cec6d6b6c3fb3340dacaff335c1eb67a8d74c9414a12df50466abaec5
catboost_platt,06:w07_2012m07_m12->w08_2012m08_2013m01,6,w07_2012m07_m12,w08_2012m08_2013m01,5,1,2,79865,77165,2700,0.07973976715411543,0.07964354119226134,0.07964354119226134,0.07973976715411543,-9.622596185408783e-05,-1,246,0,202,0,-202,0,-202,67596,67394,-0.002617767122400052,-213,-202,11,-0.0026670005634508234,-0.002529268139986227,0.0001377324234645965,eab0eb47d329e329988ab0b96a639bcf1e312b4e17f4ca24c8c0723ccd13a2e8,b8cb266f3d604e8a4abf7f676e9c52a2643d25218fcd7881752f3b5a9cf6da88,080524293dc58151b54ac1d7b503f409e980e34e765f0b8ac361a31bc1f6dca0
catboost_platt,06:w07_2012m07_m12->w08_2012m08_2013m01,6,w07_2012m07_m12,w08_2012m08_2013m01,5,2,3,79047,76495,2552,0.8884345991499274,0.1118010883671265,0.1118010883671265,0.8884345991499274,-0.7766335107828009,-1,207,756,164,117,-164,-117,-281,65300,65019,-0.0036734427086737697,-312,-290,22,-0.0039470188621959085,-0.0036687034296051715,0.00027831543259073717,c23db5872a049067a0cbbe57f6b7b5fba308f3ecdde5916011ccb305eb05f859,7a0d1de9eadc468307dd5173b75e7a25483d8cbd103689b84f1854f12fc43194,ae7f5d7c1a202281b72c8a2bcf3498d9e33f805535dccd6a92c500c788f7ebee
catboost_platt,06:w07_2012m07_m12->w08_2012m08_2013m01,6,w07_2012m07_m12,w08_2012m08_2013m01,5,3,4,80235,77819,2416,0.8604327334944422,0.8592335766105592,0.8592335766105592,0.8604327334944422,-0.0011991568838829458,-1,0,2123,0,384,0,-384,-384,67462,67078,-0.004934527557537362,-451,-384,67,-0.005620988346731476,-0.004785941297438773,0.0008350470492927027,cbc89358ad150eea1b105f591aa926327a5214a81cc7372bf33d23d393e6a950,936f7185d092737c77be7700a773430ed8ecd974a059c0a4f47544e26a90f82f,48504f0eeba9303c891c41f9d4bdc17375c167208d1274e23dc4cee6df380ce0
catboost_platt,06:w07_2012m07_m12->w08_2012m08_2013m01,6,w07_2012m07_m12,w08_2012m08_2013m01,5,4,5,77223,74890,2333,0.8109305281057975,0.8061960123826506,0.8061960123826506,0.8109305281057975,-0.00473451572314687,-1,0,3564,0,845,0,-845,-845,66146,65301,-0.01128321538256109,-944,-845,99,-0.01222433730883286,-0.010942335832588737,0.001282001476244124,475ae90ddefc3b0bb06a7cb8245775084f7e24e48661c8b81cba83677e1466fd,79de9092b631d37a5ba87868e0b8f2a54fb43116e93ecf1a3d5bbec635c6fc82,0b7cc2d381db9e70a9684cdefc3d2ac8495796e12d55396f2053ec5fca547c8c
numeric_logistic_platt,00:w01_2012m01_m06->w02_2012m02_m07,0,w01_2012m01_m06,w02_2012m02_m07,5,0,1,48646,47005,1641,0.05584550688919372,0.055803534960441346,0.055803534960441346,0.05584550688919372,-4.1971928752375376e-05,-1,66,0,59,0,-59,0,-59,41618,41559,-0.0012551856185512179,-62,-59,3,-0.0012745138346421084,-0.0012128438103852321,6.167002425687621e-05,18c8d84b8385ec89081cfec8e0e4faba40d14e56d1fa61af3ba45980fbeb38e7,56f2d3ffcbd4f0fd1fbc948c2369e7f1b67faf49fdcab48e7db690e825a11525,5cba251cbe398b7a0f307a13230958ecce81a14229387b8cc9fbd56810780550
numeric_logistic_platt,00:w01_2012m01_m06->w02_2012m02_m07,0,w01_2012m01_m06,w02_2012m02_m07,5,1,2,55311,53433,1878,0.08100870846928154,0.08097450208272683,0.08097450208272683,0.08100870846928154,-3.420638655471375e-05,-1,96,0,80,0,-80,0,-80,47938,47858,-0.0014972021035689555,-84,-80,4,-0.0015186852524814232,-0.001446366907125165,7.231834535625825e-05,4c9c1f4fa77a5dcd8d44eb3e2fd1a08577eaa0b62068cb8de0001c9d402e1ebb,1525253e184bbfea97ea957d3c81ce879b6b2710fa4ed93dedfbe026843f2be5,2fa5c2b9e6c5b1a56b966290030153a7624ff8ece837512dd2f60bc23e3c591f
numeric_logistic_platt,00:w01_2012m01_m06->w02_2012m02_m07,0,w01_2012m01_m06,w02_2012m02_m07,5,2,3,70157,67884,2273,0.8954712290162469,0.89610165568957,0.8954712290162469,0.89610165568957,0.0006304266733231367,1,0,1628,0,193,0,193,193,60900,61093,0.0028430852630958693,193,238,45,0.002750972818107958,0.00339239135082743,0.0006414185327194721,ec5f20992ba784c8e7d3021cc5f33b4996b4bf302999645c373c2c05995bdc51,b97cc8668ea99b432346e7acb324330bdabe69a76a725505fa73b2d5a9f0e8a7,e7e52ac06b012f799830a7e829095b392d60caf6aa4f3cfa54e1922b6910a2ef
numeric_logistic_platt,00:w01_2012m01_m06->w02_2012m02_m07,0,w01_2012m01_m06,w02_2012m02_m07,5,3,4,87008,84316,2692,0.8649328079682392,0.8647243677720748,0.8647243677720748,0.8649328079682392,-0.00020844019616439446,-1,0,398,0,73,0,-73,-73,74833,74760,-0.0008657905972769106,-85,-73,12,-0.0009769216623758735,-0.000839003310040456,0.00013791835233541744,b49874ac85ff28dee28fd14fe8bc88200fb7861d8955cbe0b283394690fd22b8,00a9ebc0e7efbe82977983b3b1886407f8abbb1ba3432c99a115dd976f63b9ed,ee04cc8b59a9302b20600784dd91e71f858164d5eac0cd3e73aee13155df172f
numeric_logistic_platt,00:w01_2012m01_m06->w02_2012m02_m07,0,w01_2012m01_m06,w02_2012m02_m07,5,4,5,115768,112176,3592,0.8080294405623234,0.8063208460322784,0.8063208460322784,0.8080294405623234,-0.0017085945300450156,-1,4,1558,1,329,-1,-329,-330,100511,100181,-0.0029418057338468123,-379,-330,49,-0.0032737889572247944,-0.0028505286434938842,0.0004232603137309101,2d3f5cf90b355ceb39a0d22cf14cd79bafc493f65d08aafd44675d43deae9280,a7835d5327be1994a632dce71245d10d9daf82ff5faae3de6eeece602cc2d1e6,a05456527c32cf8a83bbc37a909f3d9ae4e9276fe07c3d1fd0b54aace4eb96be
numeric_logistic_platt,01:w02_2012m02_m07->w03_2012m03_m08,1,w02_2012m02_m07,w03_2012m03_m08,5,0,1,48646,47005,1641,0.055803534960441346,0.055762309681025385,0.055762309681025385,0.055803534960441346,-4.122527941596149e-05,-1,65,0,58,0,-58,0,-58,41559,41501,-0.0012339112860334006,-62,-58,4,-0.0012745138346421084,-0.00119228713563294,8.222669900916828e-05,18c8d84b8385ec89081cfec8e0e4faba40d14e56d1fa61af3ba45980fbeb38e7,56f2d3ffcbd4f0fd1fbc948c2369e7f1b67faf49fdcab48e7db690e825a11525,5cba251cbe398b7a0f307a13230958ecce81a14229387b8cc9fbd56810780550
numeric_logistic_platt,01:w02_2012m02_m07->w03_2012m03_m08,1,w02_2012m02_m07,w03_2012m03_m08,5,1,2,55311,53433,1878,0.08097450208272683,0.08090736609562013,0.08090736609562013,0.08097450208272683,-6.713598710669788e-05,-1,167,0,142,0,-142,0,-142,47858,47716,-0.002657533733834896,-151,-142,9,-0.002730017537198749,-0.002567301260147168,0.00016271627705158106,4c9c1f4fa77a5dcd8d44eb3e2fd1a08577eaa0b62068cb8de0001c9d402e1ebb,1525253e184bbfea97ea957d3c81ce879b6b2710fa4ed93dedfbe026843f2be5,2fa5c2b9e6c5b1a56b966290030153a7624ff8ece837512dd2f60bc23e3c591f
numeric_logistic_platt,01:w02_2012m02_m07->w03_2012m03_m08,1,w02_2012m02_m07,w03_2012m03_m08,5,2,3,70157,67884,2273,0.89610165568957,0.8958192511745544,0.8958192511745544,0.89610165568957,-0.0002824045150155996,-1,0,728,0,73,0,-73,-73,61093,61020,-0.0010753638559896294,-93,-73,20,-0.0013255983009535755,-0.001040523397522699,0.00028507490343087646,ec5f20992ba784c8e7d3021cc5f33b4996b4bf302999645c373c2c05995bdc51,b97cc8668ea99b432346e7acb324330bdabe69a76a725505fa73b2d5a9f0e8a7,e7e52ac06b012f799830a7e829095b392d60caf6aa4f3cfa54e1922b6910a2ef
numeric_logistic_platt,01:w02_2012m02_m07->w03_2012m03_m08,1,w02_2012m02_m07,w03_2012m03_m08,5,3,4,87008,84316,2692,0.8647243677720748,0.8655596934660833,0.8647243677720748,0.8655596934660833,0.0008353256940084597,1,0,1686,0,279,0,279,279,74760,75039,0.0033089805019213435,279,329,50,0.0032066016917984552,0.003781261493196028,0.0005746598013975726,b49874ac85ff28dee28fd14fe8bc88200fb7861d8955cbe0b283394690fd22b8,00a9ebc0e7efbe82977983b3b1886407f8abbb1ba3432c99a115dd976f63b9ed,ee04cc8b59a9302b20600784dd91e71f858164d5eac0cd3e73aee13155df172f
numeric_logistic_platt,01:w02_2012m02_m07->w03_2012m03_m08,1,w02_2012m02_m07,w03_2012m03_m08,5,4,5,115768,112176,3592,0.8063208460322784,0.8058713502545035,0.8058713502545035,0.8063208460322784,-0.0004494957777748665,-1,0,441,0,109,0,-109,-109,100181,100072,-0.0009716873484524319,-115,-109,6,-0.000993366042429687,-0.0009415382489116164,5.1827793518070626e-05,2d3f5cf90b355ceb39a0d22cf14cd79bafc493f65d08aafd44675d43deae9280,a7835d5327be1994a632dce71245d10d9daf82ff5faae3de6eeece602cc2d1e6,a05456527c32cf8a83bbc37a909f3d9ae4e9276fe07c3d1fd0b54aace4eb96be
numeric_logistic_platt,02:w03_2012m03_m08->w04_2012m04_m09,2,w03_2012m03_m08,w04_2012m04_m09,5,0,1,48646,47005,1641,0.055762309681025385,0.05568070201998956,0.05568070201998956,0.055762309681025385,-8.160766103582767e-05,-1,171,0,147,0,-147,0,-147,41501,41354,-0.003127326880119136,-153,-147,6,-0.0031451712371006867,-0.0030218311885869343,0.00012334004851375242,18c8d84b8385ec89081cfec8e0e4faba40d14e56d1fa61af3ba45980fbeb38e7,56f2d3ffcbd4f0fd1fbc948c2369e7f1b67faf49fdcab48e7db690e825a11525,5cba251cbe398b7a0f307a13230958ecce81a14229387b8cc9fbd56810780550
numeric_logistic_platt,02:w03_2012m03_m08->w04_2012m04_m09,2,w03_2012m03_m08,w04_2012m04_m09,5,1,2,55311,53433,1878,0.08090736609562013,0.08070500908633652,0.08070500908633652,0.08090736609562013,-0.00020235700928361577,-1,507,0,455,0,-455,0,-455,47716,47261,-0.008515336964048435,-468,-455,13,-0.008461246406682214,-0.008226211784274375,0.0002350346224078393,4c9c1f4fa77a5dcd8d44eb3e2fd1a08577eaa0b62068cb8de0001c9d402e1ebb,1525253e184bbfea97ea957d3c81ce879b6b2710fa4ed93dedfbe026843f2be5,2fa5c2b9e6c5b1a56b966290030153a7624ff8ece837512dd2f60bc23e3c591f
numeric_logistic_platt,02:w03_2012m03_m08->w04_2012m04_m09,2,w03_2012m03_m08,w04_2012m04_m09,5,2,3,70157,67884,2273,0.8958192511745544,0.8947818688022484,0.8947818688022484,0.8958192511745544,-0.001037382372305995,-1,0,2781,0,352,0,-352,-352,61020,60668,-0.005185316127511637,-452,-352,100,-0.006442692817537808,-0.005017318300383425,0.0014253745171543823,ec5f20992ba784c8e7d3021cc5f33b4996b4bf302999645c373c2c05995bdc51,b97cc8668ea99b432346e7acb324330bdabe69a76a725505fa73b2d5a9f0e8a7,e7e52ac06b012f799830a7e829095b392d60caf6aa4f3cfa54e1922b6910a2ef
numeric_logistic_platt,02:w03_2012m03_m08->w04_2012m04_m09,2,w03_2012m03_m08,w04_2012m04_m09,5,3,4,87008,84316,2692,0.8655596934660833,0.8645731565389918,0.8645731565389918,0.8655596934660833,-0.000986536927091497,-1,0,1956,0,332,0,-332,-332,75039,74707,-0.003937568195834717,-386,-332,54,-0.0044363736667892605,-0.0038157410812798822,0.0006206325855093785,b49874ac85ff28dee28fd14fe8bc88200fb7861d8955cbe0b283394690fd22b8,00a9ebc0e7efbe82977983b3b1886407f8abbb1ba3432c99a115dd976f63b9ed,ee04cc8b59a9302b20600784dd91e71f858164d5eac0cd3e73aee13155df172f
numeric_logistic_platt,02:w03_2012m03_m08->w04_2012m04_m09,2,w03_2012m03_m08,w04_2012m04_m09,5,4,5,115768,112176,3592,0.8058713502545035,0.8056165785472097,0.8056165785472097,0.8058713502545035,-0.0002547717072938216,-1,0,210,0,50,0,-50,-50,100072,100022,-0.0004457281414919412,-59,-50,9,-0.0005096399695943612,-0.0004318982793172552,7.774169027710594e-05,2d3f5cf90b355ceb39a0d22cf14cd79bafc493f65d08aafd44675d43deae9280,a7835d5327be1994a632dce71245d10d9daf82ff5faae3de6eeece602cc2d1e6,a05456527c32cf8a83bbc37a909f3d9ae4e9276fe07c3d1fd0b54aace4eb96be
numeric_logistic_platt,03:w04_2012m04_m09->w05_2012m05_m10,3,w04_2012m04_m09,w05_2012m05_m10,5,0,1,48646,47005,1641,0.05568070201998956,0.05578939611884056,0.05568070201998956,0.05578939611884056,0.00010869409885100323,1,215,0,186,0,186,0,186,41354,41540,0.003957025848314009,186,195,9,0.003823541503926325,0.004008551576696953,0.00018501007277062863,18c8d84b8385ec89081cfec8e0e4faba40d14e56d1fa61af3ba45980fbeb38e7,56f2d3ffcbd4f0fd1fbc948c2369e7f1b67faf49fdcab48e7db690e825a11525,5cba251cbe398b7a0f307a13230958ecce81a14229387b8cc9fbd56810780550
numeric_logistic_platt,03:w04_2012m04_m09->w05_2012m05_m10,3,w04_2012m04_m09,w05_2012m05_m10,5,1,2,55311,53433,1878,0.08070500908633652,0.08070853216062145,0.08070500908633652,0.08070853216062145,3.523074284930705e-06,1,6,0,6,0,6,0,6,47261,47267,0.00011229015776767166,6,6,0,0.00010847751803438737,0.00010847751803438737,0.0,4c9c1f4fa77a5dcd8d44eb3e2fd1a08577eaa0b62068cb8de0001c9d402e1ebb,1525253e184bbfea97ea957d3c81ce879b6b2710fa4ed93dedfbe026843f2be5,2fa5c2b9e6c5b1a56b966290030153a7624ff8ece837512dd2f60bc23e3c591f
numeric_logistic_platt,03:w04_2012m04_m09->w05_2012m05_m10,3,w04_2012m04_m09,w05_2012m05_m10,5,2,3,70157,67884,2273,0.8947818688022484,0.89330390881681,0.89330390881681,0.8947818688022484,-0.0014779599854384262,-1,0,3868,0,512,0,-512,-512,60668,60156,-0.007542278003653291,-633,-512,121,-0.00902262069358724,-0.0072979175278304375,0.0017247031657568026,ec5f20992ba784c8e7d3021cc5f33b4996b4bf302999645c373c2c05995bdc51,b97cc8668ea99b432346e7acb324330bdabe69a76a725505fa73b2d5a9f0e8a7,e7e52ac06b012f799830a7e829095b392d60caf6aa4f3cfa54e1922b6910a2ef
numeric_logistic_platt,03:w04_2012m04_m09->w05_2012m05_m10,3,w04_2012m04_m09,w05_2012m05_m10,5,3,4,87008,84316,2692,0.8645731565389918,0.8633439810939889,0.8633439810939889,0.8645731565389918,-0.0012291754450028947,-1,0,2479,0,415,0,-415,-415,74707,74292,-0.004921960244793396,-507,-415,92,-0.005827050386171387,-0.004769676351599853,0.0010573740345715336,b49874ac85ff28dee28fd14fe8bc88200fb7861d8955cbe0b283394690fd22b8,00a9ebc0e7efbe82977983b3b1886407f8abbb1ba3432c99a115dd976f63b9ed,ee04cc8b59a9302b20600784dd91e71f858164d5eac0cd3e73aee13155df172f
numeric_logistic_platt,03:w04_2012m04_m09->w05_2012m05_m10,3,w04_2012m04_m09,w05_2012m05_m10,5,4,5,115768,112176,3592,0.8056165785472097,0.8048975884461733,0.8048975884461733,0.8056165785472097,-0.0007189901010363764,-1,0,636,0,164,0,-164,-164,100022,99858,-0.0014619883040935672,-183,-164,19,-0.001580747702301154,-0.0014166263561605971,0.00016412134614055698,2d3f5cf90b355ceb39a0d22cf14cd79bafc493f65d08aafd44675d43deae9280,a7835d5327be1994a632dce71245d10d9daf82ff5faae3de6eeece602cc2d1e6,a05456527c32cf8a83bbc37a909f3d9ae4e9276fe07c3d1fd0b54aace4eb96be
numeric_logistic_platt,04:w05_2012m05_m10->w06_2012m06_m11,4,w05_2012m05_m10,w06_2012m06_m11,5,0,1,48646,47005,1641,0.05578939611884056,0.05580733474546511,0.05578939611884056,0.05580733474546511,1.7938626624552922e-05,1,25,0,23,0,23,0,23,41540,41563,0.0004893096479097968,23,24,1,0.0004728035193027176,0.0004933601940550097,2.055667475229207e-05,18c8d84b8385ec89081cfec8e0e4faba40d14e56d1fa61af3ba45980fbeb38e7,56f2d3ffcbd4f0fd1fbc948c2369e7f1b67faf49fdcab48e7db690e825a11525,5cba251cbe398b7a0f307a13230958ecce81a14229387b8cc9fbd56810780550
numeric_logistic_platt,04:w05_2012m05_m10->w06_2012m06_m11,4,w05_2012m05_m10,w06_2012m06_m11,5,1,2,55311,53433,1878,0.08070853216062145,0.08080020689162984,0.08070853216062145,0.08080020689162984,9.167473100839263e-05,1,250,0,227,0,227,0,227,47267,47494,0.004248310968876911,227,233,6,0.004104066098967655,0.004212543617002043,0.00010847751803438737,4c9c1f4fa77a5dcd8d44eb3e2fd1a08577eaa0b62068cb8de0001c9d402e1ebb,1525253e184bbfea97ea957d3c81ce879b6b2710fa4ed93dedfbe026843f2be5,2fa5c2b9e6c5b1a56b966290030153a7624ff8ece837512dd2f60bc23e3c591f
numeric_logistic_platt,04:w05_2012m05_m10->w06_2012m06_m11,4,w05_2012m05_m10,w06_2012m06_m11,5,2,3,70157,67884,2273,0.89330390881681,0.8928429613469422,0.8928429613469422,0.89330390881681,-0.00046094746986780066,-1,0,1218,0,167,0,-167,-167,60156,59989,-0.0024600789582228506,-207,-167,40,-0.0029505252505095713,-0.0023803754436478182,0.0005701498068617529,ec5f20992ba784c8e7d3021cc5f33b4996b4bf302999645c373c2c05995bdc51,b97cc8668ea99b432346e7acb324330bdabe69a76a725505fa73b2d5a9f0e8a7,e7e52ac06b012f799830a7e829095b392d60caf6aa4f3cfa54e1922b6910a2ef
numeric_logistic_platt,04:w05_2012m05_m10->w06_2012m06_m11,4,w05_2012m05_m10,w06_2012m06_m11,5,3,4,87008,84316,2692,0.8633439810939889,0.8615126151660237,0.8615126151660237,0.8633439810939889,-0.0018313659279651784,-1,0,3619,0,561,0,-561,-561,74292,73731,-0.006653541439347217,-663,-561,102,-0.007619988966531813,-0.006447682971680765,0.0011723059948510481,b49874ac85ff28dee28fd14fe8bc88200fb7861d8955cbe0b283394690fd22b8,00a9ebc0e7efbe82977983b3b1886407f8abbb1ba3432c99a115dd976f63b9ed,ee04cc8b59a9302b20600784dd91e71f858164d5eac0cd3e73aee13155df172f
numeric_logistic_platt,04:w05_2012m05_m10->w06_2012m06_m11,4,w05_2012m05_m10,w06_2012m06_m11,5,4,5,115768,112176,3592,0.8048975884461733,0.8023477375876491,0.8023477375876491,0.8048975884461733,-0.0025498508585242163,-1,3,2146,1,487,-1,-487,-488,99858,99370,-0.004350306660961346,-549,-488,61,-0.004742243106903462,-0.0042153272061364105,0.0005269159007670513,2d3f5cf90b355ceb39a0d22cf14cd79bafc493f65d08aafd44675d43deae9280,a7835d5327be1994a632dce71245d10d9daf82ff5faae3de6eeece602cc2d1e6,a05456527c32cf8a83bbc37a909f3d9ae4e9276fe07c3d1fd0b54aace4eb96be
numeric_logistic_platt,05:w06_2012m06_m11->w07_2012m07_m12,5,w06_2012m06_m11,w07_2012m07_m12,5,0,1,48646,47005,1641,0.05580733474546511,0.05571640945671315,0.05571640945671315,0.05580733474546511,-9.092528875196543e-05,-1,170,0,153,0,-153,0,-153,41563,41410,-0.0032549728752260397,-158,-153,5,-0.003247954610862147,-0.0031451712371006867,0.00010278337376146035,18c8d84b8385ec89081cfec8e0e4faba40d14e56d1fa61af3ba45980fbeb38e7,56f2d3ffcbd4f0fd1fbc948c2369e7f1b67faf49fdcab48e7db690e825a11525,5cba251cbe398b7a0f307a13230958ecce81a14229387b8cc9fbd56810780550
numeric_logistic_platt,05:w06_2012m06_m11->w07_2012m07_m12,5,w06_2012m06_m11,w07_2012m07_m12,5,1,2,55311,53433,1878,0.08080020689162984,0.08071566222967558,0.08071566222967558,0.08080020689162984,-8.454466195426114e-05,-1,234,0,214,0,-214,0,-214,47494,47280,-0.004005015627046956,-220,-214,6,-0.003977508994594203,-0.003869031476559816,0.00010847751803438737,4c9c1f4fa77a5dcd8d44eb3e2fd1a08577eaa0b62068cb8de0001c9d402e1ebb,1525253e184bbfea97ea957d3c81ce879b6b2710fa4ed93dedfbe026843f2be5,2fa5c2b9e6c5b1a56b966290030153a7624ff8ece837512dd2f60bc23e3c591f
numeric_logistic_platt,05:w06_2012m06_m11->w07_2012m07_m12,5,w06_2012m06_m11,w07_2012m07_m12,5,2,3,70157,67884,2273,0.8928429613469422,0.10786425204433306,0.10786425204433306,0.8928429613469422,-0.7849787093026092,-1,262,2119,214,316,-214,-316,-530,59989,59459,-0.007807436214719227,-591,-540,51,-0.008423963396382399,-0.007697022392633665,0.000726941003748735,ec5f20992ba784c8e7d3021cc5f33b4996b4bf302999645c373c2c05995bdc51,b97cc8668ea99b432346e7acb324330bdabe69a76a725505fa73b2d5a9f0e8a7,e7e52ac06b012f799830a7e829095b392d60caf6aa4f3cfa54e1922b6910a2ef
numeric_logistic_platt,05:w06_2012m06_m11->w07_2012m07_m12,5,w06_2012m06_m11,w07_2012m07_m12,5,3,4,87008,84316,2692,0.8615126151660237,0.8600412333216553,0.8600412333216553,0.8615126151660237,-0.0014713818443684579,-1,0,2897,0,522,0,-522,-522,73731,73209,-0.00619099577778832,-610,-522,88,-0.007010849577050386,-0.005999448326590658,0.001011401250459728,b49874ac85ff28dee28fd14fe8bc88200fb7861d8955cbe0b283394690fd22b8,00a9ebc0e7efbe82977983b3b1886407f8abbb1ba3432c99a115dd976f63b9ed,ee04cc8b59a9302b20600784dd91e71f858164d5eac0cd3e73aee13155df172f
numeric_logistic_platt,05:w06_2012m06_m11->w07_2012m07_m12,5,w06_2012m06_m11,w07_2012m07_m12,5,4,5,115768,112176,3592,0.8023477375876491,0.7990143068958951,0.7990143068958951,0.8023477375876491,-0.003333430691753958,-1,2,2762,2,628,-2,-628,-630,99370,98740,-0.0056161745827984595,-710,-630,80,-0.0061329555663050235,-0.005441918319397415,0.0006910372469076083,2d3f5cf90b355ceb39a0d22cf14cd79bafc493f65d08aafd44675d43deae9280,a7835d5327be1994a632dce71245d10d9daf82ff5faae3de6eeece602cc2d1e6,a05456527c32cf8a83bbc37a909f3d9ae4e9276fe07c3d1fd0b54aace4eb96be
numeric_logistic_platt,06:w07_2012m07_m12->w08_2012m08_2013m01,6,w07_2012m07_m12,w08_2012m08_2013m01,5,0,1,48646,47005,1641,0.05571640945671315,0.05573682003560672,0.05571640945671315,0.05573682003560672,2.0410578893570452e-05,1,48,0,44,0,44,0,44,41410,41454,0.0009360706307839591,44,44,0,0.0009044936891008511,0.0009044936891008511,0.0,18c8d84b8385ec89081cfec8e0e4faba40d14e56d1fa61af3ba45980fbeb38e7,56f2d3ffcbd4f0fd1fbc948c2369e7f1b67faf49fdcab48e7db690e825a11525,5cba251cbe398b7a0f307a13230958ecce81a14229387b8cc9fbd56810780550
numeric_logistic_platt,06:w07_2012m07_m12->w08_2012m08_2013m01,6,w07_2012m07_m12,w08_2012m08_2013m01,5,1,2,55311,53433,1878,0.08071566222967558,0.0806767179867205,0.0806767179867205,0.08071566222967558,-3.894424295507182e-05,-1,92,0,79,0,-79,0,-79,47280,47201,-0.0014784870772743435,-80,-79,1,-0.001446366907125165,-0.0014282873207861005,1.8079586339064562e-05,4c9c1f4fa77a5dcd8d44eb3e2fd1a08577eaa0b62068cb8de0001c9d402e1ebb,1525253e184bbfea97ea957d3c81ce879b6b2710fa4ed93dedfbe026843f2be5,2fa5c2b9e6c5b1a56b966290030153a7624ff8ece837512dd2f60bc23e3c591f
numeric_logistic_platt,06:w07_2012m07_m12->w08_2012m08_2013m01,6,w07_2012m07_m12,w08_2012m08_2013m01,5,2,3,70157,67884,2273,0.10786425204433306,0.10763346594511687,0.10763346594511687,0.10786425204433306,-0.00023078609921618753,-1,593,0,494,0,-494,0,-494,59459,58965,-0.0072771197925873546,-513,-494,19,-0.007312171273001981,-0.007041350114742649,0.00027082115825933264,ec5f20992ba784c8e7d3021cc5f33b4996b4bf302999645c373c2c05995bdc51,b97cc8668ea99b432346e7acb324330bdabe69a76a725505fa73b2d5a9f0e8a7,e7e52ac06b012f799830a7e829095b392d60caf6aa4f3cfa54e1922b6910a2ef
numeric_logistic_platt,06:w07_2012m07_m12->w08_2012m08_2013m01,6,w07_2012m07_m12,w08_2012m08_2013m01,5,3,4,87008,84316,2692,0.8600412333216553,0.8586477692753473,0.8586477692753473,0.8600412333216553,-0.001393464046308024,-1,0,2595,0,430,0,-430,-430,73209,72779,-0.0050998624223160495,-512,-430,82,-0.005884516366311144,-0.0049420742920191245,0.0009424420742920191,b49874ac85ff28dee28fd14fe8bc88200fb7861d8955cbe0b283394690fd22b8,00a9ebc0e7efbe82977983b3b1886407f8abbb1ba3432c99a115dd976f63b9ed,ee04cc8b59a9302b20600784dd91e71f858164d5eac0cd3e73aee13155df172f
numeric_logistic_platt,06:w07_2012m07_m12->w08_2012m08_2013m01,6,w07_2012m07_m12,w08_2012m08_2013m01,5,4,5,115768,112176,3592,0.7990143068958951,0.7957866017565826,0.7957866017565826,0.7990143068958951,-0.0032277051393125866,-1,3,2512,3,568,-3,-568,-571,98740,98169,-0.005090215375837969,-650,-571,79,-0.005614677631124318,-0.004932278349803055,0.0006823992813212633,2d3f5cf90b355ceb39a0d22cf14cd79bafc493f65d08aafd44675d43deae9280,a7835d5327be1994a632dce71245d10d9daf82ff5faae3de6eeece602cc2d1e6,a05456527c32cf8a83bbc37a909f3d9ae4e9276fe07c3d1fd0b54aace4eb96be
catboost_monotonic_platt,00:w01_2012m01_m06->w02_2012m02_m07,0,w01_2012m01_m06,w02_2012m02_m07,5,0,1,54840,53021,1819,0.048561732866420626,0.04857010913729741,0.048561732866420626,0.04857010913729741,8.37627087678372e-06,1,29,0,27,0,27,0,27,46634,46661,0.000509232191018653,27,28,1,0.0004923413566739606,0.0005105762217359591,1.823486506199854e-05,055165002d3d6e2385c8e62fd464ef0dd4fbccd50fb91a27578ff3bafb3b2893,c34f84a1fd3515374445bcb3f52167ac8d84d9d8fc6bfa91a60e5707389165fd,3a7d4817e14b1c24f524670c0ba103c68a2ecb52c8c207c676d162fe3cf47f01
catboost_monotonic_platt,00:w01_2012m01_m06->w02_2012m02_m07,0,w01_2012m01_m06,w02_2012m02_m07,5,1,2,73852,71333,2519,0.07868431711640544,0.07860743849295981,0.07860743849295981,0.07868431711640544,-7.68786234456309e-05,-1,235,0,199,0,-199,0,-199,63769,63570,-0.0027897326623021602,-205,-199,6,-0.002775821914098467,-0.002694578345880951,8.124356821751611e-05,9b376524e21cdb724fa7b63517a68295b40440f6e1dceb761887869da218800d,56cac1c3eb4d9e7ac9ab9be97cc937a76054fa0f64a9f1b75966d429b3e416d8,0d4a01526d25300190cc63ad0c825e2a050668ecb95641ba80ee7e7eef75c453
catboost_monotonic_platt,00:w01_2012m01_m06->w02_2012m02_m07,0,w01_2012m01_m06,w02_2012m02_m07,5,2,3,81100,78463,2637,0.8922987973823122,0.8923204107454423,0.8922987973823122,0.8923204107454423,2.1613363130112972e-05,1,0,45,0,6,0,6,6,68782,68788,7.646916380969374e-05,6,7,1,7.398273736128237e-05,8.631319358816276e-05,1.2330456226880395e-05,ed40d16a3dafa86451a43e87d1b58e53307c4b2e150620e1f56ff04fba0309ea,3563f9f333f55fe165ec97e6e32819567ff6be3984499b63ebbd05d2fd538e70,dacc10b4203efb0007670df0e395d9684a0a1570afc17e3bfe8e0b1d542d4588
catboost_monotonic_platt,00:w01_2012m01_m06->w02_2012m02_m07,0,w01_2012m01_m06,w02_2012m02_m07,5,3,4,78800,76404,2396,0.8602366287204435,0.8614307278525446,0.8602366287204435,0.8614307278525446,0.0011940991321011118,1,0,2096,0,406,0,406,406,66362,66768,0.005313857913198262,406,476,70,0.005152284263959391,0.006040609137055838,0.0008883248730964467,ff5dbf36551cee79f169fdf04f7c84215d5959fac4cd2f53292668c82b7c7db3,251ec4e3446ceb2de175066b4066586021ebd001dc9aedc666fdc93b4c9c2084,d92229158d4354c6d6bcafbe8c8b384c617269c7ce2ef327e99e2f31a61e9983
catboost_monotonic_platt,00:w01_2012m01_m06->w02_2012m02_m07,0,w01_2012m01_m06,w02_2012m02_m07,5,4,5,88298,85593,2705,0.8098837326283999,0.8093029473412743,0.8093029473412743,0.8098837326283999,-0.0005807852871255736,-1,0,470,0,105,0,-105,-105,76486,76381,-0.0012267358312011496,-118,-105,13,-0.0013363836100477927,-0.0011891549072459173,0.00014722870280187546,ea834279298ef03f3c38d4c38430f31b1126aedf79ff56dd10ed823f45ecd0eb,ba2a33c5830169810ae3c74a86f8071ec922dfb66b98474f8a68681858902981,78c56716620013d345718a7e83b5a5bd14ada62d7a8e02deacb942ee6240eec3
catboost_monotonic_platt,01:w02_2012m02_m07->w03_2012m03_m08,1,w02_2012m02_m07,w03_2012m03_m08,5,0,1,54840,53021,1819,0.04857010913729741,0.04865868938974838,0.04857010913729741,0.04865868938974838,8.858025245096768e-05,1,209,0,188,0,188,0,188,46661,46849,0.0035457648856113614,188,196,8,0.0034281546316557257,0.003574033552151714,0.00014587892049598833,055165002d3d6e2385c8e62fd464ef0dd4fbccd50fb91a27578ff3bafb3b2893,c34f84a1fd3515374445bcb3f52167ac8d84d9d8fc6bfa91a60e5707389165fd,3a7d4817e14b1c24f524670c0ba103c68a2ecb52c8c207c676d162fe3cf47f01
catboost_monotonic_platt,01:w02_2012m02_m07->w03_2012m03_m08,1,w02_2012m02_m07,w03_2012m03_m08,5,1,2,73852,71333,2519,0.07860743849295981,0.07843061123908944,0.07843061123908944,0.07860743849295981,-0.00017682725387037357,-1,489,0,402,0,-402,0,-402,63570,63168,-0.0056355403529923034,-427,-402,25,-0.005781833938146563,-0.005443319070573579,0.0003385148675729838,9b376524e21cdb724fa7b63517a68295b40440f6e1dceb761887869da218800d,56cac1c3eb4d9e7ac9ab9be97cc937a76054fa0f64a9f1b75966d429b3e416d8,0d4a01526d25300190cc63ad0c825e2a050668ecb95641ba80ee7e7eef75c453
catboost_monotonic_platt,01:w02_2012m02_m07->w03_2012m03_m08,1,w02_2012m02_m07,w03_2012m03_m08,5,2,3,81100,78463,2637,0.8923204107454423,0.8920058033644691,0.8920058033644691,0.8923204107454423,-0.0003146073809732197,-1,0,710,0,114,0,-114,-114,68788,68674,-0.001452914112384181,-131,-114,17,-0.0016152897657213316,-0.001405672009864365,0.00020961775585696672,ed40d16a3dafa86451a43e87d1b58e53307c4b2e150620e1f56ff04fba0309ea,3563f9f333f55fe165ec97e6e32819567ff6be3984499b63ebbd05d2fd538e70,dacc10b4203efb0007670df0e395d9684a0a1570afc17e3bfe8e0b1d542d4588
catboost_monotonic_platt,01:w02_2012m02_m07->w03_2012m03_m08,1,w02_2012m02_m07,w03_2012m03_m08,5,3,4,78800,76404,2396,0.8614307278525446,0.8611478437816212,0.8611478437816212,0.8614307278525446,-0.00028288407092336154,-1,0,507,0,88,0,-88,-88,66768,66680,-0.0011517721585257317,-115,-88,27,-0.0014593908629441624,-0.001116751269035533,0.00034263959390862947,ff5dbf36551cee79f169fdf04f7c84215d5959fac4cd2f53292668c82b7c7db3,251ec4e3446ceb2de175066b4066586021ebd001dc9aedc666fdc93b4c9c2084,d92229158d4354c6d6bcafbe8c8b384c617269c7ce2ef327e99e2f31a61e9983
catboost_monotonic_platt,01:w02_2012m02_m07->w03_2012m03_m08,1,w02_2012m02_m07,w03_2012m03_m08,5,4,5,88298,85593,2705,0.8093029473412743,0.8103428263697585,0.8093029473412743,0.8103428263697585,0.0010398790284842363,1,0,856,0,189,0,189,189,76381,76570,0.0022081244961620694,189,215,26,0.002140478833042651,0.002434936238646402,0.0002944574056037509,ea834279298ef03f3c38d4c38430f31b1126aedf79ff56dd10ed823f45ecd0eb,ba2a33c5830169810ae3c74a86f8071ec922dfb66b98474f8a68681858902981,78c56716620013d345718a7e83b5a5bd14ada62d7a8e02deacb942ee6240eec3
catboost_monotonic_platt,02:w03_2012m03_m08->w04_2012m04_m09,2,w03_2012m03_m08,w04_2012m04_m09,5,0,1,54840,53021,1819,0.04865868938974838,0.048496247267977896,0.048496247267977896,0.04865868938974838,-0.00016244212177048134,-1,406,0,365,0,-365,0,-365,46849,46484,-0.00688406480451142,-385,-365,20,-0.0070204230488694385,-0.006655725747629467,0.00036469730123997083,055165002d3d6e2385c8e62fd464ef0dd4fbccd50fb91a27578ff3bafb3b2893,c34f84a1fd3515374445bcb3f52167ac8d84d9d8fc6bfa91a60e5707389165fd,3a7d4817e14b1c24f524670c0ba103c68a2ecb52c8c207c676d162fe3cf47f01
catboost_monotonic_platt,02:w03_2012m03_m08->w04_2012m04_m09,2,w03_2012m03_m08,w04_2012m04_m09,5,1,2,73852,71333,2519,0.07843061123908944,0.07842216833236267,0.07842216833236267,0.07843061123908944,-8.44290672677439e-06,-1,23,0,21,0,-21,0,-21,63168,63147,-0.0002943938990369114,-22,-21,1,-0.00029789308346422574,-0.0002843524887613064,1.3540594702919352e-05,9b376524e21cdb724fa7b63517a68295b40440f6e1dceb761887869da218800d,56cac1c3eb4d9e7ac9ab9be97cc937a76054fa0f64a9f1b75966d429b3e416d8,0d4a01526d25300190cc63ad0c825e2a050668ecb95641ba80ee7e7eef75c453
catboost_monotonic_platt,02:w03_2012m03_m08->w04_2012m04_m09,2,w03_2012m03_m08,w04_2012m04_m09,5,2,3,81100,78463,2637,0.8920058033644691,0.8900324876847417,0.8900324876847417,0.8920058033644691,-0.001973315679727361,-1,0,4645,0,690,0,-690,-690,68674,67984,-0.008793953838114781,-836,-690,146,-0.01030826140567201,-0.008508014796547472,0.0018002466091245376,ed40d16a3dafa86451a43e87d1b58e53307c4b2e150620e1f56ff04fba0309ea,3563f9f333f55fe165ec97e6e32819567ff6be3984499b63ebbd05d2fd538e70,dacc10b4203efb0007670df0e395d9684a0a1570afc17e3bfe8e0b1d542d4588
catboost_monotonic_platt,02:w03_2012m03_m08->w04_2012m04_m09,2,w03_2012m03_m08,w04_2012m04_m09,5,3,4,78800,76404,2396,0.8611478437816212,0.8607956116401266,0.8607956116401266,0.8611478437816212,-0.0003522321414946017,-1,0,593,0,122,0,-122,-122,66680,66558,-0.001596775037956128,-139,-122,17,-0.001763959390862944,-0.0015482233502538071,0.00021573604060913705,ff5dbf36551cee79f169fdf04f7c84215d5959fac4cd2f53292668c82b7c7db3,251ec4e3446ceb2de175066b4066586021ebd001dc9aedc666fdc93b4c9c2084,d92229158d4354c6d6bcafbe8c8b384c617269c7ce2ef327e99e2f31a61e9983
catboost_monotonic_platt,02:w03_2012m03_m08->w04_2012m04_m09,2,w03_2012m03_m08,w04_2012m04_m09,5,4,5,88298,85593,2705,0.8103428263697585,0.8114834386744343,0.8103428263697585,0.8114834386744343,0.00114061230467577,1,0,913,0,210,0,210,210,76570,76780,0.0024534716624022993,210,244,34,0.0023783098144918345,0.0027633694987428932,0.0003850596842510589,ea834279298ef03f3c38d4c38430f31b1126aedf79ff56dd10ed823f45ecd0eb,ba2a33c5830169810ae3c74a86f8071ec922dfb66b98474f8a68681858902981,78c56716620013d345718a7e83b5a5bd14ada62d7a8e02deacb942ee6240eec3
catboost_monotonic_platt,03:w04_2012m04_m09->w05_2012m05_m10,3,w04_2012m04_m09,w05_2012m05_m10,5,0,1,54840,53021,1819,0.048496247267977896,0.048545037278214534,0.048496247267977896,0.048545037278214534,4.879001023663787e-05,1,134,0,121,0,121,0,121,46484,46605,0.0022821146338243337,121,128,7,0.0022064186725018237,0.0023340627279358132,0.00012764405543398978,055165002d3d6e2385c8e62fd464ef0dd4fbccd50fb91a27578ff3bafb3b2893,c34f84a1fd3515374445bcb3f52167ac8d84d9d8fc6bfa91a60e5707389165fd,3a7d4817e14b1c24f524670c0ba103c68a2ecb52c8c207c676d162fe3cf47f01
catboost_monotonic_platt,03:w04_2012m04_m09->w05_2012m05_m10,3,w04_2012m04_m09,w05_2012m05_m10,5,1,2,73852,71333,2519,0.07842216833236267,0.07838347887434441,0.07838347887434441,0.07842216833236267,-3.868945801825674e-05,-1,101,0,85,0,-85,0,-85,63147,63062,-0.0011915943532446413,-88,-85,3,-0.001191572333856903,-0.001150950549748145,4.0621784108758055e-05,9b376524e21cdb724fa7b63517a68295b40440f6e1dceb761887869da218800d,56cac1c3eb4d9e7ac9ab9be97cc937a76054fa0f64a9f1b75966d429b3e416d8,0d4a01526d25300190cc63ad0c825e2a050668ecb95641ba80ee7e7eef75c453
catboost_monotonic_platt,03:w04_2012m04_m09->w05_2012m05_m10,3,w04_2012m04_m09,w05_2012m05_m10,5,2,3,81100,78463,2637,0.8900324876847417,0.8892804189864737,0.8892804189864737,0.8900324876847417,-0.0007520686982680491,-1,0,1715,0,256,0,-256,-256,67984,67728,-0.003262684322546933,-311,-256,55,-0.003834771886559803,-0.003156596794081381,0.0006781750924784217,ed40d16a3dafa86451a43e87d1b58e53307c4b2e150620e1f56ff04fba0309ea,3563f9f333f55fe165ec97e6e32819567ff6be3984499b63ebbd05d2fd538e70,dacc10b4203efb0007670df0e395d9684a0a1570afc17e3bfe8e0b1d542d4588
catboost_monotonic_platt,03:w04_2012m04_m09->w05_2012m05_m10,3,w04_2012m04_m09,w05_2012m05_m10,5,3,4,78800,76404,2396,0.8607956116401266,0.8606682863399073,0.8606682863399073,0.8607956116401266,-0.00012732530021930533,-1,0,218,0,32,0,-32,-32,66558,66526,-0.0004188262394639024,-37,-32,5,-0.00046954314720812183,-0.0004060913705583756,6.34517766497462e-05,ff5dbf36551cee79f169fdf04f7c84215d5959fac4cd2f53292668c82b7c7db3,251ec4e3446ceb2de175066b4066586021ebd001dc9aedc666fdc93b4c9c2084,d92229158d4354c6d6bcafbe8c8b384c617269c7ce2ef327e99e2f31a61e9983
catboost_monotonic_platt,03:w04_2012m04_m09->w05_2012m05_m10,3,w04_2012m04_m09,w05_2012m05_m10,5,4,5,88298,85593,2705,0.8114834386744343,0.8115173654626233,0.8114834386744343,0.8115173654626233,3.39267881890315e-05,1,0,32,0,6,0,6,6,76780,76786,7.00991903543514e-05,6,9,3,6.795170898548099e-05,0.00010192756347822148,3.3975854492740494e-05,ea834279298ef03f3c38d4c38430f31b1126aedf79ff56dd10ed823f45ecd0eb,ba2a33c5830169810ae3c74a86f8071ec922dfb66b98474f8a68681858902981,78c56716620013d345718a7e83b5a5bd14ada62d7a8e02deacb942ee6240eec3
catboost_monotonic_platt,04:w05_2012m05_m10->w06_2012m06_m11,4,w05_2012m05_m10,w06_2012m06_m11,5,0,1,54840,53021,1819,0.048545037278214534,0.04860078800893651,0.048545037278214534,0.04860078800893651,5.575073072197623e-05,1,144,0,129,0,129,0,129,46605,46734,0.002432998245978009,129,135,6,0.0023522975929978116,0.002461706783369803,0.00010940919037199125,055165002d3d6e2385c8e62fd464ef0dd4fbccd50fb91a27578ff3bafb3b2893,c34f84a1fd3515374445bcb3f52167ac8d84d9d8fc6bfa91a60e5707389165fd,3a7d4817e14b1c24f524670c0ba103c68a2ecb52c8c207c676d162fe3cf47f01
catboost_monotonic_platt,04:w05_2012m05_m10->w06_2012m06_m11,4,w05_2012m05_m10,w06_2012m06_m11,5,1,2,73852,71333,2519,0.07838347887434441,0.0783690327579728,0.0783690327579728,0.07838347887434441,-1.4446116371608086e-05,-1,30,0,26,0,-26,0,-26,63062,63036,-0.00036448768452189027,-28,-26,2,-0.00037913665168174185,-0.00035205546227590315,2.7081189405838704e-05,9b376524e21cdb724fa7b63517a68295b40440f6e1dceb761887869da218800d,56cac1c3eb4d9e7ac9ab9be97cc937a76054fa0f64a9f1b75966d429b3e416d8,0d4a01526d25300190cc63ad0c825e2a050668ecb95641ba80ee7e7eef75c453
catboost_monotonic_platt,04:w05_2012m05_m10->w06_2012m06_m11,4,w05_2012m05_m10,w06_2012m06_m11,5,2,3,81100,78463,2637,0.8892804189864737,0.8892090679898458,0.8892090679898458,0.8892804189864737,-7.135099662791689e-05,-1,0,190,0,24,0,-24,-24,67728,67704,-0.000305876655238775,-34,-24,10,-0.00041923551171393344,-0.00029593094944512947,0.00012330456226880394,ed40d16a3dafa86451a43e87d1b58e53307c4b2e150620e1f56ff04fba0309ea,3563f9f333f55fe165ec97e6e32819567ff6be3984499b63ebbd05d2fd538e70,dacc10b4203efb0007670df0e395d9684a0a1570afc17e3bfe8e0b1d542d4588
catboost_monotonic_platt,04:w05_2012m05_m10->w06_2012m06_m11,4,w05_2012m05_m10,w06_2012m06_m11,5,3,4,78800,76404,2396,0.8606682863399073,0.8602366287204435,0.8602366287204435,0.8606682863399073,-0.0004316576194638433,-1,0,778,0,164,0,-164,-164,66526,66362,-0.0021464844772525,-185,-164,21,-0.0023477157360406093,-0.0020812182741116753,0.000266497461928934,ff5dbf36551cee79f169fdf04f7c84215d5959fac4cd2f53292668c82b7c7db3,251ec4e3446ceb2de175066b4066586021ebd001dc9aedc666fdc93b4c9c2084,d92229158d4354c6d6bcafbe8c8b384c617269c7ce2ef327e99e2f31a61e9983
catboost_monotonic_platt,04:w05_2012m05_m10->w06_2012m06_m11,4,w05_2012m05_m10,w06_2012m06_m11,5,4,5,88298,85593,2705,0.8115173654626233,0.8103745792333379,0.8103745792333379,0.8115173654626233,-0.0011427862292854307,-1,0,921,0,211,0,-211,-211,76786,76575,-0.002465154860794691,-248,-211,37,-0.002808670638066547,-0.002389635099322748,0.0004190355387437994,ea834279298ef03f3c38d4c38430f31b1126aedf79ff56dd10ed823f45ecd0eb,ba2a33c5830169810ae3c74a86f8071ec922dfb66b98474f8a68681858902981,78c56716620013d345718a7e83b5a5bd14ada62d7a8e02deacb942ee6240eec3
catboost_monotonic_platt,05:w06_2012m06_m11->w07_2012m07_m12,5,w06_2012m06_m11,w07_2012m07_m12,5,0,1,54840,53021,1819,0.04860078800893651,0.04860078800893651,0.04860078800893651,0.04860078800893651,0.0,0,0,0,0,0,0,0,0,46734,46734,0.0,0,0,0,0.0,0.0,0.0,055165002d3d6e2385c8e62fd464ef0dd4fbccd50fb91a27578ff3bafb3b2893,c34f84a1fd3515374445bcb3f52167ac8d84d9d8fc6bfa91a60e5707389165fd,3a7d4817e14b1c24f524670c0ba103c68a2ecb52c8c207c676d162fe3cf47f01
catboost_monotonic_platt,05:w06_2012m06_m11->w07_2012m07_m12,5,w06_2012m06_m11,w07_2012m07_m12,5,1,2,73852,71333,2519,0.0783690327579728,0.07827604264575501,0.07827604264575501,0.0783690327579728,-9.299011221779174e-05,-1,233,0,200,0,-200,0,-200,63036,62836,-0.002803751419399156,-206,-200,6,-0.0027893625088013865,-0.0027081189405838706,8.124356821751611e-05,9b376524e21cdb724fa7b63517a68295b40440f6e1dceb761887869da218800d,56cac1c3eb4d9e7ac9ab9be97cc937a76054fa0f64a9f1b75966d429b3e416d8,0d4a01526d25300190cc63ad0c825e2a050668ecb95641ba80ee7e7eef75c453
catboost_monotonic_platt,05:w06_2012m06_m11->w07_2012m07_m12,5,w06_2012m06_m11,w07_2012m07_m12,5,2,3,81100,78463,2637,0.8892090679898458,0.11114675924546469,0.11114675924546469,0.8892090679898458,-0.7780623087443811,-1,404,1249,331,192,-331,-192,-523,67704,67181,-0.006665562112078305,-559,-533,26,-0.006892725030826141,-0.006572133168927251,0.00032059186189889027,ed40d16a3dafa86451a43e87d1b58e53307c4b2e150620e1f56ff04fba0309ea,3563f9f333f55fe165ec97e6e32819567ff6be3984499b63ebbd05d2fd538e70,dacc10b4203efb0007670df0e395d9684a0a1570afc17e3bfe8e0b1d542d4588
catboost_monotonic_platt,05:w06_2012m06_m11->w07_2012m07_m12,5,w06_2012m06_m11,w07_2012m07_m12,5,3,4,78800,76404,2396,0.8602366287204435,0.8598182534639773,0.8598182534639773,0.8602366287204435,-0.0004183752564661525,-1,0,733,0,141,0,-141,-141,66362,66221,-0.00184545311763782,-163,-141,22,-0.0020685279187817257,-0.0017893401015228426,0.00027918781725888326,ff5dbf36551cee79f169fdf04f7c84215d5959fac4cd2f53292668c82b7c7db3,251ec4e3446ceb2de175066b4066586021ebd001dc9aedc666fdc93b4c9c2084,d92229158d4354c6d6bcafbe8c8b384c617269c7ce2ef327e99e2f31a61e9983
catboost_monotonic_platt,05:w06_2012m06_m11->w07_2012m07_m12,5,w06_2012m06_m11,w07_2012m07_m12,5,4,5,88298,85593,2705,0.8103745792333379,0.8087374786830329,0.8087374786830329,0.8103745792333379,-0.0016371005503049707,-1,0,1372,0,300,0,-300,-300,76575,76275,-0.0035049595177175704,-341,-300,41,-0.0038619221273415026,-0.0033975854492740492,0.0004643366780674534,ea834279298ef03f3c38d4c38430f31b1126aedf79ff56dd10ed823f45ecd0eb,ba2a33c5830169810ae3c74a86f8071ec922dfb66b98474f8a68681858902981,78c56716620013d345718a7e83b5a5bd14ada62d7a8e02deacb942ee6240eec3
catboost_monotonic_platt,06:w07_2012m07_m12->w08_2012m08_2013m01,6,w07_2012m07_m12,w08_2012m08_2013m01,5,0,1,54840,53021,1819,0.04860078800893651,0.04867535238075526,0.04860078800893651,0.04867535238075526,7.456437181874859e-05,1,177,0,158,0,158,0,158,46734,46892,0.0029799513400350806,158,167,9,0.0028811086797957694,0.003045222465353756,0.00016411378555798687,055165002d3d6e2385c8e62fd464ef0dd4fbccd50fb91a27578ff3bafb3b2893,c34f84a1fd3515374445bcb3f52167ac8d84d9d8fc6bfa91a60e5707389165fd,3a7d4817e14b1c24f524670c0ba103c68a2ecb52c8c207c676d162fe3cf47f01
catboost_monotonic_platt,06:w07_2012m07_m12->w08_2012m08_2013m01,6,w07_2012m07_m12,w08_2012m08_2013m01,5,1,2,73852,71333,2519,0.07827604264575501,0.07827477245991309,0.07827477245991309,0.07827604264575501,-1.270185841922844e-06,-1,3,0,3,0,-3,0,-3,62836,62833,-4.205627129098734e-05,-3,-3,0,-4.0621784108758055e-05,-4.0621784108758055e-05,0.0,9b376524e21cdb724fa7b63517a68295b40440f6e1dceb761887869da218800d,56cac1c3eb4d9e7ac9ab9be97cc937a76054fa0f64a9f1b75966d429b3e416d8,0d4a01526d25300190cc63ad0c825e2a050668ecb95641ba80ee7e7eef75c453
catboost_monotonic_platt,06:w07_2012m07_m12->w08_2012m08_2013m01,6,w07_2012m07_m12,w08_2012m08_2013m01,5,2,3,81100,78463,2637,0.11114675924546469,0.11098132429321297,0.11098132429321297,0.11114675924546469,-0.000165434952251714,-1,416,0,339,0,-339,0,-339,67181,66842,-0.004320507755247696,-349,-339,10,-0.004303329223181258,-0.004180024660912454,0.00012330456226880394,ed40d16a3dafa86451a43e87d1b58e53307c4b2e150620e1f56ff04fba0309ea,3563f9f333f55fe165ec97e6e32819567ff6be3984499b63ebbd05d2fd538e70,dacc10b4203efb0007670df0e395d9684a0a1570afc17e3bfe8e0b1d542d4588
catboost_monotonic_platt,06:w07_2012m07_m12->w08_2012m08_2013m01,6,w07_2012m07_m12,w08_2012m08_2013m01,5,3,4,78800,76404,2396,0.8598182534639773,0.8583320244890962,0.8583320244890962,0.8598182534639773,-0.0014862289748811541,-1,0,2569,0,501,0,-501,-501,66221,65720,-0.006557248311606722,-572,-501,71,-0.0072588832487309645,-0.006357868020304569,0.000901015228426396,ff5dbf36551cee79f169fdf04f7c84215d5959fac4cd2f53292668c82b7c7db3,251ec4e3446ceb2de175066b4066586021ebd001dc9aedc666fdc93b4c9c2084,d92229158d4354c6d6bcafbe8c8b384c617269c7ce2ef327e99e2f31a61e9983
catboost_monotonic_platt,06:w07_2012m07_m12->w08_2012m08_2013m01,6,w07_2012m07_m12,w08_2012m08_2013m01,5,4,5,88298,85593,2705,0.8087374786830329,0.8053547613963974,0.8053547613963974,0.8087374786830329,-0.003382717286635528,-1,0,2630,0,629,0,-629,-629,76275,75646,-0.007348731788814506,-711,-629,82,-0.008052277514779497,-0.00712360415864459,0.0009286733561349068,ea834279298ef03f3c38d4c38430f31b1126aedf79ff56dd10ed823f45ecd0eb,ba2a33c5830169810ae3c74a86f8071ec922dfb66b98474f8a68681858902981,78c56716620013d345718a7e83b5a5bd14ada62d7a8e02deacb942ee6240eec3
woe_scorecard_platform_platt,00:w01_2012m01_m06->w02_2012m02_m07,0,w01_2012m01_m06,w02_2012m02_m07,5,0,1,35138,33946,1192,0.051705770411614865,0.051705770411614865,0.051705770411614865,0.051705770411614865,0.0,0,0,0,0,0,0,0,0,30334,30334,0.0,0,0,0,0.0,0.0,0.0,f5f634087dc7a526e7f2e4c142dd31e281e42723971fbf38764b55cadbb48120,4ca53d54da7ce3628b3535241935ec7b4b079aeedc4abc9f497ffeb085765ce8,54b2620b112bd194568e0be47659828bbe744a877c08f7fbc22c9e36024f23fb
woe_scorecard_platform_platt,00:w01_2012m01_m06->w02_2012m02_m07,0,w01_2012m01_m06,w02_2012m02_m07,5,1,2,64651,62524,2127,0.08262200352687521,0.08261453349130692,0.08261453349130692,0.08262200352687521,-7.470035568293842e-06,-1,21,0,19,0,-19,0,-19,55929,55910,-0.0003038833088094172,-20,-19,1,-0.0003093532969327621,-0.00029388563208612397,1.5467664846638104e-05,95720c82c16f1278d0e4197395599c0cac4f0154a69e2397e9ee494d9a49bbdb,c60012dbbe34e3cb2caf5bc4e9a4a5e32402742f857d6fc25a905c4005d806f7,35da7e7cbc26decd2eac017d52dad7285ac26e4bae1b1f9cc88bbd21c37b57e8
woe_scorecard_platform_platt,00:w01_2012m01_m06->w02_2012m02_m07,0,w01_2012m01_m06,w02_2012m02_m07,5,2,3,83959,81210,2749,0.8928580899872146,0.8932714582951211,0.8928580899872146,0.8932714582951211,0.00041336830790650314,1,0,1207,0,166,0,166,166,71717,71883,0.002044083240980175,166,203,37,0.0019771555163829967,0.0024178468061792067,0.00044069128979621003,91cbf09b28810ec190afc902a9088bfb5d631b8fa6abc7008b415a0053997548,1993e2b1d3b21ee367f56e28b4831c568f54a59b2dba9e506ba4ec5cde031482,c5a78394fd30975afc168a22f054c69d7681573fd5aee07d44d01ab28152aeae
woe_scorecard_platform_platt,00:w01_2012m01_m06->w02_2012m02_m07,0,w01_2012m01_m06,w02_2012m02_m07,5,3,4,90040,87174,2866,0.866169924727429,0.8667622645945511,0.866169924727429,0.8667622645945511,0.0005923398671220381,1,0,1445,0,255,0,255,255,77168,77423,0.0029251841145295616,255,297,42,0.0028320746334962238,0.003298533984895602,0.00046645935139937803,ef122c8af60b1952e334afa3ff4e2ab56ce203ee32d4aa32adb839299d76953d,6b1cd6998fc1dd851c59b06d056d702cb9a3b83275de81cc5edbb2aaf5b6b58d,25edbd49dccb1d0612e27674c339dfac0247da5841f92f350c01b884fdf70904
woe_scorecard_platform_platt,00:w01_2012m01_m06->w02_2012m02_m07,0,w01_2012m01_m06,w02_2012m02_m07,5,4,5,103102,99960,3142,0.820632533454388,0.820704425291185,0.820632533454388,0.820704425291185,7.189183679701117e-05,1,0,72,0,16,0,16,16,89755,89771,0.0001600640256102441,16,18,2,0.00015518612636030338,0.0001745843921553413,1.9398265795037922e-05,167ef009085bf5917a96caf8cdc461c2a3aa52855d4560a2ba26f869983c2349,757721f320faf6d5f4ca8a1726eaea66e4959aad441a1b9fc859574cd06d4b66,39b8d9e96c409b0057608ee59d8a28ca1e3266af4778cb529274394f7c2bb167
woe_scorecard_platform_platt,01:w02_2012m02_m07->w03_2012m03_m08,1,w02_2012m02_m07,w03_2012m03_m08,5,0,1,35138,33946,1192,0.051705770411614865,0.05176795853644958,0.051705770411614865,0.05176795853644958,6.21881248347167e-05,1,111,0,102,0,102,0,102,30334,30436,0.00300477228539445,102,103,1,0.002902840229950481,0.002931299447891172,2.845921794069099e-05,f5f634087dc7a526e7f2e4c142dd31e281e42723971fbf38764b55cadbb48120,4ca53d54da7ce3628b3535241935ec7b4b079aeedc4abc9f497ffeb085765ce8,54b2620b112bd194568e0be47659828bbe744a877c08f7fbc22c9e36024f23fb
woe_scorecard_platform_platt,01:w02_2012m02_m07->w03_2012m03_m08,1,w02_2012m02_m07,w03_2012m03_m08,5,1,2,64651,62524,2127,0.08261453349130692,0.08257296237836345,0.08257296237836345,0.08261453349130692,-4.157111294346427e-05,-1,118,0,101,0,-101,0,-101,55910,55809,-0.0016153796941974282,-103,-101,2,-0.0015931694792037246,-0.0015622341495104483,3.093532969327621e-05,95720c82c16f1278d0e4197395599c0cac4f0154a69e2397e9ee494d9a49bbdb,c60012dbbe34e3cb2caf5bc4e9a4a5e32402742f857d6fc25a905c4005d806f7,35da7e7cbc26decd2eac017d52dad7285ac26e4bae1b1f9cc88bbd21c37b57e8
woe_scorecard_platform_platt,01:w02_2012m02_m07->w03_2012m03_m08,1,w02_2012m02_m07,w03_2012m03_m08,5,2,3,83959,81210,2749,0.8932714582951211,0.8917448503721951,0.8917448503721951,0.8932714582951211,-0.0015266079229260265,-1,0,4614,0,642,0,-642,-642,71883,71241,-0.007905430365718507,-787,-642,145,-0.009373622839719388,-0.00764658940673424,0.0017270334329851475,91cbf09b28810ec190afc902a9088bfb5d631b8fa6abc7008b415a0053997548,1993e2b1d3b21ee367f56e28b4831c568f54a59b2dba9e506ba4ec5cde031482,c5a78394fd30975afc168a22f054c69d7681573fd5aee07d44d01ab28152aeae
woe_scorecard_platform_platt,01:w02_2012m02_m07->w03_2012m03_m08,1,w02_2012m02_m07,w03_2012m03_m08,5,3,4,90040,87174,2866,0.8667622645945511,0.866522684784726,0.866522684784726,0.8667622645945511,-0.00023957980982503013,-1,0,580,0,109,0,-109,-109,77423,77314,-0.0012503728175832245,-124,-109,15,-0.001377165704131497,-0.0012105730786317191,0.0001665926254997779,ef122c8af60b1952e334afa3ff4e2ab56ce203ee32d4aa32adb839299d76953d,6b1cd6998fc1dd851c59b06d056d702cb9a3b83275de81cc5edbb2aaf5b6b58d,25edbd49dccb1d0612e27674c339dfac0247da5841f92f350c01b884fdf70904
woe_scorecard_platform_platt,01:w02_2012m02_m07->w03_2012m03_m08,1,w02_2012m02_m07,w03_2012m03_m08,5,4,5,103102,99960,3142,0.820704425291185,0.8207075411423037,0.820704425291185,0.8207075411423037,3.1158511186735183e-06,1,0,4,0,0,0,0,0,89771,89771,0.0,0,0,0,0.0,0.0,0.0,167ef009085bf5917a96caf8cdc461c2a3aa52855d4560a2ba26f869983c2349,757721f320faf6d5f4ca8a1726eaea66e4959aad441a1b9fc859574cd06d4b66,39b8d9e96c409b0057608ee59d8a28ca1e3266af4778cb529274394f7c2bb167
woe_scorecard_platform_platt,02:w03_2012m03_m08->w04_2012m04_m09,2,w03_2012m03_m08,w04_2012m04_m09,5,0,1,35138,33946,1192,0.05176795853644958,0.05162455662778676,0.05162455662778676,0.05176795853644958,-0.00014340190866281993,-1,251,0,231,0,-231,0,-231,30436,30205,-0.006804925469863901,-237,-231,6,-0.0067448346519437645,-0.006574079344299618,0.00017075530764414594,f5f634087dc7a526e7f2e4c142dd31e281e42723971fbf38764b55cadbb48120,4ca53d54da7ce3628b3535241935ec7b4b079aeedc4abc9f497ffeb085765ce8,54b2620b112bd194568e0be47659828bbe744a877c08f7fbc22c9e36024f23fb
woe_scorecard_platform_platt,02:w03_2012m03_m08->w04_2012m04_m09,2,w03_2012m03_m08,w04_2012m04_m09,5,1,2,64651,62524,2127,0.08257296237836345,0.08252209378381913,0.08252209378381913,0.08257296237836345,-5.086859454432602e-05,-1,141,0,119,0,-119,0,-119,55809,55690,-0.001903269144648455,-125,-119,6,-0.0019334581058297628,-0.0018406521167499343,9.280598907982862e-05,95720c82c16f1278d0e4197395599c0cac4f0154a69e2397e9ee494d9a49bbdb,c60012dbbe34e3cb2caf5bc4e9a4a5e32402742f857d6fc25a905c4005d806f7,35da7e7cbc26decd2eac017d52dad7285ac26e4bae1b1f9cc88bbd21c37b57e8
woe_scorecard_platform_platt,02:w03_2012m03_m08->w04_2012m04_m09,2,w03_2012m03_m08,w04_2012m04_m09,5,2,3,83959,81210,2749,0.8917448503721951,0.8908550637496875,0.8908550637496875,0.8917448503721951,-0.0008897866225076045,-1,0,2698,0,452,0,-452,-452,71241,70789,-0.005565817017608669,-536,-452,84,-0.006384068414345097,-0.005383580080753701,0.0010004883335913957,91cbf09b28810ec190afc902a9088bfb5d631b8fa6abc7008b415a0053997548,1993e2b1d3b21ee367f56e28b4831c568f54a59b2dba9e506ba4ec5cde031482,c5a78394fd30975afc168a22f054c69d7681573fd5aee07d44d01ab28152aeae
woe_scorecard_platform_platt,02:w03_2012m03_m08->w04_2012m04_m09,2,w03_2012m03_m08,w04_2012m04_m09,5,3,4,90040,87174,2866,0.866522684784726,0.8664095376944709,0.8664095376944709,0.866522684784726,-0.00011314709025511682,-1,0,284,0,51,0,-51,-51,77314,77263,-0.0005850368229059123,-61,-51,10,-0.00067747667703243,-0.0005664149266992448,0.00011106175033318525,ef122c8af60b1952e334afa3ff4e2ab56ce203ee32d4aa32adb839299d76953d,6b1cd6998fc1dd851c59b06d056d702cb9a3b83275de81cc5edbb2aaf5b6b58d,25edbd49dccb1d0612e27674c339dfac0247da5841f92f350c01b884fdf70904
woe_scorecard_platform_platt,02:w03_2012m03_m08->w04_2012m04_m09,2,w03_2012m03_m08,w04_2012m04_m09,5,4,5,103102,99960,3142,0.8207075411423037,0.8207075411423037,0.8207075411423037,0.8207075411423037,0.0,0,0,0,0,0,0,0,0,89771,89771,0.0,0,0,0,0.0,0.0,0.0,167ef009085bf5917a96caf8cdc461c2a3aa52855d4560a2ba26f869983c2349,757721f320faf6d5f4ca8a1726eaea66e4959aad441a1b9fc859574cd06d4b66,39b8d9e96c409b0057608ee59d8a28ca1e3266af4778cb529274394f7c2bb167
woe_scorecard_platform_platt,03:w04_2012m04_m09->w05_2012m05_m10,3,w04_2012m04_m09,w05_2012m05_m10,5,0,1,35138,33946,1192,0.05162455662778676,0.0516643738011466,0.05162455662778676,0.0516643738011466,3.981717335983792e-05,1,72,0,64,0,64,0,64,30205,30269,0.0018853473163259293,64,66,2,0.0018213899482042233,0.0018783083840856053,5.691843588138198e-05,f5f634087dc7a526e7f2e4c142dd31e281e42723971fbf38764b55cadbb48120,4ca53d54da7ce3628b3535241935ec7b4b079aeedc4abc9f497ffeb085765ce8,54b2620b112bd194568e0be47659828bbe744a877c08f7fbc22c9e36024f23fb
woe_scorecard_platform_platt,03:w04_2012m04_m09->w05_2012m05_m10,3,w04_2012m04_m09,w05_2012m05_m10,5,1,2,64651,62524,2127,0.08252209378381913,0.082592209115085,0.08252209378381913,0.082592209115085,7.011533126587144e-05,1,208,0,175,0,175,0,175,55690,55865,0.0027989252127183163,175,182,7,0.002706841348161668,0.0028151150020881348,0.00010827365392646673,95720c82c16f1278d0e4197395599c0cac4f0154a69e2397e9ee494d9a49bbdb,c60012dbbe34e3cb2caf5bc4e9a4a5e32402742f857d6fc25a905c4005d806f7,35da7e7cbc26decd2eac017d52dad7285ac26e4bae1b1f9cc88bbd21c37b57e8
woe_scorecard_platform_platt,03:w04_2012m04_m09->w05_2012m05_m10,3,w04_2012m04_m09,w05_2012m05_m10,5,2,3,83959,81210,2749,0.8908550637496875,0.8886831699133111,0.8886831699133111,0.8908550637496875,-0.002171893836376393,-1,0,6533,0,996,0,-996,-996,70789,69793,-0.012264499445881049,-1193,-996,197,-0.0142093164520778,-0.011862933098297978,0.002346383353779821,91cbf09b28810ec190afc902a9088bfb5d631b8fa6abc7008b415a0053997548,1993e2b1d3b21ee367f56e28b4831c568f54a59b2dba9e506ba4ec5cde031482,c5a78394fd30975afc168a22f054c69d7681573fd5aee07d44d01ab28152aeae
woe_scorecard_platform_platt,03:w04_2012m04_m09->w05_2012m05_m10,3,w04_2012m04_m09,w05_2012m05_m10,5,3,4,90040,87174,2866,0.8664095376944709,0.8658020182635762,0.8658020182635762,0.8664095376944709,-0.0006075194308947651,-1,0,1424,0,230,0,-230,-230,77263,77033,-0.002638401358203134,-276,-230,46,-0.003065304309195913,-0.002554420257663261,0.0005108840515326521,ef122c8af60b1952e334afa3ff4e2ab56ce203ee32d4aa32adb839299d76953d,6b1cd6998fc1dd851c59b06d056d702cb9a3b83275de81cc5edbb2aaf5b6b58d,25edbd49dccb1d0612e27674c339dfac0247da5841f92f350c01b884fdf70904
woe_scorecard_platform_platt,03:w04_2012m04_m09->w05_2012m05_m10,3,w04_2012m04_m09,w05_2012m05_m10,5,4,5,103102,99960,3142,0.8207075411423037,0.819701753932392,0.819701753932392,0.8207075411423037,-0.0010057872099117349,-1,0,1096,0,232,0,-232,-232,89771,89539,-0.0023209283713485395,-265,-232,33,-0.0025702702178425248,-0.0022501988322243993,0.00032007138561812576,167ef009085bf5917a96caf8cdc461c2a3aa52855d4560a2ba26f869983c2349,757721f320faf6d5f4ca8a1726eaea66e4959aad441a1b9fc859574cd06d4b66,39b8d9e96c409b0057608ee59d8a28ca1e3266af4778cb529274394f7c2bb167
woe_scorecard_platform_platt,04:w05_2012m05_m10->w06_2012m06_m11,4,w05_2012m05_m10,w06_2012m06_m11,5,0,1,35138,33946,1192,0.0516643738011466,0.0516643738011466,0.0516643738011466,0.0516643738011466,0.0,0,0,0,0,0,0,0,0,30269,30269,0.0,0,0,0,0.0,0.0,0.0,f5f634087dc7a526e7f2e4c142dd31e281e42723971fbf38764b55cadbb48120,4ca53d54da7ce3628b3535241935ec7b4b079aeedc4abc9f497ffeb085765ce8,54b2620b112bd194568e0be47659828bbe744a877c08f7fbc22c9e36024f23fb
woe_scorecard_platform_platt,04:w05_2012m05_m10->w06_2012m06_m11,4,w05_2012m05_m10,w06_2012m06_m11,5,1,2,64651,62524,2127,0.082592209115085,0.08262740301063291,0.082592209115085,0.08262740301063291,3.519389554791641e-05,1,84,0,72,0,72,0,72,55865,55937,0.0011515578018041072,72,75,3,0.0011136718689579435,0.0011600748634978577,4.640299453991431e-05,95720c82c16f1278d0e4197395599c0cac4f0154a69e2397e9ee494d9a49bbdb,c60012dbbe34e3cb2caf5bc4e9a4a5e32402742f857d6fc25a905c4005d806f7,35da7e7cbc26decd2eac017d52dad7285ac26e4bae1b1f9cc88bbd21c37b57e8
woe_scorecard_platform_platt,04:w05_2012m05_m10->w06_2012m06_m11,4,w05_2012m05_m10,w06_2012m06_m11,5,2,3,83959,81210,2749,0.8886831699133111,0.8886418869164812,0.8886418869164812,0.8886831699133111,-4.1282996829927754e-05,-1,0,124,0,21,0,-21,-21,69793,69772,-0.00025858884373845586,-27,-21,6,-0.00032158553579723437,-0.00025012208339784893,7.146345239938541e-05,91cbf09b28810ec190afc902a9088bfb5d631b8fa6abc7008b415a0053997548,1993e2b1d3b21ee367f56e28b4831c568f54a59b2dba9e506ba4ec5cde031482,c5a78394fd30975afc168a22f054c69d7681573fd5aee07d44d01ab28152aeae
woe_scorecard_platform_platt,04:w05_2012m05_m10->w06_2012m06_m11,4,w05_2012m05_m10,w06_2012m06_m11,5,3,4,90040,87174,2866,0.8658020182635762,0.8655770743208384,0.8655770743208384,0.8658020182635762,-0.0002249439427377542,-1,0,523,0,99,0,-99,-99,77033,76934,-0.0011356597150526534,-118,-99,19,-0.001310528653931586,-0.001099511328298534,0.00021101732563305197,ef122c8af60b1952e334afa3ff4e2ab56ce203ee32d4aa32adb839299d76953d,6b1cd6998fc1dd851c59b06d056d702cb9a3b83275de81cc5edbb2aaf5b6b58d,25edbd49dccb1d0612e27674c339dfac0247da5841f92f350c01b884fdf70904
woe_scorecard_platform_platt,04:w05_2012m05_m10->w06_2012m06_m11,4,w05_2012m05_m10,w06_2012m06_m11,5,4,5,103102,99960,3142,0.819701753932392,0.8179061215295095,0.8179061215295095,0.819701753932392,-0.0017956324028824966,-1,0,2052,0,443,0,-443,-443,89539,89096,-0.0044317727090836334,-505,-443,62,-0.004898062113247076,-0.0042967158736009,0.0006013462396461756,167ef009085bf5917a96caf8cdc461c2a3aa52855d4560a2ba26f869983c2349,757721f320faf6d5f4ca8a1726eaea66e4959aad441a1b9fc859574cd06d4b66,39b8d9e96c409b0057608ee59d8a28ca1e3266af4778cb529274394f7c2bb167
woe_scorecard_platform_platt,05:w06_2012m06_m11->w07_2012m07_m12,5,w06_2012m06_m11,w07_2012m07_m12,5,0,1,35138,33946,1192,0.0516643738011466,0.051736983050309826,0.0516643738011466,0.051736983050309826,7.260924916322603e-05,1,126,0,119,0,119,0,119,30269,30388,0.003505567666293525,119,122,3,0.003386646934942228,0.003472024588764301,8.537765382207297e-05,f5f634087dc7a526e7f2e4c142dd31e281e42723971fbf38764b55cadbb48120,4ca53d54da7ce3628b3535241935ec7b4b079aeedc4abc9f497ffeb085765ce8,54b2620b112bd194568e0be47659828bbe744a877c08f7fbc22c9e36024f23fb
woe_scorecard_platform_platt,05:w06_2012m06_m11->w07_2012m07_m12,5,w06_2012m06_m11,w07_2012m07_m12,5,1,2,64651,62524,2127,0.08262740301063291,0.08247319218805824,0.08247319218805824,0.08262740301063291,-0.0001542108225746769,-1,417,0,350,0,-350,0,-350,55937,55587,-0.005597850425436633,-362,-350,12,-0.005599294674482993,-0.005413682696323336,0.00018561197815965724,95720c82c16f1278d0e4197395599c0cac4f0154a69e2397e9ee494d9a49bbdb,c60012dbbe34e3cb2caf5bc4e9a4a5e32402742f857d6fc25a905c4005d806f7,35da7e7cbc26decd2eac017d52dad7285ac26e4bae1b1f9cc88bbd21c37b57e8
woe_scorecard_platform_platt,05:w06_2012m06_m11->w07_2012m07_m12,5,w06_2012m06_m11,w07_2012m07_m12,5,2,3,83959,81210,2749,0.8886418869164812,0.11144523824469009,0.11144523824469009,0.8886418869164812,-0.7771966486717911,-1,371,642,296,101,-296,-101,-397,69772,69375,-0.004888560522103189,-424,-414,10,-0.005050083969556569,-0.004930978215557593,0.00011910575399897569,91cbf09b28810ec190afc902a9088bfb5d631b8fa6abc7008b415a0053997548,1993e2b1d3b21ee367f56e28b4831c568f54a59b2dba9e506ba4ec5cde031482,c5a78394fd30975afc168a22f054c69d7681573fd5aee07d44d01ab28152aeae
woe_scorecard_platform_platt,05:w06_2012m06_m11->w07_2012m07_m12,5,w06_2012m06_m11,w07_2012m07_m12,5,3,4,90040,87174,2866,0.8655770743208384,0.8637891842072416,0.8637891842072416,0.8655770743208384,-0.0017878901135968128,-1,0,4164,0,752,0,-752,-752,76934,76182,-0.008626425310298943,-896,-752,144,-0.0099511328298534,-0.008351843625055531,0.0015992892047978675,ef122c8af60b1952e334afa3ff4e2ab56ce203ee32d4aa32adb839299d76953d,6b1cd6998fc1dd851c59b06d056d702cb9a3b83275de81cc5edbb2aaf5b6b58d,25edbd49dccb1d0612e27674c339dfac0247da5841f92f350c01b884fdf70904
woe_scorecard_platform_platt,05:w06_2012m06_m11->w07_2012m07_m12,5,w06_2012m06_m11,w07_2012m07_m12,5,4,5,103102,99960,3142,0.8179061215295095,0.8155138243109352,0.8155138243109352,0.8179061215295095,-0.0023922972185742575,-1,0,2572,0,544,0,-544,-544,89096,88552,-0.005442176870748299,-618,-544,74,-0.005994064130666718,-0.005276328296250315,0.0007177358344164032,167ef009085bf5917a96caf8cdc461c2a3aa52855d4560a2ba26f869983c2349,757721f320faf6d5f4ca8a1726eaea66e4959aad441a1b9fc859574cd06d4b66,39b8d9e96c409b0057608ee59d8a28ca1e3266af4778cb529274394f7c2bb167
woe_scorecard_platform_platt,06:w07_2012m07_m12->w08_2012m08_2013m01,6,w07_2012m07_m12,w08_2012m08_2013m01,5,0,1,35138,33946,1192,0.051736983050309826,0.05178130863260558,0.051736983050309826,0.05178130863260558,4.432558229575112e-05,1,77,0,70,0,70,0,70,30388,30458,0.002062098627231485,70,71,1,0.0019921452558483693,0.00202060447378906,2.845921794069099e-05,f5f634087dc7a526e7f2e4c142dd31e281e42723971fbf38764b55cadbb48120,4ca53d54da7ce3628b3535241935ec7b4b079aeedc4abc9f497ffeb085765ce8,54b2620b112bd194568e0be47659828bbe744a877c08f7fbc22c9e36024f23fb
woe_scorecard_platform_platt,06:w07_2012m07_m12->w08_2012m08_2013m01,6,w07_2012m07_m12,w08_2012m08_2013m01,5,1,2,64651,62524,2127,0.08247319218805824,0.08232290853665362,0.08232290853665362,0.08247319218805824,-0.00015028365140461186,-1,406,0,348,0,-348,0,-348,55587,55239,-0.0055658627087198514,-363,-348,15,-0.005614762339329632,-0.00538274736663006,0.00023201497269957156,95720c82c16f1278d0e4197395599c0cac4f0154a69e2397e9ee494d9a49bbdb,c60012dbbe34e3cb2caf5bc4e9a4a5e32402742f857d6fc25a905c4005d806f7,35da7e7cbc26decd2eac017d52dad7285ac26e4bae1b1f9cc88bbd21c37b57e8
woe_scorecard_platform_platt,06:w07_2012m07_m12->w08_2012m08_2013m01,6,w07_2012m07_m12,w08_2012m08_2013m01,5,2,3,83959,81210,2749,0.11144523824469009,0.11136772941139148,0.11136772941139148,0.11144523824469009,-7.750883329861458e-05,-1,243,0,198,0,-198,0,-198,69375,69177,-0.002438123383819727,-206,-198,8,-0.0024535785323788993,-0.002358293929179719,9.528460319918055e-05,91cbf09b28810ec190afc902a9088bfb5d631b8fa6abc7008b415a0053997548,1993e2b1d3b21ee367f56e28b4831c568f54a59b2dba9e506ba4ec5cde031482,c5a78394fd30975afc168a22f054c69d7681573fd5aee07d44d01ab28152aeae
woe_scorecard_platform_platt,06:w07_2012m07_m12->w08_2012m08_2013m01,6,w07_2012m07_m12,w08_2012m08_2013m01,5,3,4,90040,87174,2866,0.8637891842072416,0.8623485518747436,0.8623485518747436,0.8637891842072416,-0.0014406323324980264,-1,0,3408,0,585,0,-585,-585,76182,75597,-0.006710716498038406,-675,-585,90,-0.007496668147490004,-0.006497112394491337,0.0009995557529986672,ef122c8af60b1952e334afa3ff4e2ab56ce203ee32d4aa32adb839299d76953d,6b1cd6998fc1dd851c59b06d056d702cb9a3b83275de81cc5edbb2aaf5b6b58d,25edbd49dccb1d0612e27674c339dfac0247da5841f92f350c01b884fdf70904
woe_scorecard_platform_platt,06:w07_2012m07_m12->w08_2012m08_2013m01,6,w07_2012m07_m12,w08_2012m08_2013m01,5,4,5,103102,99960,3142,0.8155138243109352,0.8107571491152097,0.8107571491152097,0.8155138243109352,-0.004756675195725535,-1,0,4601,0,983,0,-983,-983,88552,87569,-0.009833933573429371,-1123,-983,140,-0.010892126243913794,-0.00953424763826114,0.0013578786056526546,167ef009085bf5917a96caf8cdc461c2a3aa52855d4560a2ba26f869983c2349,757721f320faf6d5f4ca8a1726eaea66e4959aad441a1b9fc859574cd06d4b66,39b8d9e96c409b0057608ee59d8a28ca1e3266af4778cb529274394f7c2bb167
woe_scorecard_borrower_platt,00:w01_2012m01_m06->w02_2012m02_m07,0,w01_2012m01_m06,w02_2012m02_m07,5,0,1,39047,37814,1233,0.056278470506400696,0.05626523794205311,0.05626523794205311,0.056278470506400696,-1.3232564347584463e-05,-1,32,0,29,0,-29,0,-29,33595,33566,-0.0007669117258158354,-29,-29,0,-0.0007426947012574589,-0.0007426947012574589,0.0,0b738cdd3c6f1ddccb3e01d5b76ada597ab812c94659554f7f50e6924bce0173,da2ac410961434c6f33b7a6e2c70641c3c8623cee49cffe0095d67121472b00d,0c0649553eab00afd265dfa2db45f1ee6f8a5102a761ffaeb4c88e3efdf41a41
woe_scorecard_borrower_platt,00:w01_2012m01_m06->w02_2012m02_m07,0,w01_2012m01_m06,w02_2012m02_m07,5,1,2,58224,56371,1853,0.08191563265532555,0.08201216472743536,0.08191563265532555,0.08201216472743536,9.653207210981452e-05,1,237,0,196,0,196,0,196,49634,49830,0.003476965106171613,196,203,7,0.003366309425666392,0.0034865347622973345,0.00012022533663094257,f4a36f53d659bea13294e5346a89a5ccf59ee407998cddf918542ef470d78832,ad19ffaf926286a53fe22a5517c0ae16b9f62fad7aa59e0539d0117863350bba,5f4c215f514957b7197e969af57ab34947c008d0c03b08a9e2b4dd1c8fecbe1e
woe_scorecard_borrower_platt,00:w01_2012m01_m06->w02_2012m02_m07,0,w01_2012m01_m06,w02_2012m02_m07,5,2,3,72677,70244,2433,0.8967211272446106,0.896869508626507,0.8967211272446106,0.896869508626507,0.00014838138189643413,1,0,421,0,67,0,67,67,62362,62429,0.000953818119697056,67,75,8,0.0009218872545647179,0.0010319633446619976,0.00011007609009727974,6fb0217045d749045c2b4921a96d00bb2f9e92b8afd38d06ce37f2f860c65c0e,d229ab02a52a6cdd3dfe508874706c5c2163cbb70b02f1f390b090ef9cdae2cc,6bba6873309a77dd0355d065c3c3fa1a8729176f686f3b637908e57bb5d52e18
woe_scorecard_borrower_platt,00:w01_2012m01_m06->w02_2012m02_m07,0,w01_2012m01_m06,w02_2012m02_m07,5,3,4,87156,84389,2767,0.8685932743510872,0.8699044158877978,0.8685932743510872,0.8699044158877978,0.001311141536710525,1,0,2879,0,419,0,419,419,75203,75622,0.0049651020867648625,419,512,93,0.004807471660011933,0.005874523842305751,0.001067052182293818,6c8fd6e95422165cc30a0e4bc0c733919a9a9d647049fcfc09ed427be1ad7634,cbc154638bffd669109c2dbfc3ad3aa1f567a9fb3ba65008306847f9fc4d4ce2,3c01eddd76a862ee062dfd41134591128fd0e5b13d1c6705c2b6eee0916f1e80
woe_scorecard_borrower_platt,00:w01_2012m01_m06->w02_2012m02_m07,0,w01_2012m01_m06,w02_2012m02_m07,5,4,5,119786,115996,3790,0.8157327967164133,0.8151935626412361,0.8151935626412361,0.8157327967164133,-0.0005392340751771973,-1,0,585,0,111,0,-111,-111,104996,104885,-0.0009569295492948032,-125,-111,14,-0.0010435276242632696,-0.0009266525303457833,0.00011687509391748618,3f07ecf7c47ba92f8e1cf8909216e5004f3995246a438e3cbae2fffe96235d47,2143bd491735e2d74b6ec88aed9732e9823d84a5c7fbef6cbc9089081bfc6163,b661e8a616d6c76def29c1fb62018062daedd448d486ab7227edc3824601a022
woe_scorecard_borrower_platt,01:w02_2012m02_m07->w03_2012m03_m08,1,w02_2012m02_m07,w03_2012m03_m08,5,0,1,39047,37814,1233,0.05626523794205311,0.056151779714208136,0.056151779714208136,0.05626523794205311,-0.00011345822784497583,-1,182,0,164,0,-164,0,-164,33566,33402,-0.0043370180356481726,-168,-164,4,-0.004302507234870797,-0.004200066586421492,0.00010244064844930468,0b738cdd3c6f1ddccb3e01d5b76ada597ab812c94659554f7f50e6924bce0173,da2ac410961434c6f33b7a6e2c70641c3c8623cee49cffe0095d67121472b00d,0c0649553eab00afd265dfa2db45f1ee6f8a5102a761ffaeb4c88e3efdf41a41
woe_scorecard_borrower_platt,01:w02_2012m02_m07->w03_2012m03_m08,1,w02_2012m02_m07,w03_2012m03_m08,5,1,2,58224,56371,1853,0.08201216472743536,0.08188511978961184,0.08188511978961184,0.08201216472743536,-0.00012704493782352,-1,315,0,265,0,-265,0,-265,49830,49565,-0.00470099874048713,-273,-265,8,-0.00468878812860676,-0.004551387743885683,0.0001374003847210772,f4a36f53d659bea13294e5346a89a5ccf59ee407998cddf918542ef470d78832,ad19ffaf926286a53fe22a5517c0ae16b9f62fad7aa59e0539d0117863350bba,5f4c215f514957b7197e969af57ab34947c008d0c03b08a9e2b4dd1c8fecbe1e
woe_scorecard_borrower_platt,01:w02_2012m02_m07->w03_2012m03_m08,1,w02_2012m02_m07,w03_2012m03_m08,5,2,3,72677,70244,2433,0.896869508626507,0.896512264438827,0.896512264438827,0.896869508626507,-0.000357244187680017,-1,0,993,0,131,0,-131,-131,62429,62298,-0.0018649279653778258,-166,-131,35,-0.0022840788695185545,-0.0018024959753429558,0.0004815828941755989,6fb0217045d749045c2b4921a96d00bb2f9e92b8afd38d06ce37f2f860c65c0e,d229ab02a52a6cdd3dfe508874706c5c2163cbb70b02f1f390b090ef9cdae2cc,6bba6873309a77dd0355d065c3c3fa1a8729176f686f3b637908e57bb5d52e18
woe_scorecard_borrower_platt,01:w02_2012m02_m07->w03_2012m03_m08,1,w02_2012m02_m07,w03_2012m03_m08,5,3,4,87156,84389,2767,0.8699044158877978,0.8696102851887344,0.8696102851887344,0.8699044158877978,-0.0002941306990633663,-1,0,652,0,108,0,-108,-108,75622,75514,-0.001279787650049177,-124,-108,16,-0.001422736243058424,-0.0012391573729863693,0.0001835788700720547,6c8fd6e95422165cc30a0e4bc0c733919a9a9d647049fcfc09ed427be1ad7634,cbc154638bffd669109c2dbfc3ad3aa1f567a9fb3ba65008306847f9fc4d4ce2,3c01eddd76a862ee062dfd41134591128fd0e5b13d1c6705c2b6eee0916f1e80
woe_scorecard_borrower_platt,01:w02_2012m02_m07->w03_2012m03_m08,1,w02_2012m02_m07,w03_2012m03_m08,5,4,5,119786,115996,3790,0.8151935626412361,0.8157350170065134,0.8151935626412361,0.8157350170065134,0.0005414543652773052,1,0,589,0,111,0,111,111,104885,104996,0.0009569295492948032,111,125,14,0.0009266525303457833,0.0010435276242632696,0.00011687509391748618,3f07ecf7c47ba92f8e1cf8909216e5004f3995246a438e3cbae2fffe96235d47,2143bd491735e2d74b6ec88aed9732e9823d84a5c7fbef6cbc9089081bfc6163,b661e8a616d6c76def29c1fb62018062daedd448d486ab7227edc3824601a022
woe_scorecard_borrower_platt,02:w03_2012m03_m08->w04_2012m04_m09,2,w03_2012m03_m08,w04_2012m04_m09,5,0,1,39047,37814,1233,0.056151779714208136,0.05598548398560349,0.05598548398560349,0.056151779714208136,-0.0001662957286046457,-1,302,0,260,0,-260,0,-260,33402,33142,-0.0068757603004178346,-270,-260,10,-0.006914743770328066,-0.006658642149204804,0.0002561016211232617,0b738cdd3c6f1ddccb3e01d5b76ada597ab812c94659554f7f50e6924bce0173,da2ac410961434c6f33b7a6e2c70641c3c8623cee49cffe0095d67121472b00d,0c0649553eab00afd265dfa2db45f1ee6f8a5102a761ffaeb4c88e3efdf41a41
woe_scorecard_borrower_platt,02:w03_2012m03_m08->w04_2012m04_m09,2,w03_2012m03_m08,w04_2012m04_m09,5,1,2,58224,56371,1853,0.08188511978961184,0.08171461238775335,0.08171461238775335,0.08188511978961184,-0.00017050740185849123,-1,428,0,362,0,-362,0,-362,49565,49203,-0.006421741675684306,-374,-362,12,-0.00642346798571036,-0.006217367408628744,0.00020610057708161583,f4a36f53d659bea13294e5346a89a5ccf59ee407998cddf918542ef470d78832,ad19ffaf926286a53fe22a5517c0ae16b9f62fad7aa59e0539d0117863350bba,5f4c215f514957b7197e969af57ab34947c008d0c03b08a9e2b4dd1c8fecbe1e
woe_scorecard_borrower_platt,02:w03_2012m03_m08->w04_2012m04_m09,2,w03_2012m03_m08,w04_2012m04_m09,5,2,3,72677,70244,2433,0.896512264438827,0.8958041623819291,0.8958041623819291,0.896512264438827,-0.0007081020568979746,-1,0,1937,0,258,0,-258,-258,62298,62040,-0.0036729115654006036,-321,-258,63,-0.00441680311515335,-0.0035499539056372716,0.000866849209516078,6fb0217045d749045c2b4921a96d00bb2f9e92b8afd38d06ce37f2f860c65c0e,d229ab02a52a6cdd3dfe508874706c5c2163cbb70b02f1f390b090ef9cdae2cc,6bba6873309a77dd0355d065c3c3fa1a8729176f686f3b637908e57bb5d52e18
woe_scorecard_borrower_platt,02:w03_2012m03_m08->w04_2012m04_m09,2,w03_2012m03_m08,w04_2012m04_m09,5,3,4,87156,84389,2767,0.8696102851887344,0.8691427808239305,0.8691427808239305,0.8696102851887344,-0.00046750436480391677,-1,0,1032,0,150,0,-150,-150,75514,75364,-0.0017774828472905237,-188,-150,38,-0.0021570517233466427,-0.001721051906925513,0.00043599981642112993,6c8fd6e95422165cc30a0e4bc0c733919a9a9d647049fcfc09ed427be1ad7634,cbc154638bffd669109c2dbfc3ad3aa1f567a9fb3ba65008306847f9fc4d4ce2,3c01eddd76a862ee062dfd41134591128fd0e5b13d1c6705c2b6eee0916f1e80
woe_scorecard_borrower_platt,02:w03_2012m03_m08->w04_2012m04_m09,2,w03_2012m03_m08,w04_2012m04_m09,5,4,5,119786,115996,3790,0.8157350170065134,0.8160345634197681,0.8157350170065134,0.8160345634197681,0.0002995464132546921,1,0,321,0,64,0,64,64,104996,105060,0.0005517431635573641,64,75,11,0.000534286143622794,0.0006261165745579617,9.183043093516771e-05,3f07ecf7c47ba92f8e1cf8909216e5004f3995246a438e3cbae2fffe96235d47,2143bd491735e2d74b6ec88aed9732e9823d84a5c7fbef6cbc9089081bfc6163,b661e8a616d6c76def29c1fb62018062daedd448d486ab7227edc3824601a022
woe_scorecard_borrower_platt,03:w04_2012m04_m09->w05_2012m05_m10,3,w04_2012m04_m09,w05_2012m05_m10,5,0,1,39047,37814,1233,0.05598548398560349,0.05593657673136186,0.05593657673136186,0.05598548398560349,-4.890725424162856e-05,-1,105,0,96,0,-96,0,-96,33142,33046,-0.002538742264769662,-98,-96,2,-0.002509795887007965,-0.0024585755627833123,5.122032422465234e-05,0b738cdd3c6f1ddccb3e01d5b76ada597ab812c94659554f7f50e6924bce0173,da2ac410961434c6f33b7a6e2c70641c3c8623cee49cffe0095d67121472b00d,0c0649553eab00afd265dfa2db45f1ee6f8a5102a761ffaeb4c88e3efdf41a41
woe_scorecard_borrower_platt,03:w04_2012m04_m09->w05_2012m05_m10,3,w04_2012m04_m09,w05_2012m05_m10,5,1,2,58224,56371,1853,0.08171461238775335,0.08163832373006727,0.08163832373006727,0.08171461238775335,-7.628865768607995e-05,-1,191,0,166,0,-166,0,-166,49203,49037,-0.0029447765695126927,-171,-166,5,-0.0029369332234130256,-0.0028510579829623523,8.587524045067326e-05,f4a36f53d659bea13294e5346a89a5ccf59ee407998cddf918542ef470d78832,ad19ffaf926286a53fe22a5517c0ae16b9f62fad7aa59e0539d0117863350bba,5f4c215f514957b7197e969af57ab34947c008d0c03b08a9e2b4dd1c8fecbe1e
woe_scorecard_borrower_platt,03:w04_2012m04_m09->w05_2012m05_m10,3,w04_2012m04_m09,w05_2012m05_m10,5,2,3,72677,70244,2433,0.8958041623819291,0.8946440723920189,0.8946440723920189,0.8958041623819291,-0.0011600899899101291,-1,0,3213,0,518,0,-518,-518,62040,61522,-0.007374295313478731,-631,-518,113,-0.00868225160642294,-0.007127426833798863,0.0015548247726240765,6fb0217045d749045c2b4921a96d00bb2f9e92b8afd38d06ce37f2f860c65c0e,d229ab02a52a6cdd3dfe508874706c5c2163cbb70b02f1f390b090ef9cdae2cc,6bba6873309a77dd0355d065c3c3fa1a8729176f686f3b637908e57bb5d52e18
woe_scorecard_borrower_platt,03:w04_2012m04_m09->w05_2012m05_m10,3,w04_2012m04_m09,w05_2012m05_m10,5,3,4,87156,84389,2767,0.8691427808239305,0.8690455913227577,0.8690455913227577,0.8691427808239305,-9.718950117276748e-05,-1,0,200,0,28,0,-28,-28,75364,75336,-0.00033179679816089776,-34,-28,6,-0.00039010509890311624,-0.00032126302262609573,6.884207627702051e-05,6c8fd6e95422165cc30a0e4bc0c733919a9a9d647049fcfc09ed427be1ad7634,cbc154638bffd669109c2dbfc3ad3aa1f567a9fb3ba65008306847f9fc4d4ce2,3c01eddd76a862ee062dfd41134591128fd0e5b13d1c6705c2b6eee0916f1e80
woe_scorecard_borrower_platt,03:w04_2012m04_m09->w05_2012m05_m10,3,w04_2012m04_m09,w05_2012m05_m10,5,4,5,119786,115996,3790,0.8160345634197681,0.8153107438061385,0.8153107438061385,0.8160345634197681,-0.0007238196136295505,-1,0,801,0,153,0,-153,-153,105060,104907,-0.0013190110003793235,-175,-153,22,-0.0014609386739685773,-0.0012772778120982418,0.00018366086187033542,3f07ecf7c47ba92f8e1cf8909216e5004f3995246a438e3cbae2fffe96235d47,2143bd491735e2d74b6ec88aed9732e9823d84a5c7fbef6cbc9089081bfc6163,b661e8a616d6c76def29c1fb62018062daedd448d486ab7227edc3824601a022
woe_scorecard_borrower_platt,04:w05_2012m05_m10->w06_2012m06_m11,4,w05_2012m05_m10,w06_2012m06_m11,5,0,1,39047,37814,1233,0.05593657673136186,0.05617618516531846,0.05593657673136186,0.05617618516531846,0.00023960843395659515,1,439,0,384,0,384,0,384,33046,33430,0.010154969059078648,384,397,13,0.00983430225113325,0.01016723435859349,0.0003329321074602402,0b738cdd3c6f1ddccb3e01d5b76ada597ab812c94659554f7f50e6924bce0173,da2ac410961434c6f33b7a6e2c70641c3c8623cee49cffe0095d67121472b00d,0c0649553eab00afd265dfa2db45f1ee6f8a5102a761ffaeb4c88e3efdf41a41
woe_scorecard_borrower_platt,04:w05_2012m05_m10->w06_2012m06_m11,4,w05_2012m05_m10,w06_2012m06_m11,5,1,2,58224,56371,1853,0.08163832373006727,0.08177442770429996,0.08163832373006727,0.08177442770429996,0.00013610397423269305,1,337,0,292,0,292,0,292,49037,49329,0.005179968423480158,292,303,11,0.005015114042319318,0.0052040395713108,0.00018892552899148118,f4a36f53d659bea13294e5346a89a5ccf59ee407998cddf918542ef470d78832,ad19ffaf926286a53fe22a5517c0ae16b9f62fad7aa59e0539d0117863350bba,5f4c215f514957b7197e969af57ab34947c008d0c03b08a9e2b4dd1c8fecbe1e
woe_scorecard_borrower_platt,04:w05_2012m05_m10->w06_2012m06_m11,4,w05_2012m05_m10,w06_2012m06_m11,5,2,3,72677,70244,2433,0.8946440723920189,0.8947444535675064,0.8946440723920189,0.8947444535675064,0.00010038117548749614,1,0,287,0,52,0,52,52,61522,61574,0.0007402767496156255,52,62,10,0.0007154945856323184,0.000853089698253918,0.00013759511262159967,6fb0217045d749045c2b4921a96d00bb2f9e92b8afd38d06ce37f2f860c65c0e,d229ab02a52a6cdd3dfe508874706c5c2163cbb70b02f1f390b090ef9cdae2cc,6bba6873309a77dd0355d065c3c3fa1a8729176f686f3b637908e57bb5d52e18
woe_scorecard_borrower_platt,04:w05_2012m05_m10->w06_2012m06_m11,4,w05_2012m05_m10,w06_2012m06_m11,5,3,4,87156,84389,2767,0.8690455913227577,0.8678973635862652,0.8678973635862652,0.8690455913227577,-0.0011482277364924798,-1,0,2530,0,404,0,-404,-404,75336,74932,-0.00478735380203581,-480,-404,76,-0.005507366102161641,-0.004635366469319381,0.0008719996328422599,6c8fd6e95422165cc30a0e4bc0c733919a9a9d647049fcfc09ed427be1ad7634,cbc154638bffd669109c2dbfc3ad3aa1f567a9fb3ba65008306847f9fc4d4ce2,3c01eddd76a862ee062dfd41134591128fd0e5b13d1c6705c2b6eee0916f1e80
woe_scorecard_borrower_platt,04:w05_2012m05_m10->w06_2012m06_m11,4,w05_2012m05_m10,w06_2012m06_m11,5,4,5,119786,115996,3790,0.8153107438061385,0.8127864808444741,0.8127864808444741,0.8153107438061385,-0.002524262961664414,-1,0,2658,0,551,0,-551,-551,104907,104356,-0.004750163798751681,-622,-551,71,-0.005192593458334029,-0.004599869767752492,0.0005927236905815371,3f07ecf7c47ba92f8e1cf8909216e5004f3995246a438e3cbae2fffe96235d47,2143bd491735e2d74b6ec88aed9732e9823d84a5c7fbef6cbc9089081bfc6163,b661e8a616d6c76def29c1fb62018062daedd448d486ab7227edc3824601a022
woe_scorecard_borrower_platt,05:w06_2012m06_m11->w07_2012m07_m12,5,w06_2012m06_m11,w07_2012m07_m12,5,0,1,39047,37814,1233,0.05617618516531846,0.05622695487793511,0.05617618516531846,0.05622695487793511,5.076971261665231e-05,1,77,0,73,0,73,0,73,33430,33503,0.0019305019305019305,73,73,0,0.0018695418341998105,0.0018695418341998105,0.0,0b738cdd3c6f1ddccb3e01d5b76ada597ab812c94659554f7f50e6924bce0173,da2ac410961434c6f33b7a6e2c70641c3c8623cee49cffe0095d67121472b00d,0c0649553eab00afd265dfa2db45f1ee6f8a5102a761ffaeb4c88e3efdf41a41
woe_scorecard_borrower_platt,05:w06_2012m06_m11->w07_2012m07_m12,5,w06_2012m06_m11,w07_2012m07_m12,5,1,2,58224,56371,1853,0.08177442770429996,0.08173580015590597,0.08173580015590597,0.08177442770429996,-3.862754839399629e-05,-1,94,0,83,0,-83,0,-83,49329,49246,-0.0014723882847563464,-85,-83,2,-0.0014598790876614455,-0.0014255289914811761,3.43500961802693e-05,f4a36f53d659bea13294e5346a89a5ccf59ee407998cddf918542ef470d78832,ad19ffaf926286a53fe22a5517c0ae16b9f62fad7aa59e0539d0117863350bba,5f4c215f514957b7197e969af57ab34947c008d0c03b08a9e2b4dd1c8fecbe1e
woe_scorecard_borrower_platt,05:w06_2012m06_m11->w07_2012m07_m12,5,w06_2012m06_m11,w07_2012m07_m12,5,2,3,72677,70244,2433,0.8947444535675064,0.893511369618807,0.893511369618807,0.8947444535675064,-0.001233083948699476,-1,0,3425,0,513,0,-513,-513,61574,61061,-0.007303114856784921,-620,-513,107,-0.00853089698253918,-0.007058629277488063,0.0014722677050511166,6fb0217045d749045c2b4921a96d00bb2f9e92b8afd38d06ce37f2f860c65c0e,d229ab02a52a6cdd3dfe508874706c5c2163cbb70b02f1f390b090ef9cdae2cc,6bba6873309a77dd0355d065c3c3fa1a8729176f686f3b637908e57bb5d52e18
woe_scorecard_borrower_platt,05:w06_2012m06_m11->w07_2012m07_m12,5,w06_2012m06_m11,w07_2012m07_m12,5,3,4,87156,84389,2767,0.8678973635862652,0.8664332183519763,0.8664332183519763,0.8678973635862652,-0.0014641452342889494,-1,0,3197,0,483,0,-483,-483,74932,74449,-0.005723494768275486,-579,-483,96,-0.006643260360732479,-0.005541787140300151,0.0011014732204323282,6c8fd6e95422165cc30a0e4bc0c733919a9a9d647049fcfc09ed427be1ad7634,cbc154638bffd669109c2dbfc3ad3aa1f567a9fb3ba65008306847f9fc4d4ce2,3c01eddd76a862ee062dfd41134591128fd0e5b13d1c6705c2b6eee0916f1e80
woe_scorecard_borrower_platt,05:w06_2012m06_m11->w07_2012m07_m12,5,w06_2012m06_m11,w07_2012m07_m12,5,4,5,119786,115996,3790,0.8127864808444741,0.8076722391544042,0.8076722391544042,0.8127864808444741,-0.0051142416900699095,-1,0,5013,0,1006,0,-1006,-1006,104356,103350,-0.008672712852167317,-1164,-1006,158,-0.009717329237139565,-0.008398310320070794,0.0013190189170687726,3f07ecf7c47ba92f8e1cf8909216e5004f3995246a438e3cbae2fffe96235d47,2143bd491735e2d74b6ec88aed9732e9823d84a5c7fbef6cbc9089081bfc6163,b661e8a616d6c76def29c1fb62018062daedd448d486ab7227edc3824601a022
woe_scorecard_borrower_platt,06:w07_2012m07_m12->w08_2012m08_2013m01,6,w07_2012m07_m12,w08_2012m08_2013m01,5,0,1,39047,37814,1233,0.05622695487793511,0.05624822713342872,0.05622695487793511,0.05624822713342872,2.1272255493608172e-05,1,39,0,36,0,36,0,36,33503,33539,0.0009520283492886233,36,37,1,0.0009219658360437421,0.0009475759981560683,2.561016211232617e-05,0b738cdd3c6f1ddccb3e01d5b76ada597ab812c94659554f7f50e6924bce0173,da2ac410961434c6f33b7a6e2c70641c3c8623cee49cffe0095d67121472b00d,0c0649553eab00afd265dfa2db45f1ee6f8a5102a761ffaeb4c88e3efdf41a41
woe_scorecard_borrower_platt,06:w07_2012m07_m12->w08_2012m08_2013m01,6,w07_2012m07_m12,w08_2012m08_2013m01,5,1,2,58224,56371,1853,0.08173580015590597,0.08163905865680085,0.08163905865680085,0.08173580015590597,-9.674149910511576e-05,-1,241,0,207,0,-207,0,-207,49246,49039,-0.0036721009029465506,-216,-207,9,-0.003709810387469085,-0.003555234954657873,0.00015457543281121187,f4a36f53d659bea13294e5346a89a5ccf59ee407998cddf918542ef470d78832,ad19ffaf926286a53fe22a5517c0ae16b9f62fad7aa59e0539d0117863350bba,5f4c215f514957b7197e969af57ab34947c008d0c03b08a9e2b4dd1c8fecbe1e
woe_scorecard_borrower_platt,06:w07_2012m07_m12->w08_2012m08_2013m01,6,w07_2012m07_m12,w08_2012m08_2013m01,5,2,3,72677,70244,2433,0.893511369618807,0.8925654416058487,0.8925654416058487,0.893511369618807,-0.0009459280129582304,-1,0,2641,0,341,0,-341,-341,61061,60720,-0.004854507146517852,-439,-341,98,-0.006040425444088226,-0.004691993340396549,0.0013484321036916769,6fb0217045d749045c2b4921a96d00bb2f9e92b8afd38d06ce37f2f860c65c0e,d229ab02a52a6cdd3dfe508874706c5c2163cbb70b02f1f390b090ef9cdae2cc,6bba6873309a77dd0355d065c3c3fa1a8729176f686f3b637908e57bb5d52e18
woe_scorecard_borrower_platt,06:w07_2012m07_m12->w08_2012m08_2013m01,6,w07_2012m07_m12,w08_2012m08_2013m01,5,3,4,87156,84389,2767,0.8664332183519763,0.864106904988743,0.864106904988743,0.8664332183519763,-0.002326313363233301,-1,0,5068,0,854,0,-854,-854,74449,73595,-0.01011980234390738,-1011,-854,157,-0.011599889852677956,-0.00979852219009592,0.0018013676625820369,6c8fd6e95422165cc30a0e4bc0c733919a9a9d647049fcfc09ed427be1ad7634,cbc154638bffd669109c2dbfc3ad3aa1f567a9fb3ba65008306847f9fc4d4ce2,3c01eddd76a862ee062dfd41134591128fd0e5b13d1c6705c2b6eee0916f1e80
woe_scorecard_borrower_platt,06:w07_2012m07_m12->w08_2012m08_2013m01,6,w07_2012m07_m12,w08_2012m08_2013m01,5,4,5,119786,115996,3790,0.8076722391544042,0.8011946341431034,0.8011946341431034,0.8076722391544042,-0.006477605011300791,-1,0,5904,0,1200,0,-1200,-1200,103350,102150,-0.010345184316700576,-1376,-1200,176,-0.01148715208789007,-0.010017865192927387,0.0014692868949626834,3f07ecf7c47ba92f8e1cf8909216e5004f3995246a438e3cbae2fffe96235d47,2143bd491735e2d74b6ec88aed9732e9823d84a5c7fbef6cbc9089081bfc6163,b661e8a616d6c76def29c1fb62018062daedd448d486ab7227edc3824601a022
