learner,window_id,taxonomy_groups,conformal_group,alpha,fit_rows,fit_defaults,fit_nondefaults,fit_default_prevalence,finite_sample_rank,boundary_count,boundary_closed_form,phase_margin,frozen_fit_rows,frozen_finite_sample_rank,frozen_threshold,recomputed_threshold,threshold_gap,threshold_below_half,recomputed_residual_below_threshold,recomputed_residual_equal_threshold,recomputed_residual_above_threshold,frozen_residual_below_threshold,frozen_residual_equal_threshold,frozen_residual_above_threshold,recomputed_score_min,recomputed_score_max,frozen_score_min,frozen_score_max,fit_score_max_nondefault,fit_score_max_default,both_classes_nonempty,count_nondefault_score_below_half,count_default_score_above_half,exact_half_criterion_expected,exact_half_criterion_observed,exact_half_criterion_pass,max_score_below_half_condition,phase_margin_half_check_applicable,phase_margin_half_check_pass,no_interleaving_condition,expected_threshold_source_branch,threshold_source_branch,phase_margin_source_check_applicable,phase_margin_source_check_pass,boundary_identity_reconciles,rows_reconcile,rank_reconciles,threshold_reconciles,tie_counts_reconcile,score_extrema_reconcile,rank_bracket_reconciles,cell_reconciles
catboost_platt,w01_2012m01_m06,5,0,0.1,1829,96,1733,0.0524876981957353,1647,182,182,-86,1829,1647,0.0491131879466576,0.0491131879466576,0.0,True,1646,1,182,1646,1,182,0.0097014657668124,0.0502587011726639,0.0097014657668124,0.0502587011726639,0.0502587011726639,0.0498655525568537,True,1733,0,True,True,True,True,True,True,True,nondefault_mirror,nondefault_mirror,True,True,True,True,True,True,True,True,True,True
catboost_platt,w01_2012m01_m06,5,1,0.1,2437,190,2247,0.0779647107098892,2195,242,242,-52,2437,2195,0.0796458969830263,0.0796458969830263,0.0,True,2194,1,242,2194,1,242,0.050290260081801,0.0803650313658699,0.050290260081801,0.0803650313658699,0.0803650313658699,0.0801530559121887,True,2247,0,True,True,True,True,True,True,True,nondefault_mirror,nondefault_mirror,True,True,True,True,True,True,True,True,True,True
catboost_platt,w01_2012m01_m06,5,2,0.1,3249,379,2870,0.1166512773160972,2925,324,324,55,3249,2925,0.8919735883395368,0.8919735883395368,0.0,False,2924,1,324,2924,1,324,0.0803713440212744,0.1118774551473145,0.0803713440212744,0.1118774551473145,0.1118774551473145,0.111862316603227,True,2870,0,False,False,True,True,True,True,True,default_mirror,default_mirror,True,True,True,True,True,True,True,True,True,True
catboost_platt,w01_2012m01_m06,5,3,0.1,3603,556,3047,0.154315847904524,3244,359,359,197,3603,3244,0.8617614186932525,0.8617614186932525,0.0,False,3243,1,359,3243,1,359,0.1118957731833843,0.1532610773953692,0.1118957731833843,0.1532610773953692,0.1532610773953692,0.1532592704631575,True,3047,0,False,False,True,True,True,True,True,default_mirror,default_mirror,True,True,True,True,True,True,True,True,True,True
catboost_platt,w01_2012m01_m06,5,4,0.1,3830,823,3007,0.2148825065274151,3448,382,382,441,3830,3448,0.8095744723631617,0.8095744723631617,0.0,False,3447,1,382,3447,1,382,0.1532638278468384,0.5281745670852075,0.1532638278468384,0.5281745670852075,0.4521968793537455,0.5281745670852075,True,3007,1,False,False,True,False,False,True,True,default_mirror,default_mirror,True,True,True,True,True,True,True,True,True,True
catboost_platt,w02_2012m02_m07,5,0,0.1,1943,97,1846,0.0499227997941327,1750,193,193,-96,1943,1750,0.0490039526461765,0.0490039526461765,0.0,True,1749,1,193,1749,1,193,0.0097014657668124,0.0502587011726639,0.0097014657668124,0.0502587011726639,0.0502587011726639,0.0498655525568537,True,1846,0,True,True,True,True,True,True,True,nondefault_mirror,nondefault_mirror,True,True,True,True,True,True,True,True,True,True
catboost_platt,w02_2012m02_m07,5,1,0.1,2647,217,2430,0.0819795995466566,2384,263,263,-46,2647,2384,0.0797876649605875,0.0797876649605875,0.0,True,2383,1,263,2383,1,263,0.050290260081801,0.080358953595577,0.050290260081801,0.080358953595577,0.080358953595577,0.0801530559121887,True,2430,0,True,True,True,True,True,True,True,nondefault_mirror,nondefault_mirror,True,True,True,True,True,True,True,True,True,True
catboost_platt,w02_2012m02_m07,5,2,0.1,3621,422,3199,0.1165423916045291,3260,361,361,61,3621,3260,0.8920116585417792,0.8920116585417792,0.0,False,3259,1,361,3259,1,361,0.0803713440212744,0.1118889803394425,0.0803713440212744,0.1118889803394425,0.1118774551473145,0.1118889803394425,True,3199,0,False,False,True,True,True,True,True,default_mirror,default_mirror,True,True,True,True,True,True,True,True,True,True
catboost_platt,w02_2012m02_m07,5,3,0.1,4098,661,3437,0.1612981942410932,3690,408,408,253,4098,3690,0.862876020574146,0.862876020574146,0.0,False,3689,1,408,3689,1,408,0.1118957731833843,0.1532610773953692,0.1118957731833843,0.1532610773953692,0.1532610773953692,0.1532592704631575,True,3437,0,False,False,True,True,True,True,True,default_mirror,default_mirror,True,True,True,True,True,True,True,True,True,True
catboost_platt,w02_2012m02_m07,5,4,0.1,4365,951,3414,0.2178694158075601,3930,435,435,516,4365,3930,0.8111630187017316,0.8111630187017316,0.0,False,3929,1,435,3929,1,435,0.1532638278468384,0.4831174891615209,0.1532638278468384,0.4831174891615209,0.4521968793537455,0.4831174891615209,True,3414,0,False,False,True,True,True,True,True,default_mirror,default_mirror,True,True,True,True,True,True,True,True,True,True
catboost_platt,w03_2012m03_m08,5,0,0.1,2182,107,2075,0.0490375802016498,1965,217,217,-110,2182,1965,0.0488154400698228,0.0488154400698228,0.0,True,1964,1,217,1964,1,217,0.0097014657668124,0.0502587011726639,0.0097014657668124,0.0502587011726639,0.0502587011726639,0.0502365920822496,True,2075,0,True,True,True,True,True,True,True,nondefault_mirror,nondefault_mirror,True,True,True,True,True,True,True,True,True,True
catboost_platt,w03_2012m03_m08,5,1,0.1,2931,232,2699,0.0791538723984988,2639,292,292,-60,2931,2639,0.0797095922909728,0.0797095922909728,0.0,True,2638,1,292,2638,1,292,0.050290260081801,0.080358953595577,0.050290260081801,0.080358953595577,0.080358953595577,0.0801576370716758,True,2699,0,True,True,True,True,True,True,True,nondefault_mirror,nondefault_mirror,True,True,True,True,True,True,True,True,True,True
catboost_platt,w03_2012m03_m08,5,2,0.1,4018,458,3560,0.1139870582379293,3618,400,400,58,4018,3618,0.8916085888119072,0.8916085888119072,0.0,False,3617,1,400,3617,1,400,0.0803713440212744,0.1118889803394425,0.0803713440212744,0.1118889803394425,0.1118774551473145,0.1118889803394425,True,3560,0,False,False,True,True,True,True,True,default_mirror,default_mirror,True,True,True,True,True,True,True,True,True,True
catboost_platt,w03_2012m03_m08,5,3,0.1,4806,776,4030,0.1614648356221389,4327,479,479,297,4806,4327,0.863313952320159,0.863313952320159,0.0,False,4326,1,479,4326,1,479,0.1118957731833843,0.1532610773953692,0.1118957731833843,0.1532610773953692,0.1532610773953692,0.1532592704631575,True,4030,0,False,False,True,True,True,True,True,default_mirror,default_mirror,True,True,True,True,True,True,True,True,True,True
catboost_platt,w03_2012m03_m08,5,4,0.1,5112,1116,3996,0.2183098591549295,4602,510,510,606,5112,4602,0.8115631424920364,0.8115631424920364,0.0,False,4601,1,510,4601,1,510,0.1532638278468384,0.4831174891615209,0.1532638278468384,0.4831174891615209,0.4521968793537455,0.4831174891615209,True,3996,0,False,False,True,True,True,True,True,default_mirror,default_mirror,True,True,True,True,True,True,True,True,True,True
catboost_platt,w04_2012m04_m09,5,0,0.1,2320,104,2216,0.0448275862068965,2089,231,231,-127,2320,2089,0.0485356508584787,0.0485356508584787,0.0,True,2088,1,231,2088,1,231,0.0097014657668124,0.0502587011726639,0.0097014657668124,0.0502587011726639,0.0502587011726639,0.0502365920822496,True,2216,0,True,True,True,True,True,True,True,nondefault_mirror,nondefault_mirror,True,True,True,True,True,True,True,True,True,True
catboost_platt,w04_2012m04_m09,5,1,0.1,3199,249,2950,0.0778368240075023,2880,319,319,-70,3199,2880,0.0797876649605875,0.0797876649605875,0.0,True,2879,1,319,2879,1,319,0.050276812744011,0.080358953595577,0.050276812744011,0.080358953595577,0.080358953595577,0.0801576370716758,True,2950,0,True,True,True,True,True,True,True,nondefault_mirror,nondefault_mirror,True,True,True,True,True,True,True,True,True,True
catboost_platt,w04_2012m04_m09,5,2,0.1,4511,496,4015,0.1099534471292396,4061,450,450,46,4511,4061,0.890281077239412,0.890281077239412,0.0,False,4060,1,450,4060,1,450,0.0803713440212744,0.1118889803394425,0.0803713440212744,0.1118889803394425,0.1118774551473145,0.1118889803394425,True,4015,0,False,False,True,True,True,True,True,default_mirror,default_mirror,True,True,True,True,True,True,True,True,True,True
catboost_platt,w04_2012m04_m09,5,3,0.1,5643,906,4737,0.1605528973950026,5080,563,563,343,5643,5080,0.8624583885207028,0.8624583885207028,0.0,False,5079,1,563,5079,1,563,0.1118943482058926,0.1532610773953692,0.1118943482058926,0.1532610773953692,0.1532610773953692,0.1532592704631575,True,4737,0,False,False,True,True,True,True,True,default_mirror,default_mirror,True,True,True,True,True,True,True,True,True,True
catboost_platt,w04_2012m04_m09,5,4,0.1,6094,1320,4774,0.2166064981949458,5486,608,608,712,6094,5486,0.8127065501276763,0.8127065501276763,0.0,False,5485,1,608,5485,1,608,0.1532638278468384,0.4831174891615209,0.1532638278468384,0.4831174891615209,0.4492655501151448,0.4831174891615209,True,4774,0,False,False,True,True,True,True,True,default_mirror,default_mirror,True,True,True,True,True,True,True,True,True,True
catboost_platt,w05_2012m05_m10,5,0,0.1,2456,115,2341,0.0468241042345276,2212,244,244,-129,2456,2212,0.0484384683655253,0.0484384683655253,0.0,True,2211,1,244,2211,1,244,0.0093712170519906,0.0502587011726639,0.0093712170519906,0.0502587011726639,0.0502587011726639,0.0502365920822496,True,2341,0,True,True,True,True,True,True,True,nondefault_mirror,nondefault_mirror,True,True,True,True,True,True,True,True,True,True
catboost_platt,w05_2012m05_m10,5,1,0.1,3483,269,3214,0.0772322710307206,3136,347,347,-78,3483,3136,0.0797867363162015,0.0797867363162015,0.0,True,3135,1,347,3135,1,347,0.050276812744011,0.080358953595577,0.050276812744011,0.080358953595577,0.080358953595577,0.0801576370716758,True,3214,0,True,True,True,True,True,True,True,nondefault_mirror,nondefault_mirror,True,True,True,True,True,True,True,True,True,True
catboost_platt,w05_2012m05_m10,5,2,0.1,5001,533,4468,0.1065786842631473,4502,499,499,34,5001,4502,0.8894148014498154,0.8894148014498154,0.0,False,4501,1,499,4501,1,499,0.0803713440212744,0.1118889803394425,0.0803713440212744,0.1118889803394425,0.1118822972710683,0.1118889803394425,True,4468,0,False,False,True,True,True,True,True,default_mirror,default_mirror,True,True,True,True,True,True,True,True,True,True
catboost_platt,w05_2012m05_m10,5,3,0.1,6360,1011,5349,0.1589622641509434,5725,635,635,376,6360,5725,0.8616959042825142,0.8616959042825142,0.0,False,5724,1,635,5724,1,635,0.1118943482058926,0.1532592704631575,0.1118943482058926,0.1532592704631575,0.1532582305906117,0.1532592704631575,True,5349,0,False,False,True,True,True,True,True,default_mirror,default_mirror,True,True,True,True,True,True,True,True,True,True
catboost_platt,w05_2012m05_m10,5,4,0.1,6970,1464,5506,0.2100430416068866,6274,696,696,768,6970,6274,0.8124732989633325,0.8124732989633325,0.0,False,6273,1,696,6273,1,696,0.1532638278468384,0.4831174891615209,0.1532638278468384,0.4831174891615209,0.4492655501151448,0.4831174891615209,True,5506,0,False,False,True,True,True,True,True,default_mirror,default_mirror,True,True,True,True,True,True,True,True,True,True
catboost_platt,w06_2012m06_m11,5,0,0.1,2551,116,2435,0.0454723637789102,2297,254,254,-138,2551,2297,0.0484668814087071,0.0484668814087071,0.0,True,2296,1,254,2296,1,254,0.009275781579087,0.0502440148351461,0.009275781579087,0.0502440148351461,0.0502440148351461,0.0502365920822496,True,2435,0,True,True,True,True,True,True,True,nondefault_mirror,nondefault_mirror,True,True,True,True,True,True,True,True,True,True
catboost_platt,w06_2012m06_m11,5,1,0.1,3783,300,3483,0.0793021411578112,3406,377,377,-77,3783,3406,0.0798440797007135,0.0798440797007135,0.0,True,3405,1,377,3405,1,377,0.050276812744011,0.0803627676778142,0.050276812744011,0.0803627676778142,0.0803627676778142,0.0801576370716758,True,3483,0,True,True,True,True,True,True,True,nondefault_mirror,nondefault_mirror,True,True,True,True,True,True,True,True,True,True
catboost_platt,w06_2012m06_m11,5,2,0.1,5502,579,4923,0.1052344601962922,4953,549,549,30,5502,4953,0.8892521057704302,0.8892521057704302,0.0,False,4952,1,549,4952,1,549,0.0803713440212744,0.1118889803394425,0.0803713440212744,0.1118889803394425,0.1118832525211423,0.1118889803394425,True,4923,0,False,False,True,True,True,True,True,default_mirror,default_mirror,True,True,True,True,True,True,True,True,True,True
catboost_platt,w06_2012m06_m11,5,3,0.1,7126,1119,6007,0.1570305921975863,6415,711,711,408,7126,6415,0.8612148729915213,0.8612148729915213,0.0,False,6414,1,711,6414,1,711,0.1118943482058926,0.1532608687797542,0.1118943482058926,0.1532608687797542,0.1532608687797542,0.1532592704631575,True,6007,0,False,False,True,True,True,True,True,default_mirror,default_mirror,True,True,True,True,True,True,True,True,True,True
catboost_platt,w06_2012m06_m11,5,4,0.1,7723,1571,6152,0.2034183607406448,6952,771,771,800,7723,6952,0.8119678361988626,0.8119678361988626,0.0,False,6951,1,771,6951,1,771,0.1532699904769691,0.4831174891615209,0.1532699904769691,0.4831174891615209,0.4492655501151448,0.4831174891615209,True,6152,0,False,False,True,True,True,True,True,default_mirror,default_mirror,True,True,True,True,True,True,True,True,True,True
catboost_platt,w07_2012m07_m12,5,0,0.1,2733,121,2612,0.044273691913648,2461,272,272,-151,2733,2461,0.0484805012938176,0.0484805012938176,0.0,True,2460,1,272,2460,1,272,0.009275781579087,0.0502440148351461,0.009275781579087,0.0502440148351461,0.0502440148351461,0.0502365920822496,True,2612,0,True,True,True,True,True,True,True,nondefault_mirror,nondefault_mirror,True,True,True,True,True,True,True,True,True,True
catboost_platt,w07_2012m07_m12,5,1,0.1,4268,318,3950,0.0745079662605435,3843,425,425,-107,4268,3843,0.0797397671541154,0.0797397671541154,0.0,True,3842,1,425,3842,1,425,0.050276812744011,0.0803627676778142,0.050276812744011,0.0803627676778142,0.0803627676778142,0.0801576370716758,True,3950,0,True,True,True,True,True,True,True,nondefault_mirror,nondefault_mirror,True,True,True,True,True,True,True,True,True,True
catboost_platt,w07_2012m07_m12,5,2,0.1,5929,603,5326,0.1017034913138809,5337,592,592,11,5929,5337,0.8884345991499274,0.8884345991499274,0.0,False,5336,1,592,5336,1,592,0.0803832856060484,0.1118889803394425,0.0803832856060484,0.1118889803394425,0.1118832525211423,0.1118889803394425,True,5326,0,False,False,True,True,True,True,True,default_mirror,default_mirror,True,True,True,True,True,True,True,True,True,True
catboost_platt,w07_2012m07_m12,5,3,0.1,7430,1118,6312,0.1504710632570659,6688,742,742,376,7430,6688,0.8604327334944422,0.8604327334944422,0.0,False,6687,1,742,6687,1,742,0.1118943482058926,0.1532608687797542,0.1118943482058926,0.1532608687797542,0.1532608687797542,0.1532588386786363,True,6312,0,False,False,True,True,True,True,True,default_mirror,default_mirror,True,True,True,True,True,True,True,True,True,True
catboost_platt,w07_2012m07_m12,5,4,0.1,8051,1604,6447,0.1992299093280337,7247,804,804,800,8051,7247,0.8109305281057975,0.8109305281057975,0.0,False,7246,1,804,7246,1,804,0.1532699904769691,0.4934565690241365,0.1532699904769691,0.4934565690241365,0.4934565690241365,0.4831174891615209,True,6447,0,False,False,True,True,True,True,True,default_mirror,default_mirror,True,True,True,True,True,True,True,True,True,True
catboost_platt,w08_2012m08_2013m01,5,0,0.1,2847,132,2715,0.0463645943097997,2564,283,283,-151,2847,2564,0.0486584140925409,0.0486584140925409,0.0,True,2563,1,283,2563,1,283,0.009275781579087,0.050247584324199,0.009275781579087,0.050247584324199,0.050247584324199,0.0502365920822496,True,2715,0,True,True,True,True,True,True,True,nondefault_mirror,nondefault_mirror,True,True,True,True,True,True,True,True,True,True
catboost_platt,w08_2012m08_2013m01,5,1,0.1,4572,324,4248,0.0708661417322834,4116,456,456,-132,4572,4116,0.0796435411922613,0.0796435411922613,0.0,True,4115,1,456,4115,1,456,0.050276812744011,0.0803627676778142,0.050276812744011,0.0803627676778142,0.0803627676778142,0.0801576370716758,True,4248,0,True,True,True,True,True,True,True,nondefault_mirror,nondefault_mirror,True,True,True,True,True,True,True,True,True,True
catboost_platt,w08_2012m08_2013m01,5,2,0.1,6238,606,5632,0.0971465213209362,5616,622,622,-16,6238,5616,0.1118010883671265,0.1118010883671265,0.0,True,5615,1,622,5615,1,622,0.080372700837764,0.1118832525211423,0.080372700837764,0.1118832525211423,0.1118832525211423,0.1118412439715225,True,5632,0,True,True,True,True,True,True,True,nondefault_mirror,nondefault_mirror,True,True,True,True,True,True,True,True,True,True
catboost_platt,w08_2012m08_2013m01,5,3,0.1,7820,1129,6691,0.1443734015345268,7039,781,781,348,7820,7039,0.8592335766105592,0.8592335766105592,0.0,False,7038,1,781,7038,1,781,0.1118943482058926,0.1532608687797542,0.1118943482058926,0.1532608687797542,0.1532608687797542,0.1532588386786363,True,6691,0,False,False,True,True,True,True,True,default_mirror,default_mirror,True,True,True,True,True,True,True,True,True,True
catboost_platt,w08_2012m08_2013m01,5,4,0.1,8652,1654,6998,0.191169671752196,7788,864,864,790,8652,7788,0.8061960123826506,0.8061960123826506,0.0,False,7787,1,864,7787,1,864,0.1532699904769691,0.4934565690241365,0.1532699904769691,0.4934565690241365,0.4934565690241365,0.4305992141892783,True,6998,0,False,False,True,True,True,True,True,default_mirror,default_mirror,True,True,True,True,True,True,True,True,True,True
numeric_logistic_platt,w01_2012m01_m06,5,0,0.1,1626,70,1556,0.043050430504305,1465,161,161,-91,1626,1465,0.0558455068891937,0.0558455068891937,0.0,True,1464,1,161,1464,1,161,0.0023860243811882,0.0568475497617715,0.0023860243811882,0.0568475497617715,0.0568475497617715,0.0568265624771463,True,1556,0,True,True,True,True,True,True,True,nondefault_mirror,nondefault_mirror,True,True,True,True,True,True,True,True,True,True
numeric_logistic_platt,w01_2012m01_m06,5,1,0.1,2452,200,2252,0.0815660685154975,2208,244,244,-44,2452,2208,0.0810087084692815,0.0810087084692815,0.0,True,2207,1,244,2207,1,244,0.0568589986191353,0.0813823178606611,0.0568589986191353,0.0813823178606611,0.0813823178606611,0.0813808249740199,True,2252,0,True,True,True,True,True,True,True,nondefault_mirror,nondefault_mirror,True,True,True,True,True,True,True,True,True,True
numeric_logistic_platt,w01_2012m01_m06,5,2,0.1,2724,309,2415,0.1134361233480176,2453,271,271,38,2724,2453,0.8954712290162469,0.8954712290162469,0.0,False,2452,1,271,2452,1,271,0.081389138945861,0.1079253397070166,0.081389138945861,0.1079253397070166,0.1079253397070166,0.1077988236199541,True,2415,0,False,False,True,True,True,True,True,default_mirror,default_mirror,True,True,True,True,True,True,True,True,True,True
numeric_logistic_platt,w01_2012m01_m06,5,3,0.1,3497,501,2996,0.1432656562768087,3149,348,348,153,3497,3149,0.8649328079682392,0.8649328079682392,0.0,False,3148,1,348,3148,1,348,0.1079710884784932,0.147384130448722,0.1079710884784932,0.147384130448722,0.147384130448722,0.1473086686022943,True,2996,0,False,False,True,True,True,True,True,default_mirror,default_mirror,True,True,True,True,True,True,True,True,True,True
numeric_logistic_platt,w01_2012m01_m06,5,4,0.1,4649,964,3685,0.207356420735642,4185,464,464,500,4649,4185,0.8080294405623234,0.8080294405623234,0.0,False,4184,1,464,4184,1,464,0.1474080565028807,0.4387428023626731,0.1474080565028807,0.4387428023626731,0.4387428023626731,0.4182575333489753,True,3685,0,False,False,True,True,True,True,True,default_mirror,default_mirror,True,True,True,True,True,True,True,True,True,True
numeric_logistic_platt,w02_2012m02_m07,5,0,0.1,1712,73,1639,0.0426401869158878,1542,170,170,-97,1712,1542,0.0558035349604413,0.0558035349604413,0.0,True,1541,1,170,1541,1,170,0.0023860243811882,0.0568475497617715,0.0023860243811882,0.0568475497617715,0.0568475497617715,0.0568265624771463,True,1639,0,True,True,True,True,True,True,True,nondefault_mirror,nondefault_mirror,True,True,True,True,True,True,True,True,True,True
numeric_logistic_platt,w02_2012m02_m07,5,1,0.1,2585,206,2379,0.0796905222437137,2328,257,257,-51,2585,2328,0.0809745020827268,0.0809745020827268,0.0,True,2327,1,257,2327,1,257,0.0568589986191353,0.0813808249740199,0.0568589986191353,0.0813808249740199,0.0813783271616888,0.0813808249740199,True,2379,0,True,True,True,True,True,True,True,nondefault_mirror,nondefault_mirror,True,True,True,True,True,True,True,True,True,True
numeric_logistic_platt,w02_2012m02_m07,5,2,0.1,2960,345,2615,0.116554054054054,2665,295,295,50,2960,2665,0.89610165568957,0.89610165568957,0.0,False,2664,1,295,2664,1,295,0.081389138945861,0.1079632103028048,0.081389138945861,0.1079632103028048,0.1079632103028048,0.1077988236199541,True,2615,0,False,False,True,True,True,True,True,default_mirror,default_mirror,True,True,True,True,True,True,True,True,True,True
numeric_logistic_platt,w02_2012m02_m07,5,3,0.1,3925,571,3354,0.1454777070063694,3534,391,391,180,3925,3534,0.8647243677720748,0.8647243677720748,0.0,False,3533,1,391,3533,1,391,0.1079710884784932,0.1473890198357532,0.1079710884784932,0.1473890198357532,0.147384130448722,0.1473890198357532,True,3354,0,False,False,True,True,True,True,True,default_mirror,default_mirror,True,True,True,True,True,True,True,True,True,True
numeric_logistic_platt,w02_2012m02_m07,5,4,0.1,5492,1153,4339,0.2099417334304442,4944,548,548,605,5492,4944,0.8063208460322784,0.8063208460322784,0.0,False,4943,1,548,4943,1,548,0.1474080565028807,0.4387428023626731,0.1474080565028807,0.4387428023626731,0.4387428023626731,0.4182575333489753,True,4339,0,False,False,True,True,True,True,True,default_mirror,default_mirror,True,True,True,True,True,True,True,True,True,True
numeric_logistic_platt,w03_2012m03_m08,5,0,0.1,1945,80,1865,0.0411311053984575,1752,193,193,-113,1945,1752,0.0557623096810253,0.0557623096810253,0.0,True,1751,1,193,1751,1,193,0.0023860243811882,0.0568475497617715,0.0023860243811882,0.0568475497617715,0.0568475497617715,0.0568265624771463,True,1865,0,True,True,True,True,True,True,True,nondefault_mirror,nondefault_mirror,True,True,True,True,True,True,True,True,True,True
numeric_logistic_platt,w03_2012m03_m08,5,1,0.1,2758,205,2553,0.0743292240754169,2484,274,274,-69,2758,2484,0.0809073660956201,0.0809073660956201,0.0,True,2483,1,274,2483,1,274,0.0568652044548206,0.0813808249740199,0.0568652044548206,0.0813808249740199,0.0813783271616888,0.0813808249740199,True,2553,0,True,True,True,True,True,True,True,nondefault_mirror,nondefault_mirror,True,True,True,True,True,True,True,True,True,True
numeric_logistic_platt,w03_2012m03_m08,5,2,0.1,3252,366,2886,0.1125461254612546,2928,324,324,42,3252,2928,0.8958192511745544,0.8958192511745544,0.0,False,2927,1,324,2927,1,324,0.0813892106624145,0.1079632103028048,0.0813892106624145,0.1079632103028048,0.1079632103028048,0.1075623168274405,True,2886,0,False,False,True,True,True,True,True,default_mirror,default_mirror,True,True,True,True,True,True,True,True,True,True
numeric_logistic_platt,w03_2012m03_m08,5,3,0.1,4515,663,3852,0.146843853820598,4065,450,450,213,4515,4065,0.8655596934660833,0.8655596934660833,0.0,False,4064,1,450,4064,1,450,0.1079972449056036,0.1473890198357532,0.1079972449056036,0.1473890198357532,0.147384130448722,0.1473890198357532,True,3852,0,False,False,True,True,True,True,True,default_mirror,default_mirror,True,True,True,True,True,True,True,True,True,True
numeric_logistic_platt,w03_2012m03_m08,5,4,0.1,6579,1375,5204,0.2089983280133759,5922,657,657,718,6579,5922,0.8058713502545035,0.8058713502545035,0.0,False,5921,1,657,5921,1,657,0.1474080565028807,0.4387428023626731,0.1474080565028807,0.4387428023626731,0.4387428023626731,0.4082429080215962,True,5204,0,False,False,True,True,True,True,True,default_mirror,default_mirror,True,True,True,True,True,True,True,True,True,True
numeric_logistic_platt,w04_2012m04_m09,5,0,0.1,2062,83,1979,0.0402521823472356,1857,205,205,-122,2062,1857,0.0556807020199895,0.0556807020199895,0.0,True,1856,1,205,1856,1,205,0.0023860243811882,0.0568552318346391,0.0023860243811882,0.0568552318346391,0.0568552318346391,0.0564040235215929,True,1979,0,True,True,True,True,True,True,True,nondefault_mirror,nondefault_mirror,True,True,True,True,True,True,True,True,True,True
numeric_logistic_platt,w04_2012m04_m09,5,1,0.1,2940,200,2740,0.0680272108843537,2647,293,293,-93,2940,2647,0.0807050090863365,0.0807050090863365,0.0,True,2646,1,293,2646,1,293,0.0568700636263546,0.0813783271616888,0.0568700636263546,0.0813783271616888,0.0813783271616888,0.0813782814325432,True,2740,0,True,True,True,True,True,True,True,nondefault_mirror,nondefault_mirror,True,True,True,True,True,True,True,True,True,True
numeric_logistic_platt,w04_2012m04_m09,5,2,0.1,3594,391,3203,0.1087924318308291,3236,358,358,33,3594,3236,0.8947818688022484,0.8947818688022484,0.0,False,3235,1,358,3235,1,358,0.0813892106624145,0.1079632103028048,0.0813892106624145,0.1079632103028048,0.1079632103028048,0.107590904256525,True,3203,0,False,False,True,True,True,True,True,default_mirror,default_mirror,True,True,True,True,True,True,True,True,True,True
numeric_logistic_platt,w04_2012m04_m09,5,3,0.1,5235,748,4487,0.1428844317096466,4713,522,522,226,5235,4713,0.8645731565389918,0.8645731565389918,0.0,False,4712,1,522,4712,1,522,0.1079972449056036,0.1473890198357532,0.1079972449056036,0.1473890198357532,0.147384130448722,0.1473890198357532,True,4487,0,False,False,True,True,True,True,True,default_mirror,default_mirror,True,True,True,True,True,True,True,True,True,True
numeric_logistic_platt,w04_2012m04_m09,5,4,0.1,7936,1653,6283,0.2082913306451612,7144,792,792,861,7936,7144,0.8056165785472097,0.8056165785472097,0.0,False,7143,1,792,7143,1,792,0.1474080565028807,0.4387428023626731,0.1474080565028807,0.4387428023626731,0.4387428023626731,0.4082429080215962,True,6283,0,False,False,True,True,True,True,True,default_mirror,default_mirror,True,True,True,True,True,True,True,True,True,True
numeric_logistic_platt,w05_2012m05_m10,5,0,0.1,2151,101,2050,0.0469549046954904,1937,214,214,-113,2151,1937,0.0557893961188405,0.0557893961188405,0.0,True,1936,1,214,1936,1,214,0.0023860243811882,0.0568552318346391,0.0023860243811882,0.0568552318346391,0.0568552318346391,0.0567290269673448,True,2050,0,True,True,True,True,True,True,True,nondefault_mirror,nondefault_mirror,True,True,True,True,True,True,True,True,True,True
numeric_logistic_platt,w05_2012m05_m10,5,1,0.1,3070,212,2858,0.0690553745928338,2764,306,306,-94,3070,2764,0.0807085321606214,0.0807085321606214,0.0,True,2763,1,306,2763,1,306,0.0568700636263546,0.0813783271616888,0.0568700636263546,0.0813783271616888,0.0813783271616888,0.0813782814325432,True,2858,0,True,True,True,True,True,True,True,nondefault_mirror,nondefault_mirror,True,True,True,True,True,True,True,True,True,True
numeric_logistic_platt,w05_2012m05_m10,5,2,0.1,3987,412,3575,0.1033358414848256,3590,397,397,15,3987,3590,0.89330390881681,0.89330390881681,0.0,False,3589,1,397,3589,1,397,0.0813892106624145,0.1079632103028048,0.0813892106624145,0.1079632103028048,0.1079632103028048,0.1078791432223428,True,3575,0,False,False,True,True,True,True,True,default_mirror,default_mirror,True,True,True,True,True,True,True,True,True,True
numeric_logistic_platt,w05_2012m05_m10,5,3,0.1,5907,801,5106,0.1356018283392585,5318,589,589,212,5907,5318,0.8633439810939889,0.8633439810939889,0.0,False,5317,1,589,5317,1,589,0.1079911548931125,0.1473890198357532,0.1079911548931125,0.1473890198357532,0.147384130448722,0.1473890198357532,True,5106,0,False,False,True,True,True,True,True,default_mirror,default_mirror,True,True,True,True,True,True,True,True,True,True
numeric_logistic_platt,w05_2012m05_m10,5,4,0.1,9155,1866,7289,0.2038230475150191,8241,914,914,952,9155,8241,0.8048975884461733,0.8048975884461733,0.0,False,8240,1,914,8240,1,914,0.1474080565028807,0.4387428023626731,0.1474080565028807,0.4387428023626731,0.4387428023626731,0.4247429781901941,True,7289,0,False,False,True,True,True,True,True,default_mirror,default_mirror,True,True,True,True,True,True,True,True,True,True
numeric_logistic_platt,w06_2012m06_m11,5,0,0.1,2160,103,2057,0.0476851851851851,1945,215,215,-112,2160,1945,0.0558073347454651,0.0558073347454651,0.0,True,1944,1,215,1944,1,215,0.0023860243811882,0.0568552318346391,0.0023860243811882,0.0568552318346391,0.0568552318346391,0.0567359899894031,True,2057,0,True,True,True,True,True,True,True,nondefault_mirror,nondefault_mirror,True,True,True,True,True,True,True,True,True,True
numeric_logistic_platt,w06_2012m06_m11,5,1,0.1,3184,231,2953,0.0725502512562814,2867,317,317,-86,3184,2867,0.0808002068916298,0.0808002068916298,0.0,True,2866,1,317,2866,1,317,0.0568561773637558,0.0813783271616888,0.0568561773637558,0.0813783271616888,0.0813783271616888,0.0813782814325432,True,2953,0,True,True,True,True,True,True,True,nondefault_mirror,nondefault_mirror,True,True,True,True,True,True,True,True,True,True
numeric_logistic_platt,w06_2012m06_m11,5,2,0.1,4335,443,3892,0.1021914648212226,3903,432,432,11,4335,3903,0.8928429613469422,0.8928429613469422,0.0,False,3902,1,432,3902,1,432,0.0813892106624145,0.1079632103028048,0.0813892106624145,0.1079632103028048,0.1079632103028048,0.1079112967922381,True,3892,0,False,False,True,True,True,True,True,default_mirror,default_mirror,True,True,True,True,True,True,True,True,True,True
numeric_logistic_platt,w06_2012m06_m11,5,3,0.1,6610,860,5750,0.1301059001512859,5950,660,660,200,6610,5950,0.8615126151660237,0.8615126151660237,0.0,False,5949,1,660,5949,1,660,0.1079842228324619,0.1473961441945607,0.1079842228324619,0.1473961441945607,0.1473961441945607,0.1473890198357532,True,5750,0,False,False,True,True,True,True,True,default_mirror,default_mirror,True,True,True,True,True,True,True,True,True,True
numeric_logistic_platt,w06_2012m06_m11,5,4,0.1,10396,2048,8348,0.1969988457098884,9358,1038,1038,1010,10396,9358,0.8023477375876491,0.8023477375876491,0.0,False,9357,1,1038,9357,1,1038,0.1474113688420504,0.4332252531052687,0.1474113688420504,0.4332252531052687,0.4332252531052687,0.4247429781901941,True,8348,0,False,False,True,True,True,True,True,default_mirror,default_mirror,True,True,True,True,True,True,True,True,True,True
numeric_logistic_platt,w07_2012m07_m12,5,0,0.1,2122,104,2018,0.0490103675777568,1911,211,211,-107,2122,1911,0.0557164094567131,0.0557164094567131,0.0,True,1910,1,211,1910,1,211,0.0002632148143838,0.0568552318346391,0.0002632148143838,0.0568552318346391,0.0568552318346391,0.0567359899894031,True,2018,0,True,True,True,True,True,True,True,nondefault_mirror,nondefault_mirror,True,True,True,True,True,True,True,True,True,True
numeric_logistic_platt,w07_2012m07_m12,5,1,0.1,3332,226,3106,0.0678271308523409,3000,332,332,-106,3332,3000,0.0807156622296755,0.0807156622296755,0.0,True,2999,1,332,2999,1,332,0.0568561773637558,0.0813782814325432,0.0568561773637558,0.0813782814325432,0.0813747543622041,0.0813782814325432,True,3106,0,True,True,True,True,True,True,True,nondefault_mirror,nondefault_mirror,True,True,True,True,True,True,True,True,True,True
numeric_logistic_platt,w07_2012m07_m12,5,2,0.1,4645,444,4201,0.0955866523143164,4182,463,463,-19,4645,4182,0.107864252044333,0.107864252044333,0.0,True,4181,1,463,4181,1,463,0.0813892106624145,0.1079642904251495,0.0813892106624145,0.1079642904251495,0.1079642904251495,0.1079630028443355,True,4201,0,True,True,True,True,True,True,True,nondefault_mirror,nondefault_mirror,True,True,True,True,True,True,True,True,True,True
numeric_logistic_platt,w07_2012m07_m12,5,3,0.1,7070,867,6203,0.1226308345120226,6364,706,706,161,7070,6364,0.8600412333216553,0.8600412333216553,0.0,False,6363,1,706,6363,1,706,0.1079842228324619,0.1473961441945607,0.1079842228324619,0.1473961441945607,0.1473961441945607,0.1473890198357532,True,6203,0,False,False,True,True,True,True,True,default_mirror,default_mirror,True,True,True,True,True,True,True,True,True,True
numeric_logistic_platt,w07_2012m07_m12,5,4,0.1,11242,2123,9119,0.1888454011741683,10119,1123,1123,1000,11242,10119,0.7990143068958951,0.7990143068958951,0.0,False,10118,1,1123,10118,1,1123,0.1474113688420504,0.9937191448732018,0.1474113688420504,0.9937191448732018,0.9937191448732018,0.6186608930455868,True,9117,1,False,False,True,False,False,True,False,condition_not_met,condition_not_met,False,True,True,True,True,True,True,True,True,True
numeric_logistic_platt,w08_2012m08_2013m01,5,0,0.1,2116,107,2009,0.0505671077504725,1906,210,210,-103,2116,1906,0.0557368200356067,0.0557368200356067,0.0,True,1905,1,210,1905,1,210,1.0309719899645506e-06,0.0568552318346391,1.0309719899645506e-06,0.0568552318346391,0.0568552318346391,0.0567359899894031,True,2009,0,True,True,True,True,True,True,True,nondefault_mirror,nondefault_mirror,True,True,True,True,True,True,True,True,True,True
numeric_logistic_platt,w08_2012m08_2013m01,5,1,0.1,3363,213,3150,0.063336306868867,3028,335,335,-122,3363,3028,0.0806767179867205,0.0806767179867205,0.0,True,3027,1,335,3027,1,335,0.0568561773637558,0.0813793348480352,0.0568561773637558,0.0813793348480352,0.0813793348480352,0.0813782814325432,True,3150,0,True,True,True,True,True,True,True,nondefault_mirror,nondefault_mirror,True,True,True,True,True,True,True,True,True,True
numeric_logistic_platt,w08_2012m08_2013m01,5,2,0.1,4765,412,4353,0.0864637985309548,4290,475,475,-63,4765,4290,0.1076334659451168,0.1076334659451168,0.0,True,4289,1,475,4289,1,475,0.0813913375467638,0.1079642904251495,0.0813913375467638,0.1079642904251495,0.1079642904251495,0.1079630028443355,True,4353,0,True,True,True,True,True,True,True,nondefault_mirror,nondefault_mirror,True,True,True,True,True,True,True,True,True,True
numeric_logistic_platt,w08_2012m08_2013m01,5,3,0.1,7477,880,6597,0.1176942624047077,6731,746,746,134,7477,6731,0.8586477692753473,0.8586477692753473,0.0,False,6730,1,746,6730,1,746,0.1079842228324619,0.1473961441945607,0.1079842228324619,0.1473961441945607,0.1473961441945607,0.1473799201879767,True,6597,0,False,False,True,True,True,True,True,default_mirror,default_mirror,True,True,True,True,True,True,True,True,True,True
numeric_logistic_platt,w08_2012m08_2013m01,5,4,0.1,12408,2233,10175,0.1799645390070922,11169,1239,1239,994,12408,11169,0.7957866017565826,0.7957866017565826,0.0,False,11168,1,1239,11168,1,1239,0.147407414664236,0.9937191448732018,0.147407414664236,0.9937191448732018,0.9937191448732018,0.6186608930455868,True,10172,1,False,False,True,False,False,True,False,condition_not_met,condition_not_met,False,True,True,True,True,True,True,True,True,True
catboost_monotonic_platt,w01_2012m01_m06,5,0,0.1,1873,79,1794,0.0421783235451147,1687,186,186,-107,1873,1687,0.0485617328664206,0.0485617328664206,0.0,True,1686,1,186,1686,1,186,0.0065020566176344,0.0501234969601791,0.0065020566176344,0.0501234969601791,0.0501234969601791,0.0499803056508322,True,1794,0,True,True,True,True,True,True,True,nondefault_mirror,nondefault_mirror,True,True,True,True,True,True,True,True,True,True
catboost_monotonic_platt,w01_2012m01_m06,5,1,0.1,2364,210,2154,0.0888324873096446,2129,235,235,-25,2364,2129,0.0786843171164054,0.0786843171164054,0.0,True,2128,1,235,2128,1,235,0.0501585004914489,0.0788879296086871,0.0501585004914489,0.0788879296086871,0.0788834989768257,0.0788879296086871,True,2154,0,True,True,True,True,True,True,True,nondefault_mirror,nondefault_mirror,True,True,True,True,True,True,True,True,True,True
catboost_monotonic_platt,w01_2012m01_m06,5,2,0.1,3070,351,2719,0.1143322475570032,2764,306,306,45,3070,2764,0.8922987973823122,0.8922987973823122,0.0,False,2763,1,306,2763,1,306,0.078891592089051,0.1113143498301371,0.078891592089051,0.1113143498301371,0.1113143498301371,0.1112307003418121,True,2719,0,False,False,True,True,True,True,True,default_mirror,default_mirror,True,True,True,True,True,True,True,True,True,True
catboost_monotonic_platt,w01_2012m01_m06,5,3,0.1,3579,520,3059,0.1452919810002794,3222,357,357,163,3579,3222,0.8602366287204435,0.8602366287204435,0.0,False,3221,1,357,3221,1,357,0.1113380190479727,0.1526037547297303,0.1113380190479727,0.1526037547297303,0.1526037547297303,0.1525474035933833,True,3059,0,False,False,True,True,True,True,True,default_mirror,default_mirror,True,True,True,True,True,True,True,True,True,True
catboost_monotonic_platt,w01_2012m01_m06,5,4,0.1,4062,884,3178,0.2176267848350566,3657,405,405,479,4062,3657,0.8098837326283999,0.8098837326283999,0.0,False,3656,1,405,3656,1,405,0.1526142115831254,0.5594877480873142,0.1526142115831254,0.5594877480873142,0.5582160919292852,0.5594877480873142,True,3177,2,False,False,True,False,False,True,False,condition_not_met,condition_not_met,False,True,True,True,True,True,True,True,True,True
catboost_monotonic_platt,w02_2012m02_m07,5,0,0.1,1947,85,1862,0.0436569080636877,1754,193,193,-108,1947,1754,0.0485701091372974,0.0485701091372974,0.0,True,1753,1,193,1753,1,193,0.0065020566176344,0.0501234969601791,0.0065020566176344,0.0501234969601791,0.0501234969601791,0.0499803056508322,True,1862,0,True,True,True,True,True,True,True,nondefault_mirror,nondefault_mirror,True,True,True,True,True,True,True,True,True,True
catboost_monotonic_platt,w02_2012m02_m07,5,1,0.1,2516,223,2293,0.0886327503974562,2266,250,250,-27,2516,2266,0.0786074384929598,0.0786074384929598,0.0,True,2265,1,250,2265,1,250,0.0501585004914489,0.0788879296086871,0.0501585004914489,0.0788879296086871,0.0788834989768257,0.0788879296086871,True,2293,0,True,True,True,True,True,True,True,nondefault_mirror,nondefault_mirror,True,True,True,True,True,True,True,True,True,True
catboost_monotonic_platt,w02_2012m02_m07,5,2,0.1,3430,391,3039,0.1139941690962099,3088,342,342,49,3430,3088,0.8923204107454423,0.8923204107454423,0.0,False,3087,1,342,3087,1,342,0.078891592089051,0.1113143498301371,0.078891592089051,0.1113143498301371,0.1113143498301371,0.1112173653490132,True,3039,0,False,False,True,True,True,True,True,default_mirror,default_mirror,True,True,True,True,True,True,True,True,True,True
catboost_monotonic_platt,w02_2012m02_m07,5,3,0.1,4117,633,3484,0.1537527325722613,3707,410,410,223,4117,3707,0.8614307278525446,0.8614307278525446,0.0,False,3706,1,410,3706,1,410,0.1113380190479727,0.1526011432128829,0.1113380190479727,0.1526011432128829,0.1526011432128829,0.1525474035933833,True,3484,0,False,False,True,True,True,True,True,default_mirror,default_mirror,True,True,True,True,True,True,True,True,True,True
catboost_monotonic_platt,w02_2012m02_m07,5,4,0.1,4664,1016,3648,0.2178387650085763,4199,465,465,551,4664,4199,0.8093029473412743,0.8093029473412743,0.0,False,4198,1,465,4198,1,465,0.1526142115831254,0.5582160919292852,0.1526142115831254,0.5582160919292852,0.5582160919292852,0.5121544429406719,True,3647,1,False,False,True,False,False,True,False,condition_not_met,condition_not_met,False,True,True,True,True,True,True,True,True,True
catboost_monotonic_platt,w03_2012m03_m08,5,0,0.1,2171,97,2074,0.0446798710271764,1955,216,216,-119,2171,1955,0.0486586893897483,0.0486586893897483,0.0,True,1954,1,216,1954,1,216,0.0065020566176344,0.0501234969601791,0.0065020566176344,0.0501234969601791,0.0501234969601791,0.0499803056508322,True,2074,0,True,True,True,True,True,True,True,nondefault_mirror,nondefault_mirror,True,True,True,True,True,True,True,True,True,True
catboost_monotonic_platt,w03_2012m03_m08,5,1,0.1,2705,223,2482,0.0824399260628465,2436,269,269,-46,2705,2436,0.0784306112390894,0.0784306112390894,0.0,True,2435,1,269,2435,1,269,0.0501585004914489,0.0788879296086871,0.0501585004914489,0.0788879296086871,0.0788834989768257,0.0788879296086871,True,2482,0,True,True,True,True,True,True,True,nondefault_mirror,nondefault_mirror,True,True,True,True,True,True,True,True,True,True
catboost_monotonic_platt,w03_2012m03_m08,5,2,0.1,3881,435,3446,0.112084514300438,3494,387,387,48,3881,3494,0.8920058033644691,0.8920058033644691,0.0,False,3493,1,387,3493,1,387,0.078891592089051,0.1113237951305064,0.078891592089051,0.1113237951305064,0.1113237951305064,0.1112173653490132,True,3446,0,False,False,True,True,True,True,True,default_mirror,default_mirror,True,True,True,True,True,True,True,True,True,True
catboost_monotonic_platt,w03_2012m03_m08,5,3,0.1,4787,737,4050,0.1539586379778567,4310,477,477,260,4787,4310,0.8611478437816212,0.8611478437816212,0.0,False,4309,1,477,4309,1,477,0.1113380190479727,0.15261362246093,0.1113380190479727,0.15261362246093,0.15261362246093,0.1524956580422527,True,4050,0,False,False,True,True,True,True,True,default_mirror,default_mirror,True,True,True,True,True,True,True,True,True,True
catboost_monotonic_platt,w03_2012m03_m08,5,4,0.1,5505,1197,4308,0.2174386920980926,4956,549,549,648,5505,4956,0.8103428263697585,0.8103428263697585,0.0,False,4955,1,549,4955,1,549,0.15261468500319,0.5121544429406719,0.15261468500319,0.5121544429406719,0.4765140904035618,0.5121544429406719,True,4308,1,False,False,True,False,False,True,True,default_mirror,default_mirror,True,True,True,True,True,True,True,True,True,True
catboost_monotonic_platt,w04_2012m04_m09,5,0,0.1,2275,93,2182,0.0408791208791208,2049,226,226,-133,2275,2049,0.0484962472679778,0.0484962472679778,0.0,True,2048,1,226,2048,1,226,0.0065020566176344,0.0500998620186179,0.0065020566176344,0.0500998620186179,0.0500998620186179,0.0499803056508322,True,2182,0,True,True,True,True,True,True,True,nondefault_mirror,nondefault_mirror,True,True,True,True,True,True,True,True,True,True
catboost_monotonic_platt,w04_2012m04_m09,5,1,0.1,2908,240,2668,0.0825309491059147,2619,289,289,-49,2908,2619,0.0784221683323626,0.0784221683323626,0.0,True,2618,1,289,2618,1,289,0.0501461462273111,0.0788879296086871,0.0501461462273111,0.0788879296086871,0.0788653981068608,0.0788879296086871,True,2668,0,True,True,True,True,True,True,True,nondefault_mirror,nondefault_mirror,True,True,True,True,True,True,True,True,True,True
catboost_monotonic_platt,w04_2012m04_m09,5,2,0.1,4367,459,3908,0.1051064804213418,3932,435,435,24,4367,3932,0.8900324876847417,0.8900324876847417,0.0,False,3931,1,435,3931,1,435,0.078891592089051,0.1113237951305064,0.078891592089051,0.1113237951305064,0.1113237951305064,0.1112173653490132,True,3908,0,False,False,True,True,True,True,True,default_mirror,default_mirror,True,True,True,True,True,True,True,True,True,True
catboost_monotonic_platt,w04_2012m04_m09,5,3,0.1,5622,862,4760,0.1533262184276058,5061,561,561,301,5622,5061,0.8607956116401266,0.8607956116401266,0.0,False,5060,1,561,5060,1,561,0.1113380190479727,0.15261362246093,0.1113380190479727,0.15261362246093,0.15261362246093,0.1524956580422527,True,4760,0,False,False,True,True,True,True,True,default_mirror,default_mirror,True,True,True,True,True,True,True,True,True,True
catboost_monotonic_platt,w04_2012m04_m09,5,4,0.1,6595,1421,5174,0.2154662623199393,5937,658,658,763,6595,5937,0.8114834386744343,0.8114834386744343,0.0,False,5936,1,658,5936,1,658,0.1526322942568926,0.5121544429406719,0.1526322942568926,0.5121544429406719,0.4765140904035618,0.5121544429406719,True,5174,1,False,False,True,False,False,True,True,default_mirror,default_mirror,True,True,True,True,True,True,True,True,True,True
catboost_monotonic_platt,w05_2012m05_m10,5,0,0.1,2365,108,2257,0.0456659619450317,2130,235,235,-127,2365,2130,0.0485450372782145,0.0485450372782145,0.0,True,2129,1,235,2129,1,235,0.0065020566176344,0.0500346224946582,0.0065020566176344,0.0500346224946582,0.0500346224946582,0.0499803056508322,True,2257,0,True,True,True,True,True,True,True,nondefault_mirror,nondefault_mirror,True,True,True,True,True,True,True,True,True,True
catboost_monotonic_platt,w05_2012m05_m10,5,1,0.1,3134,251,2883,0.080089342693044,2822,312,312,-61,3134,2822,0.0783834788743444,0.0783834788743444,0.0,True,2821,1,312,2821,1,312,0.0501461462273111,0.0788879296086871,0.0501461462273111,0.0788879296086871,0.0788653981068608,0.0788879296086871,True,2883,0,True,True,True,True,True,True,True,nondefault_mirror,nondefault_mirror,True,True,True,True,True,True,True,True,True,True
catboost_monotonic_platt,w05_2012m05_m10,5,2,0.1,4888,498,4390,0.1018821603927987,4401,487,487,11,4888,4401,0.8892804189864737,0.8892804189864737,0.0,False,4400,1,487,4400,1,487,0.078891592089051,0.1113237951305064,0.078891592089051,0.1113237951305064,0.1113237951305064,0.1112173653490132,True,4390,0,False,False,True,True,True,True,True,default_mirror,default_mirror,True,True,True,True,True,True,True,True,True,True
catboost_monotonic_platt,w05_2012m05_m10,5,3,0.1,6390,959,5431,0.1500782472613458,5752,638,638,321,6390,5752,0.8606682863399073,0.8606682863399073,0.0,False,5751,1,638,5751,1,638,0.1113380190479727,0.15261362246093,0.1113380190479727,0.15261362246093,0.15261362246093,0.1525942839470675,True,5431,0,False,False,True,True,True,True,True,default_mirror,default_mirror,True,True,True,True,True,True,True,True,True,True
catboost_monotonic_platt,w05_2012m05_m10,5,4,0.1,7493,1576,5917,0.210329640998265,6745,748,748,828,7493,6745,0.8115173654626233,0.8115173654626233,0.0,False,6744,1,748,6744,1,748,0.1526159087516304,0.4993571858249175,0.1526159087516304,0.4993571858249175,0.4765140904035618,0.4993571858249175,True,5917,0,False,False,True,True,True,True,True,default_mirror,default_mirror,True,True,True,True,True,True,True,True,True,True
catboost_monotonic_platt,w06_2012m06_m11,5,0,0.1,2376,112,2264,0.0471380471380471,2140,236,236,-124,2376,2140,0.0486007880089365,0.0486007880089365,0.0,True,2139,1,236,2139,1,236,0.0065020566176344,0.0500765266986763,0.0065020566176344,0.0500765266986763,0.0500765266986763,0.0499803056508322,True,2264,0,True,True,True,True,True,True,True,nondefault_mirror,nondefault_mirror,True,True,True,True,True,True,True,True,True,True
catboost_monotonic_platt,w06_2012m06_m11,5,1,0.1,3316,258,3058,0.0778045838359469,2986,330,330,-72,3316,2986,0.0783690327579728,0.0783690327579728,0.0,True,2985,1,330,2985,1,330,0.0501461462273111,0.0788879296086871,0.0501461462273111,0.0788879296086871,0.0788653981068608,0.0788879296086871,True,3058,0,True,True,True,True,True,True,True,nondefault_mirror,nondefault_mirror,True,True,True,True,True,True,True,True,True,True
catboost_monotonic_platt,w06_2012m06_m11,5,2,0.1,5356,545,4811,0.1017550410754294,4822,534,534,11,5356,4822,0.8892090679898458,0.8892090679898458,0.0,False,4821,1,534,4821,1,534,0.0788941090993543,0.1113237951305064,0.0788941090993543,0.1113237951305064,0.1113237951305064,0.1112173653490132,True,4811,0,False,False,True,True,True,True,True,default_mirror,default_mirror,True,True,True,True,True,True,True,True,True,True
catboost_monotonic_platt,w06_2012m06_m11,5,3,0.1,7241,1063,6178,0.1468029277724071,6518,723,723,340,7241,6518,0.8602366287204435,0.8602366287204435,0.0,False,6517,1,723,6517,1,723,0.1113312436885756,0.15261362246093,0.1113312436885756,0.15261362246093,0.15261362246093,0.1525942839470675,True,6178,0,False,False,True,True,True,True,True,default_mirror,default_mirror,True,True,True,True,True,True,True,True,True,True
catboost_monotonic_platt,w06_2012m06_m11,5,4,0.1,8396,1707,6689,0.203311100524059,7558,838,838,869,8396,7558,0.8103745792333379,0.8103745792333379,0.0,False,7557,1,838,7557,1,838,0.1526159087516304,0.4936432472364723,0.1526159087516304,0.4936432472364723,0.4765140904035618,0.4936432472364723,True,6689,0,False,False,True,True,True,True,True,default_mirror,default_mirror,True,True,True,True,True,True,True,True,True,True
catboost_monotonic_platt,w07_2012m07_m12,5,0,0.1,2457,112,2345,0.0455840455840455,2213,244,244,-132,2457,2213,0.0486007880089365,0.0486007880089365,0.0,True,2212,1,244,2212,1,244,0.0083146614611223,0.0501176893970708,0.0083146614611223,0.0501176893970708,0.0501176893970708,0.0498764783570352,True,2345,0,True,True,True,True,True,True,True,nondefault_mirror,nondefault_mirror,True,True,True,True,True,True,True,True,True,True
catboost_monotonic_platt,w07_2012m07_m12,5,1,0.1,3642,265,3377,0.0727622185612301,3279,363,363,-98,3642,3279,0.078276042645755,0.078276042645755,0.0,True,3278,1,363,3278,1,363,0.0501461462273111,0.0788653981068608,0.0501461462273111,0.0788653981068608,0.0788653981068608,0.0787271012327958,True,3377,0,True,True,True,True,True,True,True,nondefault_mirror,nondefault_mirror,True,True,True,True,True,True,True,True,True,True
catboost_monotonic_platt,w07_2012m07_m12,5,2,0.1,5776,547,5229,0.0947022160664819,5200,576,576,-29,5776,5200,0.1111467592454646,0.1111467592454646,0.0,True,5199,1,576,5199,1,576,0.0788941090993543,0.1113237951305064,0.0788941090993543,0.1113237951305064,0.1113237951305064,0.1112762669404127,True,5229,0,True,True,True,True,True,True,True,nondefault_mirror,nondefault_mirror,True,True,True,True,True,True,True,True,True,True
catboost_monotonic_platt,w07_2012m07_m12,5,3,0.1,7625,1083,6542,0.1420327868852459,6864,761,761,322,7625,6864,0.8598182534639773,0.8598182534639773,0.0,False,6863,1,761,6863,1,761,0.1113312436885756,0.15261362246093,0.1113312436885756,0.15261362246093,0.15261362246093,0.1525942839470675,True,6542,0,False,False,True,True,True,True,True,default_mirror,default_mirror,True,True,True,True,True,True,True,True,True,True
catboost_monotonic_platt,w07_2012m07_m12,5,4,0.1,8911,1757,7154,0.197172034564022,8021,890,890,867,8911,8021,0.8087374786830329,0.8087374786830329,0.0,False,8020,1,890,8020,1,890,0.1526159087516304,0.4936432472364723,0.1526159087516304,0.4936432472364723,0.4765651652523682,0.4936432472364723,True,7154,0,False,False,True,True,True,True,True,default_mirror,default_mirror,True,True,True,True,True,True,True,True,True,True
catboost_monotonic_platt,w08_2012m08_2013m01,5,0,0.1,2498,109,2389,0.043634907926341,2250,248,248,-139,2498,2250,0.0486753523807552,0.0486753523807552,0.0,True,2249,1,248,2249,1,248,0.0083146614611223,0.0501176893970708,0.0083146614611223,0.0501176893970708,0.0501176893970708,0.0498764783570352,True,2389,0,True,True,True,True,True,True,True,nondefault_mirror,nondefault_mirror,True,True,True,True,True,True,True,True,True,True
catboost_monotonic_platt,w08_2012m08_2013m01,5,1,0.1,3844,272,3572,0.0707596253902185,3461,383,383,-111,3844,3461,0.078274772459913,0.078274772459913,0.0,True,3460,1,383,3460,1,383,0.0501461462273111,0.0788799157974756,0.0501461462273111,0.0788799157974756,0.0788799157974756,0.0787271012327958,True,3572,0,True,True,True,True,True,True,True,nondefault_mirror,nondefault_mirror,True,True,True,True,True,True,True,True,True,True
catboost_monotonic_platt,w08_2012m08_2013m01,5,2,0.1,6042,540,5502,0.0893743793445878,5439,603,603,-63,6042,5439,0.1109813242932129,0.1109813242932129,0.0,True,5438,1,603,5438,1,603,0.0788941090993543,0.1113237951305064,0.0788941090993543,0.1113237951305064,0.1113237951305064,0.1112762669404127,True,5502,0,True,True,True,True,True,True,True,nondefault_mirror,nondefault_mirror,True,True,True,True,True,True,True,True,True,True
catboost_monotonic_platt,w08_2012m08_2013m01,5,3,0.1,8094,1095,6999,0.1352853965900667,7286,808,808,287,8094,7286,0.8583320244890962,0.8583320244890962,0.0,False,7285,1,808,7285,1,808,0.1113312436885756,0.15261362246093,0.1113312436885756,0.15261362246093,0.15261362246093,0.1525942839470675,True,6999,0,False,False,True,True,True,True,True,default_mirror,default_mirror,True,True,True,True,True,True,True,True,True,True
catboost_monotonic_platt,w08_2012m08_2013m01,5,4,0.1,9651,1829,7822,0.1895140399958553,8687,964,964,865,9651,8687,0.8053547613963974,0.8053547613963974,0.0,False,8686,1,964,8686,1,964,0.1526159087516304,0.4925577036797487,0.1526159087516304,0.4925577036797487,0.4925577036797487,0.4386744236046706,True,7822,0,False,False,True,True,True,True,True,default_mirror,default_mirror,True,True,True,True,True,True,True,True,True,True
woe_scorecard_platform_platt,w01_2012m01_m06,5,0,0.1,1821,86,1735,0.0472267984623833,1640,181,181,-95,1821,1640,0.0517057704116148,0.0517057704116148,0.0,True,1639,1,181,1639,1,181,0.0164388053220088,0.0530688287356804,0.0164388053220088,0.0530688287356804,0.0530688287356804,0.0529740557480527,True,1735,0,True,True,True,True,True,True,True,nondefault_mirror,nondefault_mirror,True,True,True,True,True,True,True,True,True,True
woe_scorecard_platform_platt,w01_2012m01_m06,5,1,0.1,2510,209,2301,0.0832669322709163,2260,250,250,-41,2510,2260,0.0826220035268752,0.0826220035268752,0.0,True,2259,1,250,2259,1,250,0.0530750764028666,0.0829700894878254,0.0530750764028666,0.0829700894878254,0.0829612986686268,0.0829700894878254,True,2301,0,True,True,True,True,True,True,True,nondefault_mirror,nondefault_mirror,True,True,True,True,True,True,True,True,True,True
woe_scorecard_platform_platt,w01_2012m01_m06,5,2,0.1,3065,365,2700,0.1190864600326264,2760,305,305,60,3065,2760,0.8928580899872146,0.8928580899872146,0.0,False,2759,1,305,2759,1,305,0.0829932394361296,0.1115709205790859,0.0829932394361296,0.1115709205790859,0.1115709205790859,0.1115340608694687,True,2700,0,False,False,True,True,True,True,True,default_mirror,default_mirror,True,True,True,True,True,True,True,True,True,True
woe_scorecard_platform_platt,w01_2012m01_m06,5,3,0.1,3565,533,3032,0.1495091164095371,3210,355,355,178,3565,3210,0.866169924727429,0.866169924727429,0.0,False,3209,1,355,3209,1,355,0.1115930816647562,0.1469620346992443,0.1115930816647562,0.1469620346992443,0.1469620346992443,0.1469200518458251,True,3032,0,False,False,True,True,True,True,True,default_mirror,default_mirror,True,True,True,True,True,True,True,True,True,True
woe_scorecard_platform_platt,w01_2012m01_m06,5,4,0.1,3987,851,3136,0.2134436919989967,3590,397,397,454,3987,3590,0.820632533454388,0.820632533454388,0.0,False,3589,1,397,3589,1,397,0.1470133499648442,0.5314634475659251,0.1470133499648442,0.5314634475659251,0.4437743779894779,0.5314634475659251,True,3136,1,False,False,True,False,False,True,True,default_mirror,default_mirror,True,True,True,True,True,True,True,True,True,True
woe_scorecard_platform_platt,w02_2012m02_m07,5,0,0.1,1894,88,1806,0.0464625131995776,1706,188,188,-100,1894,1706,0.0517057704116148,0.0517057704116148,0.0,True,1705,1,188,1705,1,188,0.0164388053220088,0.0530688287356804,0.0164388053220088,0.0530688287356804,0.0530688287356804,0.0529740557480527,True,1806,0,True,True,True,True,True,True,True,nondefault_mirror,nondefault_mirror,True,True,True,True,True,True,True,True,True,True
woe_scorecard_platform_platt,w02_2012m02_m07,5,1,0.1,2582,213,2369,0.0824941905499612,2325,257,257,-44,2582,2325,0.0826145334913069,0.0826145334913069,0.0,True,2324,1,257,2324,1,257,0.0530750764028666,0.0829796475255557,0.0530750764028666,0.0829796475255557,0.0829796475255557,0.0829178998480114,True,2369,0,True,True,True,True,True,True,True,nondefault_mirror,nondefault_mirror,True,True,True,True,True,True,True,True,True,True
woe_scorecard_platform_platt,w02_2012m02_m07,5,2,0.1,3378,407,2971,0.12048549437537,3042,336,336,71,3378,3042,0.8932714582951211,0.8932714582951211,0.0,False,3041,1,336,3041,1,336,0.0829932394361296,0.1115709205790859,0.0829932394361296,0.1115709205790859,0.1115709205790859,0.1115340608694687,True,2971,0,False,False,True,True,True,True,True,default_mirror,default_mirror,True,True,True,True,True,True,True,True,True,True
woe_scorecard_platform_platt,w02_2012m02_m07,5,3,0.1,4156,641,3515,0.1542348411934552,3742,414,414,227,4156,3742,0.8667622645945511,0.8667622645945511,0.0,False,3741,1,414,3741,1,414,0.1115856316546325,0.1469620346992443,0.1115856316546325,0.1469620346992443,0.1469620346992443,0.1468865673555681,True,3515,0,False,False,True,True,True,True,True,default_mirror,default_mirror,True,True,True,True,True,True,True,True,True,True
woe_scorecard_platform_platt,w02_2012m02_m07,5,4,0.1,4664,999,3665,0.2141938250428816,4199,465,465,534,4664,4199,0.820704425291185,0.820704425291185,0.0,False,4198,1,465,4198,1,465,0.1469872263379901,0.454135727406909,0.1469872263379901,0.454135727406909,0.454135727406909,0.4157711287232862,True,3665,0,False,False,True,True,True,True,True,default_mirror,default_mirror,True,True,True,True,True,True,True,True,True,True
woe_scorecard_platform_platt,w03_2012m03_m08,5,0,0.1,2104,92,2012,0.0437262357414448,1895,209,209,-117,2104,1895,0.0517679585364495,0.0517679585364495,0.0,True,1894,1,209,1894,1,209,0.0174763426568983,0.0530688287356804,0.0174763426568983,0.0530688287356804,0.0530688287356804,0.0529740557480527,True,2012,0,True,True,True,True,True,True,True,nondefault_mirror,nondefault_mirror,True,True,True,True,True,True,True,True,True,True
woe_scorecard_platform_platt,w03_2012m03_m08,5,1,0.1,2710,220,2490,0.081180811808118,2440,270,270,-50,2710,2440,0.0825729623783634,0.0825729623783634,0.0,True,2439,1,270,2439,1,270,0.0530750764028666,0.0829796475255557,0.0530750764028666,0.0829796475255557,0.0829796475255557,0.0829178998480114,True,2490,0,True,True,True,True,True,True,True,nondefault_mirror,nondefault_mirror,True,True,True,True,True,True,True,True,True,True
woe_scorecard_platform_platt,w03_2012m03_m08,5,2,0.1,3761,428,3333,0.1137995214038819,3386,375,375,53,3761,3386,0.8917448503721951,0.8917448503721951,0.0,False,3385,1,375,3385,1,375,0.0829939528047118,0.1115709205790859,0.0829939528047118,0.1115709205790859,0.1115709205790859,0.1115340608694687,True,3333,0,False,False,True,True,True,True,True,default_mirror,default_mirror,True,True,True,True,True,True,True,True,True,True
woe_scorecard_platform_platt,w03_2012m03_m08,5,3,0.1,4941,760,4181,0.1538150172029953,4448,493,493,267,4941,4448,0.866522684784726,0.866522684784726,0.0,False,4447,1,493,4447,1,493,0.1115856316546325,0.1469385198487247,0.1115856316546325,0.1469385198487247,0.1469385198487247,0.1468865673555681,True,4181,0,False,False,True,True,True,True,True,default_mirror,default_mirror,True,True,True,True,True,True,True,True,True,True
woe_scorecard_platform_platt,w03_2012m03_m08,5,4,0.1,5533,1189,4344,0.2148924634014097,4981,552,552,637,5533,4981,0.8207075411423037,0.8207075411423037,0.0,False,4980,1,552,4980,1,552,0.1469872263379901,0.454135727406909,0.1469872263379901,0.454135727406909,0.454135727406909,0.4157711287232862,True,4344,0,False,False,True,True,True,True,True,default_mirror,default_mirror,True,True,True,True,True,True,True,True,True,True
woe_scorecard_platform_platt,w04_2012m04_m09,5,0,0.1,2199,84,2115,0.0381991814461118,1980,219,219,-135,2199,1980,0.0516245566277867,0.0516245566277867,0.0,True,1979,1,219,1979,1,219,0.0174763426568983,0.0530688287356804,0.0174763426568983,0.0530688287356804,0.0530688287356804,0.0529460432179611,True,2115,0,True,True,True,True,True,True,True,nondefault_mirror,nondefault_mirror,True,True,True,True,True,True,True,True,True,True
woe_scorecard_platform_platt,w04_2012m04_m09,5,1,0.1,2864,219,2645,0.0764664804469273,2579,285,285,-66,2864,2579,0.0825220937838191,0.0825220937838191,0.0,True,2578,1,285,2578,1,285,0.0530750764028666,0.0829798915986968,0.0530750764028666,0.0829798915986968,0.0829798915986968,0.0829178998480114,True,2645,0,True,True,True,True,True,True,True,nondefault_mirror,nondefault_mirror,True,True,True,True,True,True,True,True,True,True
woe_scorecard_platform_platt,w04_2012m04_m09,5,2,0.1,4218,462,3756,0.1095305832147937,3798,420,420,42,4218,3798,0.8908550637496875,0.8908550637496875,0.0,False,3797,1,420,3797,1,420,0.0830001795493167,0.1115698194900582,0.0830001795493167,0.1115698194900582,0.1115698194900582,0.1114989864369276,True,3756,0,False,False,True,True,True,True,True,default_mirror,default_mirror,True,True,True,True,True,True,True,True,True,True
woe_scorecard_platform_platt,w04_2012m04_m09,5,3,0.1,5758,877,4881,0.1523098298020146,5184,574,574,303,5758,5184,0.8664095376944709,0.8664095376944709,0.0,False,5183,1,574,5183,1,574,0.1115856316546325,0.1469656693809233,0.1115856316546325,0.1469656693809233,0.1469656693809233,0.1468865673555681,True,4881,0,False,False,True,True,True,True,True,default_mirror,default_mirror,True,True,True,True,True,True,True,True,True,True
woe_scorecard_platform_platt,w04_2012m04_m09,5,4,0.1,6728,1433,5295,0.2129904875148632,6057,671,671,762,6728,6057,0.8207075411423037,0.8207075411423037,0.0,False,6056,1,671,6056,1,671,0.1469826518051092,0.454135727406909,0.1469826518051092,0.454135727406909,0.454135727406909,0.4157711287232862,True,5295,0,False,False,True,True,True,True,True,default_mirror,default_mirror,True,True,True,True,True,True,True,True,True,True
woe_scorecard_platform_platt,w05_2012m05_m10,5,0,0.1,2281,98,2183,0.0429636124506795,2054,227,227,-129,2281,2054,0.0516643738011466,0.0516643738011466,0.0,True,2053,1,227,2053,1,227,0.0174763426568983,0.0530681814501175,0.0174763426568983,0.0530681814501175,0.0530681814501175,0.052990037458579,True,2183,0,True,True,True,True,True,True,True,nondefault_mirror,nondefault_mirror,True,True,True,True,True,True,True,True,True,True
woe_scorecard_platform_platt,w05_2012m05_m10,5,1,0.1,3010,234,2776,0.0777408637873754,2710,300,300,-66,3010,2710,0.082592209115085,0.082592209115085,0.0,True,2709,1,300,2709,1,300,0.0531178610624583,0.0829798915986968,0.0531178610624583,0.0829798915986968,0.0829798915986968,0.0829178998480114,True,2776,0,True,True,True,True,True,True,True,nondefault_mirror,nondefault_mirror,True,True,True,True,True,True,True,True,True,True
woe_scorecard_platform_platt,w05_2012m05_m10,5,2,0.1,4620,467,4153,0.101082251082251,4159,461,461,6,4620,4159,0.8886831699133111,0.8886831699133111,0.0,False,4158,1,461,4158,1,461,0.0829992077409719,0.1115698194900582,0.0829992077409719,0.1115698194900582,0.1115698194900582,0.1115530615667183,True,4153,0,False,False,True,True,True,True,True,default_mirror,default_mirror,True,True,True,True,True,True,True,True,True,True
woe_scorecard_platform_platt,w05_2012m05_m10,5,3,0.1,6597,989,5608,0.1499166287706533,5939,658,658,331,6597,5939,0.8658020182635762,0.8658020182635762,0.0,False,5938,1,658,5938,1,658,0.1115856316546325,0.1469656693809233,0.1115856316546325,0.1469656693809233,0.1469656693809233,0.1468960195769494,True,5608,0,False,False,True,True,True,True,True,default_mirror,default_mirror,True,True,True,True,True,True,True,True,True,True
woe_scorecard_platform_platt,w05_2012m05_m10,5,4,0.1,7762,1604,6158,0.2066477711929915,6987,775,775,829,7762,6987,0.819701753932392,0.819701753932392,0.0,False,6986,1,775,6986,1,775,0.1469756878759548,0.454135727406909,0.1469756878759548,0.454135727406909,0.454135727406909,0.4071815517743368,True,6158,0,False,False,True,True,True,True,True,default_mirror,default_mirror,True,True,True,True,True,True,True,True,True,True
woe_scorecard_platform_platt,w06_2012m06_m11,5,0,0.1,2270,88,2182,0.0387665198237885,2044,226,226,-138,2270,2044,0.0516643738011466,0.0516643738011466,0.0,True,2043,1,226,2043,1,226,0.0187128954164086,0.0530681814501175,0.0187128954164086,0.0530681814501175,0.0530681814501175,0.052990037458579,True,2182,0,True,True,True,True,True,True,True,nondefault_mirror,nondefault_mirror,True,True,True,True,True,True,True,True,True,True
woe_scorecard_platform_platt,w06_2012m06_m11,5,1,0.1,3131,258,2873,0.0824017885659533,2819,312,312,-54,3131,2819,0.0826274030106329,0.0826274030106329,0.0,True,2818,1,312,2818,1,312,0.053084881147552,0.0829798915986968,0.053084881147552,0.0829798915986968,0.0829798915986968,0.0829178998480114,True,2873,0,True,True,True,True,True,True,True,nondefault_mirror,nondefault_mirror,True,True,True,True,True,True,True,True,True,True
woe_scorecard_platform_platt,w06_2012m06_m11,5,2,0.1,5058,509,4549,0.1006326611308817,4554,504,504,5,5058,4554,0.8886418869164812,0.8886418869164812,0.0,False,4553,1,504,4553,1,504,0.0829992077409719,0.1115688013294067,0.0829992077409719,0.1115688013294067,0.1115688013294067,0.1115530615667183,True,4549,0,False,False,True,True,True,True,True,default_mirror,default_mirror,True,True,True,True,True,True,True,True,True,True
woe_scorecard_platform_platt,w06_2012m06_m11,5,3,0.1,7370,1077,6293,0.1461329715061058,6634,736,736,341,7370,6634,0.8655770743208384,0.8655770743208384,0.0,False,6633,1,736,6633,1,736,0.111575605490455,0.1469656693809233,0.111575605490455,0.1469656693809233,0.1469656693809233,0.1468960195769494,True,6293,0,False,False,True,True,True,True,True,default_mirror,default_mirror,True,True,True,True,True,True,True,True,True,True
woe_scorecard_platform_platt,w06_2012m06_m11,5,4,0.1,8856,1753,7103,0.1979448961156278,7972,884,884,869,8856,7972,0.8179061215295095,0.8179061215295095,0.0,False,7971,1,884,7971,1,884,0.1469756878759548,0.454135727406909,0.1469756878759548,0.454135727406909,0.454135727406909,0.4071815517743368,True,7103,0,False,False,True,True,True,True,True,default_mirror,default_mirror,True,True,True,True,True,True,True,True,True,True
woe_scorecard_platform_platt,w07_2012m07_m12,5,0,0.1,2228,85,2143,0.0381508078994614,2007,221,221,-136,2228,2007,0.0517369830503098,0.0517369830503098,0.0,True,2006,1,221,2006,1,221,0.0200968613111043,0.0530681814501175,0.0200968613111043,0.0530681814501175,0.0530681814501175,0.052990037458579,True,2143,0,True,True,True,True,True,True,True,nondefault_mirror,nondefault_mirror,True,True,True,True,True,True,True,True,True,True
woe_scorecard_platform_platt,w07_2012m07_m12,5,1,0.1,3329,251,3078,0.0753980174226494,2997,332,332,-81,3329,2997,0.0824731921880582,0.0824731921880582,0.0,True,2996,1,332,2996,1,332,0.053084881147552,0.0829798915986968,0.053084881147552,0.0829798915986968,0.0829798915986968,0.0829178998480114,True,3078,0,True,True,True,True,True,True,True,nondefault_mirror,nondefault_mirror,True,True,True,True,True,True,True,True,True,True
woe_scorecard_platform_platt,w07_2012m07_m12,5,2,0.1,5419,516,4903,0.095220520391216,4878,541,541,-25,5419,4878,0.11144523824469,0.11144523824469,0.0,True,4877,1,541,4877,1,541,0.0829960616796583,0.1115688013294067,0.0829960616796583,0.1115688013294067,0.1115688013294067,0.1115530615667183,True,4903,0,True,True,True,True,True,True,True,nondefault_mirror,nondefault_mirror,True,True,True,True,True,True,True,True,True,True
woe_scorecard_platform_platt,w07_2012m07_m12,5,3,0.1,7848,1100,6748,0.1401630988786952,7065,783,783,317,7848,7065,0.8637891842072416,0.8637891842072416,0.0,False,7064,1,783,7064,1,783,0.111575605490455,0.1469656693809233,0.111575605490455,0.1469656693809233,0.1469656693809233,0.1468960195769494,True,6748,0,False,False,True,True,True,True,True,default_mirror,default_mirror,True,True,True,True,True,True,True,True,True,True
woe_scorecard_platform_platt,w07_2012m07_m12,5,4,0.1,9587,1812,7775,0.1890059455512673,8630,957,957,855,9587,8630,0.8155138243109352,0.8155138243109352,0.0,False,8629,1,957,8629,1,957,0.1469756878759548,0.454135727406909,0.1469756878759548,0.454135727406909,0.454135727406909,0.4071815517743368,True,7775,0,False,False,True,True,True,True,True,default_mirror,default_mirror,True,True,True,True,True,True,True,True,True,True
woe_scorecard_platform_platt,w08_2012m08_2013m01,5,0,0.1,2118,79,2039,0.0372993389990557,1908,210,210,-131,2118,1908,0.0517813086326055,0.0517813086326055,0.0,True,1907,1,210,1907,1,210,0.0200968613111043,0.0530681814501175,0.0200968613111043,0.0530681814501175,0.0530681814501175,0.052990037458579,True,2039,0,True,True,True,True,True,True,True,nondefault_mirror,nondefault_mirror,True,True,True,True,True,True,True,True,True,True
woe_scorecard_platform_platt,w08_2012m08_2013m01,5,1,0.1,3393,232,3161,0.0683760683760683,3055,338,338,-106,3393,3055,0.0823229085366536,0.0823229085366536,0.0,True,3054,1,338,3054,1,338,0.053084881147552,0.0829798915986968,0.053084881147552,0.0829798915986968,0.0829798915986968,0.0826912916880476,True,3161,0,True,True,True,True,True,True,True,nondefault_mirror,nondefault_mirror,True,True,True,True,True,True,True,True,True,True
woe_scorecard_platform_platt,w08_2012m08_2013m01,5,2,0.1,5636,514,5122,0.0911994322214336,5074,562,562,-48,5636,5074,0.1113677294113914,0.1113677294113914,0.0,True,5073,1,562,5073,1,562,0.0829960616796583,0.1115688013294067,0.0829960616796583,0.1115688013294067,0.1115688013294067,0.1115530615667183,True,5122,0,True,True,True,True,True,True,True,nondefault_mirror,nondefault_mirror,True,True,True,True,True,True,True,True,True,True
woe_scorecard_platform_platt,w08_2012m08_2013m01,5,3,0.1,8306,1106,7200,0.1331567541536238,7477,829,829,277,8306,7477,0.8623485518747436,0.8623485518747436,0.0,False,7476,1,829,7476,1,829,0.111575605490455,0.1469656693809233,0.111575605490455,0.1469656693809233,0.1469656693809233,0.1468960195769494,True,7200,0,False,False,True,True,True,True,True,default_mirror,default_mirror,True,True,True,True,True,True,True,True,True,True
woe_scorecard_platform_platt,w08_2012m08_2013m01,5,4,0.1,10676,1914,8762,0.1792806294492319,9610,1066,1066,848,10676,9610,0.8107571491152097,0.8107571491152097,0.0,False,9609,1,1066,9609,1,1066,0.146967411676211,0.4564407916373942,0.146967411676211,0.4564407916373942,0.4278821113380907,0.4564407916373942,True,8762,0,False,False,True,True,True,True,True,default_mirror,default_mirror,True,True,True,True,True,True,True,True,True,True
woe_scorecard_borrower_platt,w01_2012m01_m06,5,0,0.1,1800,87,1713,0.0483333333333333,1621,179,179,-92,1800,1621,0.0562784705064006,0.0562784705064006,0.0,True,1620,1,179,1620,1,179,0.0143229502606119,0.0574404412711015,0.0143229502606119,0.0574404412711015,0.0574404412711015,0.0573816503948915,True,1713,0,True,True,True,True,True,True,True,nondefault_mirror,nondefault_mirror,True,True,True,True,True,True,True,True,True,True
woe_scorecard_borrower_platt,w01_2012m01_m06,5,1,0.1,2687,236,2451,0.0878302940081875,2420,267,267,-31,2687,2420,0.0819156326553255,0.0819156326553255,0.0,True,2419,1,267,2419,1,267,0.0574676306585264,0.0821416797150869,0.0574676306585264,0.0821416797150869,0.0821416797150869,0.0821084009249961,True,2451,0,True,True,True,True,True,True,True,nondefault_mirror,nondefault_mirror,True,True,True,True,True,True,True,True,True,True
woe_scorecard_borrower_platt,w01_2012m01_m06,5,2,0.1,3101,379,2722,0.1222186391486617,2792,309,309,70,3101,2792,0.8967211272446106,0.8967211272446106,0.0,False,2791,1,309,2791,1,309,0.0821641267918343,0.1077385658343595,0.0821641267918343,0.1077385658343595,0.1077385658343595,0.1076920576513683,True,2722,0,False,False,True,True,True,True,True,default_mirror,default_mirror,True,True,True,True,True,True,True,True,True,True
woe_scorecard_borrower_platt,w01_2012m01_m06,5,3,0.1,3484,511,2973,0.146670493685419,3137,347,347,164,3484,3137,0.8685932743510872,0.8685932743510872,0.0,False,3136,1,347,3136,1,347,0.1077430733768668,0.1445694654618487,0.1077430733768668,0.1445694654618487,0.1445694654618487,0.1445568867382881,True,2973,0,False,False,True,True,True,True,True,default_mirror,default_mirror,True,True,True,True,True,True,True,True,True,True
woe_scorecard_borrower_platt,w01_2012m01_m06,5,4,0.1,3876,831,3045,0.2143962848297213,3490,386,386,445,3876,3490,0.8157327967164133,0.8157327967164133,0.0,False,3489,1,386,3489,1,386,0.1445969639397062,0.6173035753259409,0.1445969639397062,0.6173035753259409,0.4999676545604503,0.6173035753259409,True,3045,1,False,False,True,False,False,True,False,condition_not_met,condition_not_met,False,True,True,True,True,True,True,True,True,True
woe_scorecard_borrower_platt,w02_2012m02_m07,5,0,0.1,1857,90,1767,0.048465266558966,1673,184,184,-94,1857,1673,0.0562652379420531,0.0562652379420531,0.0,True,1672,1,184,1672,1,184,0.0143229502606119,0.0574404412711015,0.0143229502606119,0.0574404412711015,0.0574404412711015,0.0573816503948915,True,1767,0,True,True,True,True,True,True,True,nondefault_mirror,nondefault_mirror,True,True,True,True,True,True,True,True,True,True
woe_scorecard_borrower_platt,w02_2012m02_m07,5,1,0.1,2863,262,2601,0.0915123995808592,2578,285,285,-23,2863,2578,0.0820121647274353,0.0820121647274353,0.0,True,2577,1,285,2577,1,285,0.0574646464483777,0.0821416797150869,0.0574646464483777,0.0821416797150869,0.0821416797150869,0.0819900103261269,True,2601,0,True,True,True,True,True,True,True,nondefault_mirror,nondefault_mirror,True,True,True,True,True,True,True,True,True,True
woe_scorecard_borrower_platt,w02_2012m02_m07,5,2,0.1,3436,412,3024,0.119906868451688,3094,342,342,70,3436,3094,0.896869508626507,0.896869508626507,0.0,False,3093,1,342,3093,1,342,0.0821538316541574,0.1077385658343595,0.0821538316541574,0.1077385658343595,0.1077385658343595,0.1076920576513683,True,3024,0,False,False,True,True,True,True,True,default_mirror,default_mirror,True,True,True,True,True,True,True,True,True,True
woe_scorecard_borrower_platt,w02_2012m02_m07,5,3,0.1,3989,608,3381,0.152419152669842,3591,398,398,210,3989,3591,0.8699044158877978,0.8699044158877978,0.0,False,3590,1,398,3590,1,398,0.1077430733768668,0.1445694654618487,0.1077430733768668,0.1445694654618487,0.1445694654618487,0.1445568867382881,True,3381,0,False,False,True,True,True,True,True,default_mirror,default_mirror,True,True,True,True,True,True,True,True,True,True
woe_scorecard_borrower_platt,w02_2012m02_m07,5,4,0.1,4529,976,3553,0.2155001103996467,4077,452,452,524,4529,4077,0.8151935626412361,0.8151935626412361,0.0,False,4076,1,452,4076,1,452,0.1445833792800775,0.5357958794822116,0.1445833792800775,0.5357958794822116,0.5357958794822116,0.5039034506566104,True,3552,1,False,False,True,False,False,True,False,condition_not_met,condition_not_met,False,True,True,True,True,True,True,True,True,True
woe_scorecard_borrower_platt,w03_2012m03_m08,5,0,0.1,2047,91,1956,0.0444553004396678,1844,203,203,-112,2047,1844,0.0561517797142081,0.0561517797142081,0.0,True,1843,1,203,1843,1,203,0.0156161730521401,0.0574404412711015,0.0156161730521401,0.0574404412711015,0.0574404412711015,0.0573816503948915,True,1956,0,True,True,True,True,True,True,True,nondefault_mirror,nondefault_mirror,True,True,True,True,True,True,True,True,True,True
woe_scorecard_borrower_platt,w03_2012m03_m08,5,1,0.1,3126,270,2856,0.0863723608445297,2815,311,311,-41,3126,2815,0.0818851197896118,0.0818851197896118,0.0,True,2814,1,311,2814,1,311,0.0574646464483777,0.0821311840108762,0.0574646464483777,0.0821311840108762,0.0821311840108762,0.0819900103261269,True,2856,0,True,True,True,True,True,True,True,nondefault_mirror,nondefault_mirror,True,True,True,True,True,True,True,True,True,True
woe_scorecard_borrower_platt,w03_2012m03_m08,5,2,0.1,3850,458,3392,0.1189610389610389,3466,384,384,74,3850,3466,0.896512264438827,0.896512264438827,0.0,False,3465,1,384,3465,1,384,0.0821538316541574,0.1077385658343595,0.0821538316541574,0.1077385658343595,0.1077385658343595,0.1076920576513683,True,3392,0,False,False,True,True,True,True,True,default_mirror,default_mirror,True,True,True,True,True,True,True,True,True,True
woe_scorecard_borrower_platt,w03_2012m03_m08,5,3,0.1,4669,712,3957,0.1524951809809381,4203,466,466,246,4669,4203,0.8696102851887344,0.8696102851887344,0.0,False,4202,1,466,4202,1,466,0.1077430733768668,0.1445694654618487,0.1077430733768668,0.1445694654618487,0.1445694654618487,0.1445568867382881,True,3957,0,False,False,True,True,True,True,True,default_mirror,default_mirror,True,True,True,True,True,True,True,True,True,True
woe_scorecard_borrower_platt,w03_2012m03_m08,5,4,0.1,5357,1158,4199,0.2161657644203845,4823,534,534,624,5357,4823,0.8157350170065134,0.8157350170065134,0.0,False,4822,1,534,4822,1,534,0.1445833792800775,0.5357958794822116,0.1445833792800775,0.5357958794822116,0.5357958794822116,0.5039034506566104,True,4198,1,False,False,True,False,False,True,False,condition_not_met,condition_not_met,False,True,True,True,True,True,True,True,True,True
woe_scorecard_borrower_platt,w04_2012m04_m09,5,0,0.1,2138,86,2052,0.0402245088868101,1926,212,212,-126,2138,1926,0.0559854839856034,0.0559854839856034,0.0,True,1925,1,212,1925,1,212,0.0153709095692125,0.0574404412711015,0.0153709095692125,0.0574404412711015,0.0574404412711015,0.0573816503948915,True,2052,0,True,True,True,True,True,True,True,nondefault_mirror,nondefault_mirror,True,True,True,True,True,True,True,True,True,True
woe_scorecard_borrower_platt,w04_2012m04_m09,5,1,0.1,3345,263,3082,0.0786248131539611,3012,333,333,-70,3345,3012,0.0817146123877533,0.0817146123877533,0.0,True,3011,1,333,3011,1,333,0.0574646464483777,0.0821333818483639,0.0574646464483777,0.0821333818483639,0.0821333818483639,0.0819900103261269,True,3082,0,True,True,True,True,True,True,True,nondefault_mirror,nondefault_mirror,True,True,True,True,True,True,True,True,True,True
woe_scorecard_borrower_platt,w04_2012m04_m09,5,2,0.1,4375,510,3865,0.1165714285714285,3939,436,436,74,4375,3939,0.8958041623819291,0.8958041623819291,0.0,False,3938,1,436,3938,1,436,0.0821538316541574,0.1077364323707694,0.0821538316541574,0.1077364323707694,0.1077324729973829,0.1077364323707694,True,3865,0,False,False,True,True,True,True,True,default_mirror,default_mirror,True,True,True,True,True,True,True,True,True,True
woe_scorecard_borrower_platt,w04_2012m04_m09,5,3,0.1,5417,821,4596,0.1515599040059073,4877,540,540,281,5417,4877,0.8691427808239305,0.8691427808239305,0.0,False,4876,1,540,4876,1,540,0.1077430733768668,0.1445722295226393,0.1077430733768668,0.1445722295226393,0.1445722295226393,0.1445673252118929,True,4596,0,False,False,True,True,True,True,True,default_mirror,default_mirror,True,True,True,True,True,True,True,True,True,True
woe_scorecard_borrower_platt,w04_2012m04_m09,5,4,0.1,6492,1395,5097,0.2148798521256931,5844,648,648,747,6492,5844,0.8160345634197681,0.8160345634197681,0.0,False,5843,1,648,5843,1,648,0.1445833792800775,0.5357958794822116,0.1445833792800775,0.5357958794822116,0.5357958794822116,0.5039034506566104,True,5096,1,False,False,True,False,False,True,False,condition_not_met,condition_not_met,False,True,True,True,True,True,True,True,True,True
woe_scorecard_borrower_platt,w05_2012m05_m10,5,0,0.1,2207,96,2111,0.0434979610330765,1988,219,219,-123,2207,1988,0.0559365767313618,0.0559365767313618,0.0,True,1987,1,219,1987,1,219,0.0153709095692125,0.0574404412711015,0.0153709095692125,0.0574404412711015,0.0574404412711015,0.0574004261467659,True,2111,0,True,True,True,True,True,True,True,nondefault_mirror,nondefault_mirror,True,True,True,True,True,True,True,True,True,True
woe_scorecard_borrower_platt,w05_2012m05_m10,5,1,0.1,3562,273,3289,0.0766423357664233,3207,355,355,-82,3562,3207,0.0816383237300672,0.0816383237300672,0.0,True,3206,1,355,3206,1,355,0.0574646464483777,0.0821333818483639,0.0574646464483777,0.0821333818483639,0.0821333818483639,0.0819900103261269,True,3289,0,True,True,True,True,True,True,True,nondefault_mirror,nondefault_mirror,True,True,True,True,True,True,True,True,True,True
woe_scorecard_borrower_platt,w05_2012m05_m10,5,2,0.1,4834,535,4299,0.1106743897393462,4352,482,482,53,4834,4352,0.8946440723920189,0.8946440723920189,0.0,False,4351,1,482,4351,1,482,0.0821538316541574,0.1077364323707694,0.0821538316541574,0.1077364323707694,0.1077346651512401,0.1077364323707694,True,4299,0,False,False,True,True,True,True,True,default_mirror,default_mirror,True,True,True,True,True,True,True,True,True,True
woe_scorecard_borrower_platt,w05_2012m05_m10,5,3,0.1,6197,929,5268,0.1499112473777634,5579,618,618,311,6197,5579,0.8690455913227577,0.8690455913227577,0.0,False,5578,1,618,5578,1,618,0.1077430733768668,0.1445722295226393,0.1077430733768668,0.1445722295226393,0.1445722295226393,0.1445673252118929,True,5268,0,False,False,True,True,True,True,True,default_mirror,default_mirror,True,True,True,True,True,True,True,True,True,True
woe_scorecard_borrower_platt,w05_2012m05_m10,5,4,0.1,7470,1559,5911,0.2087014725568942,6724,746,746,813,7470,6724,0.8153107438061385,0.8153107438061385,0.0,False,6723,1,746,6723,1,746,0.1445833792800775,0.5357958794822116,0.1445833792800775,0.5357958794822116,0.5357958794822116,0.5039034506566104,True,5910,1,False,False,True,False,False,True,False,condition_not_met,condition_not_met,False,True,True,True,True,True,True,True,True,True
woe_scorecard_borrower_platt,w06_2012m06_m11,5,0,0.1,2184,93,2091,0.0425824175824175,1967,217,217,-124,2184,1967,0.0561761851653184,0.0561761851653184,0.0,True,1966,1,217,1966,1,217,0.0153709095692125,0.0574404412711015,0.0153709095692125,0.0574404412711015,0.0574404412711015,0.0574004261467659,True,2091,0,True,True,True,True,True,True,True,nondefault_mirror,nondefault_mirror,True,True,True,True,True,True,True,True,True,True
woe_scorecard_borrower_platt,w06_2012m06_m11,5,1,0.1,3788,298,3490,0.0786694825765575,3411,377,377,-79,3788,3411,0.0817744277042999,0.0817744277042999,0.0,True,3410,1,377,3410,1,377,0.0574646464483777,0.0821333818483639,0.0574646464483777,0.0821333818483639,0.0821333818483639,0.0819900103261269,True,3490,0,True,True,True,True,True,True,True,nondefault_mirror,nondefault_mirror,True,True,True,True,True,True,True,True,True,True
woe_scorecard_borrower_platt,w06_2012m06_m11,5,2,0.1,5307,587,4720,0.1106086301111739,4778,529,529,58,5307,4778,0.8947444535675064,0.8947444535675064,0.0,False,4777,1,529,4777,1,529,0.0821535057454677,0.1077364323707694,0.0821535057454677,0.1077364323707694,0.1077346651512401,0.1077364323707694,True,4720,0,False,False,True,True,True,True,True,default_mirror,default_mirror,True,True,True,True,True,True,True,True,True,True
woe_scorecard_borrower_platt,w06_2012m06_m11,5,3,0.1,6917,1006,5911,0.1454387740349862,6227,690,690,316,6917,6227,0.8678973635862652,0.8678973635862652,0.0,False,6226,1,690,6226,1,690,0.1077501756645529,0.1445722295226393,0.1077501756645529,0.1445722295226393,0.1445722295226393,0.1445673252118929,True,5911,0,False,False,True,True,True,True,True,default_mirror,default_mirror,True,True,True,True,True,True,True,True,True,True
woe_scorecard_borrower_platt,w06_2012m06_m11,5,4,0.1,8489,1701,6788,0.2003769584167746,7641,848,848,853,8489,7641,0.8127864808444741,0.8127864808444741,0.0,False,7640,1,848,7640,1,848,0.1445833792800775,0.5357958794822116,0.1445833792800775,0.5357958794822116,0.5357958794822116,0.5039034506566104,True,6787,1,False,False,True,False,False,True,False,condition_not_met,condition_not_met,False,True,True,True,True,True,True,True,True,True
woe_scorecard_borrower_platt,w07_2012m07_m12,5,0,0.1,2162,96,2066,0.0444033302497687,1947,215,215,-119,2162,1947,0.0562269548779351,0.0562269548779351,0.0,True,1946,1,215,1946,1,215,0.0153709095692125,0.057434641369397,0.0153709095692125,0.057434641369397,0.057434641369397,0.0574004261467659,True,2066,0,True,True,True,True,True,True,True,nondefault_mirror,nondefault_mirror,True,True,True,True,True,True,True,True,True,True
woe_scorecard_borrower_platt,w07_2012m07_m12,5,1,0.1,3889,294,3595,0.0755978400617125,3501,388,388,-94,3889,3501,0.0817358001559059,0.0817358001559059,0.0,True,3500,1,388,3500,1,388,0.0574646464483777,0.0821333818483639,0.0574646464483777,0.0821333818483639,0.0821333818483639,0.0819261025139115,True,3595,0,True,True,True,True,True,True,True,nondefault_mirror,nondefault_mirror,True,True,True,True,True,True,True,True,True,True
woe_scorecard_borrower_platt,w07_2012m07_m12,5,2,0.1,5630,592,5038,0.1051509769094138,5068,562,562,30,5630,5068,0.893511369618807,0.893511369618807,0.0,False,5067,1,562,5067,1,562,0.0821496621655966,0.1077364323707694,0.0821496621655966,0.1077364323707694,0.1077348411839289,0.1077364323707694,True,5038,0,False,False,True,True,True,True,True,default_mirror,default_mirror,True,True,True,True,True,True,True,True,True,True
woe_scorecard_borrower_platt,w07_2012m07_m12,5,3,0.1,7379,1021,6358,0.138365632199485,6642,737,737,284,7379,6642,0.8664332183519763,0.8664332183519763,0.0,False,6641,1,737,6641,1,737,0.1077501756645529,0.1445722295226393,0.1077501756645529,0.1445722295226393,0.1445722295226393,0.1445673252118929,True,6358,0,False,False,True,True,True,True,True,default_mirror,default_mirror,True,True,True,True,True,True,True,True,True,True
woe_scorecard_borrower_platt,w07_2012m07_m12,5,4,0.1,9351,1761,7590,0.1883221045877446,8417,934,934,827,9351,8417,0.8076722391544042,0.8076722391544042,0.0,False,8416,1,934,8416,1,934,0.1445833792800775,0.5636253521793838,0.1445833792800775,0.5636253521793838,0.5636253521793838,0.5039034506566104,True,7588,1,False,False,True,False,False,True,False,condition_not_met,condition_not_met,False,True,True,True,True,True,True,True,True,True
woe_scorecard_borrower_platt,w08_2012m08_2013m01,5,0,0.1,2101,91,2010,0.0433127082341742,1892,209,209,-118,2101,1892,0.0562482271334287,0.0562482271334287,0.0,True,1891,1,209,1891,1,209,0.0153709095692125,0.057434641369397,0.0153709095692125,0.057434641369397,0.057434641369397,0.0574004261467659,True,2010,0,True,True,True,True,True,True,True,nondefault_mirror,nondefault_mirror,True,True,True,True,True,True,True,True,True,True
woe_scorecard_borrower_platt,w08_2012m08_2013m01,5,1,0.1,3866,280,3586,0.0724262803931712,3481,385,385,-105,3866,3481,0.0816390586568008,0.0816390586568008,0.0,True,3480,1,385,3480,1,385,0.0574910338672161,0.0821333818483639,0.0574910338672161,0.0821333818483639,0.0821333818483639,0.0819261025139115,True,3586,0,True,True,True,True,True,True,True,nondefault_mirror,nondefault_mirror,True,True,True,True,True,True,True,True,True,True
woe_scorecard_borrower_platt,w08_2012m08_2013m01,5,2,0.1,5786,587,5199,0.1014517801590045,5209,577,577,10,5786,5209,0.8925654416058487,0.8925654416058487,0.0,False,5208,1,577,5208,1,577,0.0821496621655966,0.1077364323707694,0.0821496621655966,0.1077364323707694,0.1077348411839289,0.1077364323707694,True,5199,0,False,False,True,True,True,True,True,default_mirror,default_mirror,True,True,True,True,True,True,True,True,True,True
woe_scorecard_borrower_platt,w08_2012m08_2013m01,5,3,0.1,7886,1036,6850,0.1313720517372558,7099,787,787,249,7886,7099,0.864106904988743,0.864106904988743,0.0,False,7098,1,787,7098,1,787,0.1077501756645529,0.1445722295226393,0.1077501756645529,0.1445722295226393,0.1445722295226393,0.1445673252118929,True,6850,0,False,False,True,True,True,True,True,default_mirror,default_mirror,True,True,True,True,True,True,True,True,True,True
woe_scorecard_borrower_platt,w08_2012m08_2013m01,5,4,0.1,10490,1851,8639,0.1764537654909437,9442,1048,1048,803,10490,9442,0.8011946341431034,0.8011946341431034,0.0,False,9441,1,1048,9441,1,1048,0.1445855839041341,0.5753073332505431,0.1445855839041341,0.5753073332505431,0.5753073332505431,0.542030063203431,True,8636,2,False,False,True,False,False,True,False,condition_not_met,condition_not_met,False,True,True,True,True,True,True,True,True,True
