learner,learner_label,window,window_id,taxonomy_groups,score_stratum,conformal_group,alpha,fit_rows,fit_defaults,fit_default_prevalence,finite_sample_rank,boundary_count,phase_boundary_rate,phase_margin,phase_prevalence_at_or_below_boundary,frozen_threshold,threshold_below_half,max_score_below_half_condition,target_candidate_rows,target_score_max,positive_label_boundary,target_max_below_positive_label_boundary,positive_label_excluded_from_every_target_set,target_resolved_rows,target_resolved_misses,resolved_misses_in_exclusion_strata,resolved_misses_all_strata,exclusion_strata_resolved_miss_fraction
catboost_monotonic_platt,Monotonic CatBoost,W1,w01_2012m01_m06,5,1,0,0.1,1873,79,0.0421783235451147,1687,186,0.0993059263214095,-107,True,0.0485617328664206,True,True,54840,0.0501452524727675,0.9514382671335794,True,True,53021,6387,13951,42781,0.3261027091465838
catboost_monotonic_platt,Monotonic CatBoost,W1,w01_2012m01_m06,5,2,1,0.1,2364,210,0.0888324873096446,2129,235,0.0994077834179357,-25,True,0.0786843171164054,True,True,73852,0.0788902730725399,0.9213156828835946,True,True,71333,7564,13951,42781,0.3261027091465838
catboost_monotonic_platt,Monotonic CatBoost,W1,w01_2012m01_m06,5,3,2,0.1,3070,351,0.1143322475570032,2764,306,0.0996742671009772,45,False,0.8922987973823122,False,True,81100,0.1113257517493976,0.10770120261768779,False,False,78463,9681,13951,42781,0.3261027091465838
catboost_monotonic_platt,Monotonic CatBoost,W1,w01_2012m01_m06,5,4,3,0.1,3579,520,0.1452919810002794,3222,357,0.0997485331098072,163,False,0.8602366287204435,False,True,78800,0.1526136343452786,0.13976337127955651,False,False,76404,10042,13951,42781,0.3261027091465838
catboost_monotonic_platt,Monotonic CatBoost,W1,w01_2012m01_m06,5,5,4,0.1,4062,884,0.2176267848350566,3657,405,0.09970457902511078,479,False,0.8098837326283999,False,False,88298,0.6311016024999007,0.19011626737160014,False,False,85593,9107,13951,42781,0.3261027091465838
catboost_monotonic_platt,Monotonic CatBoost,W2,w02_2012m02_m07,5,1,0,0.1,1947,85,0.0436569080636877,1754,193,0.09912686183872625,-108,True,0.0485701091372974,True,True,54840,0.0501452524727675,0.9514298908627026,True,True,53021,6360,14123,42646,0.33116822210758334
catboost_monotonic_platt,Monotonic CatBoost,W2,w02_2012m02_m07,5,2,1,0.1,2516,223,0.0886327503974562,2266,250,0.09936406995230525,-27,True,0.0786074384929598,True,True,73852,0.0788902730725399,0.9213925615070402,True,True,71333,7763,14123,42646,0.33116822210758334
catboost_monotonic_platt,Monotonic CatBoost,W2,w02_2012m02_m07,5,3,2,0.1,3430,391,0.1139941690962099,3088,342,0.09970845481049563,49,False,0.8923204107454423,False,True,81100,0.1113257517493976,0.10767958925455767,False,False,78463,9675,14123,42646,0.33116822210758334
catboost_monotonic_platt,Monotonic CatBoost,W2,w02_2012m02_m07,5,4,3,0.1,4117,633,0.1537527325722613,3707,410,0.09958707796939519,223,False,0.8614307278525446,False,True,78800,0.1526136343452786,0.1385692721474554,False,False,76404,9636,14123,42646,0.33116822210758334
catboost_monotonic_platt,Monotonic CatBoost,W2,w02_2012m02_m07,5,5,4,0.1,4664,1016,0.2178387650085763,4199,465,0.09969982847341338,551,False,0.8093029473412743,False,False,88298,0.6311016024999007,0.19069705265872572,False,False,85593,9212,14123,42646,0.33116822210758334
catboost_monotonic_platt,Monotonic CatBoost,W3,w03_2012m03_m08,5,1,0,0.1,2171,97,0.0446798710271764,1955,216,0.09949332105020728,-119,True,0.0486586893897483,True,True,54840,0.0501452524727675,0.9513413106102517,True,True,53021,6172,14337,42873,0.3344062696802183
catboost_monotonic_platt,Monotonic CatBoost,W3,w03_2012m03_m08,5,2,1,0.1,2705,223,0.0824399260628465,2436,269,0.09944547134935305,-46,True,0.0784306112390894,True,True,73852,0.0788902730725399,0.9215693887609107,True,True,71333,8165,14337,42873,0.3344062696802183
catboost_monotonic_platt,Monotonic CatBoost,W3,w03_2012m03_m08,5,3,2,0.1,3881,435,0.112084514300438,3494,387,0.09971656789487246,48,False,0.8920058033644691,False,True,81100,0.1113257517493976,0.10799419663553089,False,False,78463,9789,14337,42873,0.3344062696802183
catboost_monotonic_platt,Monotonic CatBoost,W3,w03_2012m03_m08,5,4,3,0.1,4787,737,0.1539586379778567,4310,477,0.09964487152705244,260,False,0.8611478437816212,False,True,78800,0.1526136343452786,0.13885215621837876,False,False,76404,9724,14337,42873,0.3344062696802183
catboost_monotonic_platt,Monotonic CatBoost,W3,w03_2012m03_m08,5,5,4,0.1,5505,1197,0.2174386920980926,4956,549,0.0997275204359673,648,False,0.8103428263697585,False,False,88298,0.6311016024999007,0.18965717363024148,False,False,85593,9023,14337,42873,0.3344062696802183
catboost_monotonic_platt,Monotonic CatBoost,W4,w04_2012m04_m09,5,1,0,0.1,2275,93,0.0408791208791208,2049,226,0.09934065934065935,-133,True,0.0484962472679778,True,True,54840,0.0501452524727675,0.9515037527320223,True,True,53021,6537,14723,43861,0.33567406123891386
catboost_monotonic_platt,Monotonic CatBoost,W4,w04_2012m04_m09,5,2,1,0.1,2908,240,0.0825309491059147,2619,289,0.09938101788170564,-49,True,0.0784221683323626,True,True,73852,0.0788902730725399,0.9215778316676374,True,True,71333,8186,14723,43861,0.33567406123891386
catboost_monotonic_platt,Monotonic CatBoost,W4,w04_2012m04_m09,5,3,2,0.1,4367,459,0.1051064804213418,3932,435,0.09961071673918022,24,False,0.8900324876847417,False,True,81100,0.1113257517493976,0.10996751231525825,False,False,78463,10479,14723,43861,0.33567406123891386
catboost_monotonic_platt,Monotonic CatBoost,W4,w04_2012m04_m09,5,4,3,0.1,5622,862,0.1533262184276058,5061,561,0.09978655282817503,301,False,0.8607956116401266,False,True,78800,0.1526136343452786,0.13920438835987337,False,False,76404,9846,14723,43861,0.33567406123891386
catboost_monotonic_platt,Monotonic CatBoost,W4,w04_2012m04_m09,5,5,4,0.1,6595,1421,0.2154662623199393,5937,658,0.09977255496588325,763,False,0.8114834386744343,False,False,88298,0.6311016024999007,0.1885165613255657,False,False,85593,8813,14723,43861,0.33567406123891386
catboost_monotonic_platt,Monotonic CatBoost,W5,w05_2012m05_m10,5,1,0,0.1,2365,108,0.0456659619450317,2130,235,0.09936575052854123,-127,True,0.0485450372782145,True,True,54840,0.0501452524727675,0.9514549627217855,True,True,53021,6416,14687,44107,0.3329856938807899
catboost_monotonic_platt,Monotonic CatBoost,W5,w05_2012m05_m10,5,2,1,0.1,3134,251,0.080089342693044,2822,312,0.09955328653477984,-61,True,0.0783834788743444,True,True,73852,0.0788902730725399,0.9216165211256556,True,True,71333,8271,14687,44107,0.3329856938807899
catboost_monotonic_platt,Monotonic CatBoost,W5,w05_2012m05_m10,5,3,2,0.1,4888,498,0.1018821603927987,4401,487,0.0996317512274959,11,False,0.8892804189864737,False,True,81100,0.1113257517493976,0.1107195810135263,False,False,78463,10735,14687,44107,0.3329856938807899
catboost_monotonic_platt,Monotonic CatBoost,W5,w05_2012m05_m10,5,4,3,0.1,6390,959,0.1500782472613458,5752,638,0.09984350547730829,321,False,0.8606682863399073,False,True,78800,0.1526136343452786,0.13933171366009267,False,False,76404,9878,14687,44107,0.3329856938807899
catboost_monotonic_platt,Monotonic CatBoost,W5,w05_2012m05_m10,5,5,4,0.1,7493,1576,0.210329640998265,6745,748,0.09982650473775524,828,False,0.8115173654626233,False,True,88298,0.6311016024999007,0.18848263453737668,False,False,85593,8807,14687,44107,0.3329856938807899
catboost_monotonic_platt,Monotonic CatBoost,W6,w06_2012m06_m11,5,1,0,0.1,2376,112,0.0471380471380471,2140,236,0.09932659932659933,-124,True,0.0486007880089365,True,True,54840,0.0501452524727675,0.9513992119910635,True,True,53021,6287,14584,44403,0.3284462761525122
catboost_monotonic_platt,Monotonic CatBoost,W6,w06_2012m06_m11,5,2,1,0.1,3316,258,0.0778045838359469,2986,330,0.09951749095295537,-72,True,0.0783690327579728,True,True,73852,0.0788902730725399,0.9216309672420272,True,True,71333,8297,14584,44403,0.3284462761525122
catboost_monotonic_platt,Monotonic CatBoost,W6,w06_2012m06_m11,5,3,2,0.1,5356,545,0.1017550410754294,4822,534,0.09970126960418223,11,False,0.8892090679898458,False,True,81100,0.1113257517493976,0.11079093201015422,False,False,78463,10759,14584,44403,0.3284462761525122
catboost_monotonic_platt,Monotonic CatBoost,W6,w06_2012m06_m11,5,4,3,0.1,7241,1063,0.1468029277724071,6518,723,0.09984808728076233,340,False,0.8602366287204435,False,True,78800,0.1526136343452786,0.13976337127955651,False,False,76404,10042,14584,44403,0.3284462761525122
catboost_monotonic_platt,Monotonic CatBoost,W6,w06_2012m06_m11,5,5,4,0.1,8396,1707,0.203311100524059,7558,838,0.09980943306336351,869,False,0.8103745792333379,False,True,88298,0.6311016024999007,0.1896254207666621,False,False,85593,9018,14584,44403,0.3284462761525122
catboost_monotonic_platt,Monotonic CatBoost,W7,w07_2012m07_m12,5,1,0,0.1,2457,112,0.0455840455840455,2213,244,0.0993080993080993,-132,True,0.0486007880089365,True,True,54840,0.0501452524727675,0.9513992119910635,True,True,53021,6287,26066,45567,0.5720367810037966
catboost_monotonic_platt,Monotonic CatBoost,W7,w07_2012m07_m12,5,2,1,0.1,3642,265,0.0727622185612301,3279,363,0.09967051070840198,-98,True,0.078276042645755,True,True,73852,0.0788902730725399,0.9217239573542451,True,True,71333,8497,26066,45567,0.5720367810037966
catboost_monotonic_platt,Monotonic CatBoost,W7,w07_2012m07_m12,5,3,2,0.1,5776,547,0.0947022160664819,5200,576,0.0997229916897507,-29,True,0.1111467592454646,True,True,81100,0.1113257517493976,0.8888532407545354,True,True,78463,11282,26066,45567,0.5720367810037966
catboost_monotonic_platt,Monotonic CatBoost,W7,w07_2012m07_m12,5,4,3,0.1,7625,1083,0.1420327868852459,6864,761,0.0998032786885246,322,False,0.8598182534639773,False,True,78800,0.1526136343452786,0.14018174653602267,False,False,76404,10183,26066,45567,0.5720367810037966
catboost_monotonic_platt,Monotonic CatBoost,W7,w07_2012m07_m12,5,5,4,0.1,8911,1757,0.197172034564022,8021,890,0.09987655706430255,867,False,0.8087374786830329,False,True,88298,0.6311016024999007,0.19126252131696708,False,False,85593,9318,26066,45567,0.5720367810037966
catboost_monotonic_platt,Monotonic CatBoost,W8,w08_2012m08_2013m01,5,1,0,0.1,2498,109,0.043634907926341,2250,248,0.09927942353883107,-139,True,0.0486753523807552,True,True,54840,0.0501452524727675,0.9513246476192448,True,True,53021,6129,26250,46881,0.5599283291738657
catboost_monotonic_platt,Monotonic CatBoost,W8,w08_2012m08_2013m01,5,2,1,0.1,3844,272,0.0707596253902185,3461,383,0.09963579604578564,-111,True,0.078274772459913,True,True,73852,0.0788902730725399,0.921725227540087,True,True,71333,8500,26250,46881,0.5599283291738657
catboost_monotonic_platt,Monotonic CatBoost,W8,w08_2012m08_2013m01,5,3,2,0.1,6042,540,0.0893743793445878,5439,603,0.09980139026812314,-63,True,0.1109813242932129,True,True,81100,0.1113257517493976,0.889018675706787,True,True,78463,11621,26250,46881,0.5599283291738657
catboost_monotonic_platt,Monotonic CatBoost,W8,w08_2012m08_2013m01,5,4,3,0.1,8094,1095,0.1352853965900667,7286,808,0.09982703236965654,287,False,0.8583320244890962,False,True,78800,0.1526136343452786,0.14166797551090382,False,False,76404,10684,26250,46881,0.5599283291738657
catboost_monotonic_platt,Monotonic CatBoost,W8,w08_2012m08_2013m01,5,5,4,0.1,9651,1829,0.1895140399958553,8687,964,0.099886022173868,865,False,0.8053547613963974,False,True,88298,0.6311016024999007,0.1946452386036026,False,False,85593,9947,26250,46881,0.5599283291738657
catboost_platt,CatBoost,W1,w01_2012m01_m06,5,1,0,0.1,1829,96,0.0524876981957353,1647,182,0.09950792782941498,-86,True,0.0491131879466576,True,True,60520,0.0502639837473318,0.9508868120533424,True,True,58445,6353,16123,44855,0.3594471073458923
catboost_platt,CatBoost,W1,w01_2012m01_m06,5,2,1,0.1,2437,190,0.0779647107098892,2195,242,0.09930242100943783,-52,True,0.0796458969830263,True,True,79865,0.080368886853859,0.9203541030169737,True,True,77165,9770,16123,44855,0.3594471073458923
catboost_platt,CatBoost,W1,w01_2012m01_m06,5,3,2,0.1,3249,379,0.1166512773160972,2925,324,0.0997229916897507,55,False,0.8919735883395368,False,True,79047,0.1118929639718075,0.10802641166046323,False,False,76495,9834,16123,44855,0.3594471073458923
catboost_platt,CatBoost,W1,w01_2012m01_m06,5,4,3,0.1,3603,556,0.154315847904524,3244,359,0.09963918956425201,197,False,0.8617614186932525,False,True,80235,0.1532609213726591,0.1382385813067475,False,False,77819,9900,16123,44855,0.3594471073458923
catboost_platt,CatBoost,W1,w01_2012m01_m06,5,5,4,0.1,3830,823,0.2148825065274151,3448,382,0.09973890339425587,441,False,0.8095744723631617,False,False,77223,0.5544847575803251,0.1904255276368383,False,False,74890,8998,16123,44855,0.3594471073458923
catboost_platt,CatBoost,W2,w02_2012m02_m07,5,1,0,0.1,1943,97,0.0499227997941327,1750,193,0.09933093154915079,-96,True,0.0490039526461765,True,True,60520,0.0502639837473318,0.9509960473538235,True,True,58445,6617,16089,44082,0.3649789029535865
catboost_platt,CatBoost,W2,w02_2012m02_m07,5,2,1,0.1,2647,217,0.0819795995466566,2384,263,0.09935776350585569,-46,True,0.0797876649605875,True,True,79865,0.080368886853859,0.9202123350394125,True,True,77165,9472,16089,44082,0.3649789029535865
catboost_platt,CatBoost,W2,w02_2012m02_m07,5,3,2,0.1,3621,422,0.1165423916045291,3260,361,0.09969621651477492,61,False,0.8920116585417792,False,True,79047,0.1118929639718075,0.10798834145822078,False,False,76495,9817,16089,44082,0.3649789029535865
catboost_platt,CatBoost,W2,w02_2012m02_m07,5,4,3,0.1,4098,661,0.1612981942410932,3690,408,0.09956076134699854,253,False,0.862876020574146,False,True,80235,0.1532609213726591,0.13712397942585397,False,False,77819,9487,16089,44082,0.3649789029535865
catboost_platt,CatBoost,W2,w02_2012m02_m07,5,5,4,0.1,4365,951,0.2178694158075601,3930,435,0.09965635738831616,516,False,0.8111630187017316,False,True,77223,0.5544847575803251,0.18883698129826842,False,False,74890,8689,16089,44082,0.3649789029535865
catboost_platt,CatBoost,W3,w03_2012m03_m08,5,1,0,0.1,2182,107,0.0490375802016498,1965,217,0.09945004582951421,-110,True,0.0488154400698228,True,True,60520,0.0502639837473318,0.9511845599301771,True,True,58445,7022,16662,44604,0.37355394135055153
catboost_platt,CatBoost,W3,w03_2012m03_m08,5,2,1,0.1,2931,232,0.0791538723984988,2639,292,0.09962470146707608,-60,True,0.0797095922909728,True,True,79865,0.080368886853859,0.9202904077090273,True,True,77165,9640,16662,44604,0.37355394135055153
catboost_platt,CatBoost,W3,w03_2012m03_m08,5,3,2,0.1,4018,458,0.1139870582379293,3618,400,0.09955201592832255,58,False,0.8916085888119072,False,True,79047,0.1118929639718075,0.10839141118809281,False,False,76495,9969,16662,44604,0.37355394135055153
catboost_platt,CatBoost,W3,w03_2012m03_m08,5,4,3,0.1,4806,776,0.1614648356221389,4327,479,0.09966708281315023,297,False,0.863313952320159,False,True,80235,0.1532609213726591,0.13668604767984105,False,False,77819,9343,16662,44604,0.37355394135055153
catboost_platt,CatBoost,W3,w03_2012m03_m08,5,5,4,0.1,5112,1116,0.2183098591549295,4602,510,0.09976525821596244,606,False,0.8115631424920364,False,True,77223,0.5544847575803251,0.18843685750796357,False,False,74890,8630,16662,44604,0.37355394135055153
catboost_platt,CatBoost,W4,w04_2012m04_m09,5,1,0,0.1,2320,104,0.0448275862068965,2089,231,0.09956896551724138,-127,True,0.0485356508584787,True,True,60520,0.0502639837473318,0.9514643491415213,True,True,58445,7631,17103,45648,0.3746713985278654
catboost_platt,CatBoost,W4,w04_2012m04_m09,5,2,1,0.1,3199,249,0.0778368240075023,2880,319,0.0997186620819006,-70,True,0.0797876649605875,True,True,79865,0.080368886853859,0.9202123350394125,True,True,77165,9472,17103,45648,0.3746713985278654
catboost_platt,CatBoost,W4,w04_2012m04_m09,5,3,2,0.1,4511,496,0.1099534471292396,4061,450,0.09975615162935048,46,False,0.890281077239412,False,True,79047,0.1118929639718075,0.10971892276058803,False,False,76495,10485,17103,45648,0.3746713985278654
catboost_platt,CatBoost,W4,w04_2012m04_m09,5,4,3,0.1,5643,906,0.1605528973950026,5080,563,0.09976962608541556,343,False,0.8624583885207028,False,True,80235,0.1532609213726591,0.13754161147929722,False,False,77819,9648,17103,45648,0.3746713985278654
catboost_platt,CatBoost,W4,w04_2012m04_m09,5,5,4,0.1,6094,1320,0.2166064981949458,5486,608,0.09977026583524778,712,False,0.8127065501276763,False,True,77223,0.5544847575803251,0.18729344987232366,False,False,74890,8412,17103,45648,0.3746713985278654
catboost_platt,CatBoost,W5,w05_2012m05_m10,5,1,0,0.1,2456,115,0.0468241042345276,2212,244,0.0993485342019544,-129,True,0.0484384683655253,True,True,60520,0.0502639837473318,0.9515615316344747,True,True,58445,7840,17314,46509,0.3722720333698854
catboost_platt,CatBoost,W5,w05_2012m05_m10,5,2,1,0.1,3483,269,0.0772322710307206,3136,347,0.09962675854148723,-78,True,0.0797867363162015,True,True,79865,0.080368886853859,0.9202132636837985,True,True,77165,9474,17314,46509,0.3722720333698854
catboost_platt,CatBoost,W5,w05_2012m05_m10,5,3,2,0.1,5001,533,0.1065786842631473,4502,499,0.09978004399120176,34,False,0.8894148014498154,False,True,79047,0.1118929639718075,0.11058519855018456,False,False,76495,10822,17314,46509,0.3722720333698854
catboost_platt,CatBoost,W5,w05_2012m05_m10,5,4,3,0.1,6360,1011,0.1589622641509434,5725,635,0.09984276729559749,376,False,0.8616959042825142,False,True,80235,0.1532609213726591,0.1383040957174858,False,False,77819,9917,17314,46509,0.3722720333698854
catboost_platt,CatBoost,W5,w05_2012m05_m10,5,5,4,0.1,6970,1464,0.2100430416068866,6274,696,0.09985652797704447,768,False,0.8124732989633325,False,True,77223,0.5544847575803251,0.18752670103666746,False,False,74890,8456,17314,46509,0.3722720333698854
catboost_platt,CatBoost,W6,w06_2012m06_m11,5,1,0,0.1,2551,116,0.0454723637789102,2297,254,0.0995687965503724,-138,True,0.0484668814087071,True,True,60520,0.0502639837473318,0.9515331185912929,True,True,58445,7787,17129,46655,0.3671417854463616
catboost_platt,CatBoost,W6,w06_2012m06_m11,5,2,1,0.1,3783,300,0.0793021411578112,3406,377,0.09965635738831616,-77,True,0.0798440797007135,True,True,79865,0.080368886853859,0.9201559202992865,True,True,77165,9342,17129,46655,0.3671417854463616
catboost_platt,CatBoost,W6,w06_2012m06_m11,5,3,2,0.1,5502,579,0.1052344601962922,4953,549,0.09978189749182116,30,False,0.8892521057704302,False,True,79047,0.1118929639718075,0.11074789422956977,False,False,76495,10880,17129,46655,0.3671417854463616
catboost_platt,CatBoost,W6,w06_2012m06_m11,5,4,3,0.1,7126,1119,0.1570305921975863,6415,711,0.09977547010945832,408,False,0.8612148729915213,False,True,80235,0.1532609213726591,0.13878512700847867,False,False,77819,10100,17129,46655,0.3671417854463616
catboost_platt,CatBoost,W6,w06_2012m06_m11,5,5,4,0.1,7723,1571,0.2034183607406448,6952,771,0.09983167163019552,800,False,0.8119678361988626,False,True,77223,0.5544847575803251,0.1880321638011374,False,False,74890,8546,17129,46655,0.3671417854463616
catboost_platt,CatBoost,W7,w07_2012m07_m12,5,1,0,0.1,2733,121,0.044273691913648,2461,272,0.09952433223563849,-151,True,0.0484805012938176,True,True,60520,0.0502639837473318,0.9515194987061824,True,True,58445,7750,17319,47615,0.36372991704294866
catboost_platt,CatBoost,W7,w07_2012m07_m12,5,2,1,0.1,4268,318,0.0745079662605435,3843,425,0.09957825679475164,-107,True,0.0797397671541154,True,True,79865,0.080368886853859,0.9202602328458847,True,True,77165,9569,17319,47615,0.36372991704294866
catboost_platt,CatBoost,W7,w07_2012m07_m12,5,3,2,0.1,5929,603,0.1017034913138809,5337,592,0.09984820374430764,11,False,0.8884345991499274,False,True,79047,0.1118929639718075,0.1115654008500726,False,False,76495,11195,17319,47615,0.36372991704294866
catboost_platt,CatBoost,W7,w07_2012m07_m12,5,4,3,0.1,7430,1118,0.1504710632570659,6688,742,0.09986541049798116,376,False,0.8604327334944422,False,True,80235,0.1532609213726591,0.13956726650555784,False,False,77819,10357,17319,47615,0.36372991704294866
catboost_platt,CatBoost,W7,w07_2012m07_m12,5,5,4,0.1,8051,1604,0.1992299093280337,7247,804,0.09986337100981245,800,False,0.8109305281057975,False,True,77223,0.5544847575803251,0.18906947189420253,False,False,74890,8744,17319,47615,0.36372991704294866
catboost_platt,CatBoost,W8,w08_2012m08_2013m01,5,1,0,0.1,2847,132,0.0463645943097997,2564,283,0.09940288022479803,-151,True,0.0486584140925409,True,True,60520,0.0502639837473318,0.9513415859074591,True,True,58445,7361,28608,48938,0.5845764027953737
catboost_platt,CatBoost,W8,w08_2012m08_2013m01,5,2,1,0.1,4572,324,0.0708661417322834,4116,456,0.09973753280839895,-132,True,0.0796435411922613,True,True,79865,0.080368886853859,0.9203564588077386,True,True,77165,9771,28608,48938,0.5845764027953737
catboost_platt,CatBoost,W8,w08_2012m08_2013m01,5,3,2,0.1,6238,606,0.0971465213209362,5616,622,0.09971144597627445,-16,True,0.1118010883671265,True,True,79047,0.1118929639718075,0.8881989116328735,True,True,76495,11476,28608,48938,0.5845764027953737
catboost_platt,CatBoost,W8,w08_2012m08_2013m01,5,4,3,0.1,7820,1129,0.1443734015345268,7039,781,0.09987212276214834,348,False,0.8592335766105592,False,True,80235,0.1532609213726591,0.1407664233894408,False,False,77819,10741,28608,48938,0.5845764027953737
catboost_platt,CatBoost,W8,w08_2012m08_2013m01,5,5,4,0.1,8652,1654,0.191169671752196,7788,864,0.09986130374479889,790,False,0.8061960123826506,False,True,77223,0.5544847575803251,0.1938039876173494,False,False,74890,9589,28608,48938,0.5845764027953737
numeric_logistic_platt,Numeric logistic,W1,w01_2012m01_m06,5,1,0,0.1,1626,70,0.043050430504305,1465,161,0.0990159901599016,-91,True,0.0558455068891937,True,True,48646,0.0568557287272218,0.9441544931108063,True,True,47005,5387,10882,39014,0.2789255139180807
numeric_logistic_platt,Numeric logistic,W1,w01_2012m01_m06,5,2,1,0.1,2452,200,0.0815660685154975,2208,244,0.09951060358890701,-44,True,0.0810087084692815,True,True,55311,0.0813865809621454,0.9189912915307185,True,True,53433,5495,10882,39014,0.2789255139180807
numeric_logistic_platt,Numeric logistic,W1,w01_2012m01_m06,5,3,2,0.1,2724,309,0.1134361233480176,2453,271,0.09948604992657856,38,False,0.8954712290162469,False,True,70157,0.1079643670749323,0.10452877098375313,False,False,67884,6984,10882,39014,0.2789255139180807
numeric_logistic_platt,Numeric logistic,W1,w01_2012m01_m06,5,4,3,0.1,3497,501,0.1432656562768087,3149,348,0.09951386903059765,153,False,0.8649328079682392,False,True,87008,0.1473989655363499,0.13506719203176076,False,False,84316,9483,10882,39014,0.2789255139180807
numeric_logistic_platt,Numeric logistic,W1,w01_2012m01_m06,5,5,4,0.1,4649,964,0.207356420735642,4185,464,0.099806409980641,500,False,0.8080294405623234,False,True,115768,1.0,0.1919705594376766,False,False,112176,11665,10882,39014,0.2789255139180807
numeric_logistic_platt,Numeric logistic,W2,w02_2012m02_m07,5,1,0,0.1,1712,73,0.0426401869158878,1542,170,0.09929906542056074,-97,True,0.0558035349604413,True,True,48646,0.0568557287272218,0.9441964650395587,True,True,47005,5446,11021,39363,0.2799837410766456
numeric_logistic_platt,Numeric logistic,W2,w02_2012m02_m07,5,2,1,0.1,2585,206,0.0796905222437137,2328,257,0.09941972920696325,-51,True,0.0809745020827268,True,True,55311,0.0813865809621454,0.9190254979172732,True,True,53433,5575,11021,39363,0.2799837410766456
numeric_logistic_platt,Numeric logistic,W2,w02_2012m02_m07,5,3,2,0.1,2960,345,0.116554054054054,2665,295,0.09966216216216216,50,False,0.89610165568957,False,True,70157,0.1079643670749323,0.10389834431042999,False,False,67884,6791,11021,39363,0.2799837410766456
numeric_logistic_platt,Numeric logistic,W2,w02_2012m02_m07,5,4,3,0.1,3925,571,0.1454777070063694,3534,391,0.09961783439490446,180,False,0.8647243677720748,False,True,87008,0.1473989655363499,0.13527563222792516,False,False,84316,9556,11021,39363,0.2799837410766456
numeric_logistic_platt,Numeric logistic,W2,w02_2012m02_m07,5,5,4,0.1,5492,1153,0.2099417334304442,4944,548,0.09978150036416605,605,False,0.8063208460322784,False,True,115768,1.0,0.19367915396772162,False,False,112176,11995,11021,39363,0.2799837410766456
numeric_logistic_platt,Numeric logistic,W3,w03_2012m03_m08,5,1,0,0.1,1945,80,0.0411311053984575,1752,193,0.09922879177377893,-113,True,0.0557623096810253,True,True,48646,0.0568557287272218,0.9442376903189746,True,True,47005,5504,11221,39466,0.284320681092586
numeric_logistic_platt,Numeric logistic,W3,w03_2012m03_m08,5,2,1,0.1,2758,205,0.0743292240754169,2484,274,0.09934735315445975,-69,True,0.0809073660956201,True,True,55311,0.0813865809621454,0.9190926339043799,True,True,53433,5717,11221,39466,0.284320681092586
numeric_logistic_platt,Numeric logistic,W3,w03_2012m03_m08,5,3,2,0.1,3252,366,0.1125461254612546,2928,324,0.0996309963099631,42,False,0.8958192511745544,False,True,70157,0.1079643670749323,0.10418074882544559,False,False,67884,6864,11221,39466,0.284320681092586
numeric_logistic_platt,Numeric logistic,W3,w03_2012m03_m08,5,4,3,0.1,4515,663,0.146843853820598,4065,450,0.09966777408637874,213,False,0.8655596934660833,False,True,87008,0.1473989655363499,0.1344403065339167,False,False,84316,9277,11221,39466,0.284320681092586
numeric_logistic_platt,Numeric logistic,W3,w03_2012m03_m08,5,5,4,0.1,6579,1375,0.2089983280133759,5922,657,0.09986320109439124,718,False,0.8058713502545035,False,True,115768,1.0,0.19412864974549648,False,False,112176,12104,11221,39466,0.284320681092586
numeric_logistic_platt,Numeric logistic,W4,w04_2012m04_m09,5,1,0,0.1,2062,83,0.0402521823472356,1857,205,0.0994180407371484,-122,True,0.0556807020199895,True,True,48646,0.0568557287272218,0.9443192979800105,True,True,47005,5651,11823,40802,0.28976520758786334
numeric_logistic_platt,Numeric logistic,W4,w04_2012m04_m09,5,2,1,0.1,2940,200,0.0680272108843537,2647,293,0.09965986394557823,-93,True,0.0807050090863365,True,True,55311,0.0813865809621454,0.9192949909136635,True,True,53433,6172,11823,40802,0.28976520758786334
numeric_logistic_platt,Numeric logistic,W4,w04_2012m04_m09,5,3,2,0.1,3594,391,0.1087924318308291,3236,358,0.09961046188091263,33,False,0.8947818688022484,False,True,70157,0.1079643670749323,0.10521813119775159,False,False,67884,7216,11823,40802,0.28976520758786334
numeric_logistic_platt,Numeric logistic,W4,w04_2012m04_m09,5,4,3,0.1,5235,748,0.1428844317096466,4713,522,0.0997134670487106,226,False,0.8645731565389918,False,True,87008,0.1473989655363499,0.1354268434610082,False,False,84316,9609,11823,40802,0.28976520758786334
numeric_logistic_platt,Numeric logistic,W4,w04_2012m04_m09,5,5,4,0.1,7936,1653,0.2082913306451612,7144,792,0.09979838709677419,861,False,0.8056165785472097,False,True,115768,1.0,0.1943834214527903,False,False,112176,12154,11823,40802,0.28976520758786334
numeric_logistic_platt,Numeric logistic,W5,w05_2012m05_m10,5,1,0,0.1,2151,101,0.0469549046954904,1937,214,0.099488609948861,-113,True,0.0557893961188405,True,True,48646,0.0568557287272218,0.9442106038811595,True,True,47005,5465,11631,41701,0.2789141747200307
numeric_logistic_platt,Numeric logistic,W5,w05_2012m05_m10,5,2,1,0.1,3070,212,0.0690553745928338,2764,306,0.0996742671009772,-94,True,0.0807085321606214,True,True,55311,0.0813865809621454,0.9192914678393787,True,True,53433,6166,11631,41701,0.2789141747200307
numeric_logistic_platt,Numeric logistic,W5,w05_2012m05_m10,5,3,2,0.1,3987,412,0.1033358414848256,3590,397,0.09957361424630047,15,False,0.89330390881681,False,True,70157,0.1079643670749323,0.10669609118319001,False,False,67884,7728,11631,41701,0.2789141747200307
numeric_logistic_platt,Numeric logistic,W5,w05_2012m05_m10,5,4,3,0.1,5907,801,0.1356018283392585,5318,589,0.09971220585745726,212,False,0.8633439810939889,False,True,87008,0.1473989655363499,0.1366560189060111,False,False,84316,10024,11631,41701,0.2789141747200307
numeric_logistic_platt,Numeric logistic,W5,w05_2012m05_m10,5,5,4,0.1,9155,1866,0.2038230475150191,8241,914,0.09983615510649918,952,False,0.8048975884461733,False,True,115768,1.0,0.19510241155382668,False,False,112176,12318,11631,41701,0.2789141747200307
numeric_logistic_platt,Numeric logistic,W6,w06_2012m06_m11,5,1,0,0.1,2160,103,0.0476851851851851,1945,215,0.09953703703703703,-112,True,0.0558073347454651,True,True,48646,0.0568557287272218,0.9441926652545349,True,True,47005,5442,11381,42667,0.2667401035929407
numeric_logistic_platt,Numeric logistic,W6,w06_2012m06_m11,5,2,1,0.1,3184,231,0.0725502512562814,2867,317,0.09956030150753768,-86,True,0.0808002068916298,True,True,55311,0.0813865809621454,0.9191997931083702,True,True,53433,5939,11381,42667,0.2667401035929407
numeric_logistic_platt,Numeric logistic,W6,w06_2012m06_m11,5,3,2,0.1,4335,443,0.1021914648212226,3903,432,0.09965397923875433,11,False,0.8928429613469422,False,True,70157,0.1079643670749323,0.10715703865305781,False,False,67884,7895,11381,42667,0.2667401035929407
numeric_logistic_platt,Numeric logistic,W6,w06_2012m06_m11,5,4,3,0.1,6610,860,0.1301059001512859,5950,660,0.09984871406959153,200,False,0.8615126151660237,False,True,87008,0.1473989655363499,0.13848738483397627,False,False,84316,10585,11381,42667,0.2667401035929407
numeric_logistic_platt,Numeric logistic,W6,w06_2012m06_m11,5,5,4,0.1,10396,2048,0.1969988457098884,9358,1038,0.09984609465178915,1010,False,0.8023477375876491,False,True,115768,1.0,0.1976522624123509,False,False,112176,12806,11381,42667,0.2667401035929407
numeric_logistic_platt,Numeric logistic,W7,w07_2012m07_m12,5,1,0,0.1,2122,104,0.0490103675777568,1911,211,0.0994344957587182,-107,True,0.0557164094567131,True,True,48646,0.0568557287272218,0.9442835905432869,True,True,47005,5595,20173,44716,0.4511360586814563
numeric_logistic_platt,Numeric logistic,W7,w07_2012m07_m12,5,2,1,0.1,3332,226,0.0678271308523409,3000,332,0.09963985594237695,-106,True,0.0807156622296755,True,True,55311,0.0813865809621454,0.9192843377703245,True,True,53433,6153,20173,44716,0.4511360586814563
numeric_logistic_platt,Numeric logistic,W7,w07_2012m07_m12,5,3,2,0.1,4645,444,0.0955866523143164,4182,463,0.09967707212055975,-19,True,0.107864252044333,True,True,70157,0.1079643670749323,0.892135747955667,True,True,67884,8425,20173,44716,0.4511360586814563
numeric_logistic_platt,Numeric logistic,W7,w07_2012m07_m12,5,4,3,0.1,7070,867,0.1226308345120226,6364,706,0.09985855728429986,161,False,0.8600412333216553,False,True,87008,0.1473989655363499,0.13995876667834473,False,False,84316,11107,20173,44716,0.4511360586814563
numeric_logistic_platt,Numeric logistic,W7,w07_2012m07_m12,5,5,4,0.1,11242,2123,0.1888454011741683,10119,1123,0.099893257427504,1000,False,0.7990143068958951,False,False,115768,1.0,0.20098569310410486,False,False,112176,13436,20173,44716,0.4511360586814563
numeric_logistic_platt,Numeric logistic,W8,w08_2012m08_2013m01,5,1,0,0.1,2116,107,0.0505671077504725,1906,210,0.09924385633270322,-103,True,0.0557368200356067,True,True,48646,0.0568557287272218,0.9442631799643934,True,True,47005,5551,20702,46246,0.4476495264455304
numeric_logistic_platt,Numeric logistic,W8,w08_2012m08_2013m01,5,2,1,0.1,3363,213,0.063336306868867,3028,335,0.09961344038061255,-122,True,0.0806767179867205,True,True,55311,0.0813865809621454,0.9193232820132795,True,True,53433,6232,20702,46246,0.4476495264455304
numeric_logistic_platt,Numeric logistic,W8,w08_2012m08_2013m01,5,3,2,0.1,4765,412,0.0864637985309548,4290,475,0.09968520461699895,-63,True,0.1076334659451168,True,True,70157,0.1079643670749323,0.8923665340548832,True,True,67884,8919,20702,46246,0.4476495264455304
numeric_logistic_platt,Numeric logistic,W8,w08_2012m08_2013m01,5,4,3,0.1,7477,880,0.1176942624047077,6731,746,0.09977263608399091,134,False,0.8586477692753473,False,True,87008,0.1473989655363499,0.14135223072465275,False,False,84316,11537,20702,46246,0.4476495264455304
numeric_logistic_platt,Numeric logistic,W8,w08_2012m08_2013m01,5,5,4,0.1,12408,2233,0.1799645390070922,11169,1239,0.0998549323017408,994,False,0.7957866017565826,False,False,115768,1.0,0.20421339824341744,False,False,112176,14007,20702,46246,0.4476495264455304
woe_scorecard_borrower_platt,Pricing-excluded application WOE scorecard,W1,w01_2012m01_m06,5,1,0,0.1,1800,87,0.0483333333333333,1621,179,0.09944444444444445,-92,True,0.0562784705064006,True,True,39047,0.0574591961190722,0.9437215294935994,True,True,37814,4219,10956,39024,0.28075030750307506
woe_scorecard_borrower_platt,Pricing-excluded application WOE scorecard,W1,w01_2012m01_m06,5,2,1,0.1,2687,236,0.0878302940081875,2420,267,0.09936732415333085,-31,True,0.0819156326553255,True,True,58224,0.0821438244860562,0.9180843673446745,True,True,56371,6737,10956,39024,0.28075030750307506
woe_scorecard_borrower_platt,Pricing-excluded application WOE scorecard,W1,w01_2012m01_m06,5,3,2,0.1,3101,379,0.1222186391486617,2792,309,0.09964527571751049,70,False,0.8967211272446106,False,True,72677,0.1077429098268527,0.10327887275538938,False,False,70244,7882,10956,39024,0.28075030750307506
woe_scorecard_borrower_platt,Pricing-excluded application WOE scorecard,W1,w01_2012m01_m06,5,4,3,0.1,3484,511,0.146670493685419,3137,347,0.09959816303099885,164,False,0.8685932743510872,False,True,87156,0.1445720605200189,0.13140672564891276,False,False,84389,9186,10956,39024,0.28075030750307506
woe_scorecard_borrower_platt,Pricing-excluded application WOE scorecard,W1,w01_2012m01_m06,5,5,4,0.1,3876,831,0.2143962848297213,3490,386,0.09958720330237358,445,False,0.8157327967164133,False,False,119786,0.6610262139333022,0.1842672032835867,False,False,115996,11000,10956,39024,0.28075030750307506
woe_scorecard_borrower_platt,Pricing-excluded application WOE scorecard,W2,w02_2012m02_m07,5,1,0,0.1,1857,90,0.048465266558966,1673,184,0.0990845449649973,-94,True,0.0562652379420531,True,True,39047,0.0574591961190722,0.9437347620579469,True,True,37814,4248,10789,38482,0.28036484590198013
woe_scorecard_borrower_platt,Pricing-excluded application WOE scorecard,W2,w02_2012m02_m07,5,2,1,0.1,2863,262,0.0915123995808592,2578,285,0.09954593084177436,-23,True,0.0820121647274353,True,True,58224,0.0821438244860562,0.9179878352725647,True,True,56371,6541,10789,38482,0.28036484590198013
woe_scorecard_borrower_platt,Pricing-excluded application WOE scorecard,W2,w02_2012m02_m07,5,3,2,0.1,3436,412,0.119906868451688,3094,342,0.09953434225844005,70,False,0.896869508626507,False,True,72677,0.1077429098268527,0.10313049137349295,False,False,70244,7815,10789,38482,0.28036484590198013
woe_scorecard_borrower_platt,Pricing-excluded application WOE scorecard,W2,w02_2012m02_m07,5,4,3,0.1,3989,608,0.152419152669842,3591,398,0.0997743795437453,210,False,0.8699044158877978,False,True,87156,0.1445720605200189,0.13009558411220223,False,False,84389,8767,10789,38482,0.28036484590198013
woe_scorecard_borrower_platt,Pricing-excluded application WOE scorecard,W2,w02_2012m02_m07,5,5,4,0.1,4529,976,0.2155001103996467,4077,452,0.09980128063590196,524,False,0.8151935626412361,False,False,119786,0.6610262139333022,0.1848064373587639,False,False,115996,11111,10789,38482,0.28036484590198013
woe_scorecard_borrower_platt,Pricing-excluded application WOE scorecard,W3,w03_2012m03_m08,5,1,0,0.1,2047,91,0.0444553004396678,1844,203,0.0991695163654128,-112,True,0.0561517797142081,True,True,39047,0.0574591961190722,0.9438482202857919,True,True,37814,4412,11218,39039,0.2873536719690566
woe_scorecard_borrower_platt,Pricing-excluded application WOE scorecard,W3,w03_2012m03_m08,5,2,1,0.1,3126,270,0.0863723608445297,2815,311,0.09948816378758797,-41,True,0.0818851197896118,True,True,58224,0.0821438244860562,0.9181148802103882,True,True,56371,6806,11218,39039,0.2873536719690566
woe_scorecard_borrower_platt,Pricing-excluded application WOE scorecard,W3,w03_2012m03_m08,5,3,2,0.1,3850,458,0.1189610389610389,3466,384,0.09974025974025974,74,False,0.896512264438827,False,True,72677,0.1077429098268527,0.10348773556117297,False,False,70244,7946,11218,39039,0.2873536719690566
woe_scorecard_borrower_platt,Pricing-excluded application WOE scorecard,W3,w03_2012m03_m08,5,4,3,0.1,4669,712,0.1524951809809381,4203,466,0.09980723923752409,246,False,0.8696102851887344,False,True,87156,0.1445720605200189,0.1303897148112656,False,False,84389,8875,11218,39039,0.2873536719690566
woe_scorecard_borrower_platt,Pricing-excluded application WOE scorecard,W3,w03_2012m03_m08,5,5,4,0.1,5357,1158,0.2161657644203845,4823,534,0.09968265820421877,624,False,0.8157350170065134,False,False,119786,0.6610262139333022,0.1842649829934866,False,False,115996,11000,11218,39039,0.2873536719690566
woe_scorecard_borrower_platt,Pricing-excluded application WOE scorecard,W4,w04_2012m04_m09,5,1,0,0.1,2138,86,0.0402245088868101,1926,212,0.09915809167446211,-126,True,0.0559854839856034,True,True,39047,0.0574591961190722,0.9440145160143966,True,True,37814,4672,11840,40005,0.29596300462442193
woe_scorecard_borrower_platt,Pricing-excluded application WOE scorecard,W4,w04_2012m04_m09,5,2,1,0.1,3345,263,0.0786248131539611,3012,333,0.09955156950672646,-70,True,0.0817146123877533,True,True,58224,0.0821438244860562,0.9182853876122468,True,True,56371,7168,11840,40005,0.29596300462442193
woe_scorecard_borrower_platt,Pricing-excluded application WOE scorecard,W4,w04_2012m04_m09,5,3,2,0.1,4375,510,0.1165714285714285,3939,436,0.09965714285714286,74,False,0.8958041623819291,False,True,72677,0.1077429098268527,0.10419583761807094,False,False,70244,8204,11840,40005,0.29596300462442193
woe_scorecard_borrower_platt,Pricing-excluded application WOE scorecard,W4,w04_2012m04_m09,5,4,3,0.1,5417,821,0.1515599040059073,4877,540,0.09968617315857485,281,False,0.8691427808239305,False,True,87156,0.1445720605200189,0.13085721917606952,False,False,84389,9025,11840,40005,0.29596300462442193
woe_scorecard_borrower_platt,Pricing-excluded application WOE scorecard,W4,w04_2012m04_m09,5,5,4,0.1,6492,1395,0.2148798521256931,5844,648,0.09981515711645102,747,False,0.8160345634197681,False,False,119786,0.6610262139333022,0.1839654365802319,False,False,115996,10936,11840,40005,0.29596300462442193
woe_scorecard_borrower_platt,Pricing-excluded application WOE scorecard,W5,w05_2012m05_m10,5,1,0,0.1,2207,96,0.0434979610330765,1988,219,0.09922972360670594,-123,True,0.0559365767313618,True,True,39047,0.0574591961190722,0.9440634232686382,True,True,37814,4768,12102,40966,0.29541571058926913
woe_scorecard_borrower_platt,Pricing-excluded application WOE scorecard,W5,w05_2012m05_m10,5,2,1,0.1,3562,273,0.0766423357664233,3207,355,0.09966311061201572,-82,True,0.0816383237300672,True,True,58224,0.0821438244860562,0.9183616762699328,True,True,56371,7334,12102,40966,0.29541571058926913
woe_scorecard_borrower_platt,Pricing-excluded application WOE scorecard,W5,w05_2012m05_m10,5,3,2,0.1,4834,535,0.1106743897393462,4352,482,0.09971038477451385,53,False,0.8946440723920189,False,True,72677,0.1077429098268527,0.10535592760798107,False,False,70244,8722,12102,40966,0.29541571058926913
woe_scorecard_borrower_platt,Pricing-excluded application WOE scorecard,W5,w05_2012m05_m10,5,4,3,0.1,6197,929,0.1499112473777634,5579,618,0.09972567371308698,311,False,0.8690455913227577,False,True,87156,0.1445720605200189,0.13095440867724228,False,False,84389,9053,12102,40966,0.29541571058926913
woe_scorecard_borrower_platt,Pricing-excluded application WOE scorecard,W5,w05_2012m05_m10,5,5,4,0.1,7470,1559,0.2087014725568942,6724,746,0.0998661311914324,813,False,0.8153107438061385,False,False,119786,0.6610262139333022,0.18468925619386145,False,False,115996,11089,12102,40966,0.29541571058926913
woe_scorecard_borrower_platt,Pricing-excluded application WOE scorecard,W6,w06_2012m06_m11,5,1,0,0.1,2184,93,0.0425824175824175,1967,217,0.09935897435897435,-124,True,0.0561761851653184,True,True,39047,0.0574591961190722,0.9438238148346816,True,True,37814,4384,11426,41193,0.2773772242856796
woe_scorecard_borrower_platt,Pricing-excluded application WOE scorecard,W6,w06_2012m06_m11,5,2,1,0.1,3788,298,0.0786694825765575,3411,377,0.09952481520591341,-79,True,0.0817744277042999,True,True,58224,0.0821438244860562,0.9182255722957001,True,True,56371,7042,11426,41193,0.2773772242856796
woe_scorecard_borrower_platt,Pricing-excluded application WOE scorecard,W6,w06_2012m06_m11,5,3,2,0.1,5307,587,0.1106086301111739,4778,529,0.09967966836254004,58,False,0.8947444535675064,False,True,72677,0.1077429098268527,0.10525554643249357,False,False,70244,8670,11426,41193,0.2773772242856796
woe_scorecard_borrower_platt,Pricing-excluded application WOE scorecard,W6,w06_2012m06_m11,5,4,3,0.1,6917,1006,0.1454387740349862,6227,690,0.09975422871186931,316,False,0.8678973635862652,False,True,87156,0.1445720605200189,0.13210263641373476,False,False,84389,9457,11426,41193,0.2773772242856796
woe_scorecard_borrower_platt,Pricing-excluded application WOE scorecard,W6,w06_2012m06_m11,5,5,4,0.1,8489,1701,0.2003769584167746,7641,848,0.09989398044528212,853,False,0.8127864808444741,False,False,119786,0.6610262139333022,0.18721351915552586,False,False,115996,11640,11426,41193,0.2773772242856796
woe_scorecard_borrower_platt,Pricing-excluded application WOE scorecard,W7,w07_2012m07_m12,5,1,0,0.1,2162,96,0.0444033302497687,1947,215,0.09944495837187789,-119,True,0.0562269548779351,True,True,39047,0.0574591961190722,0.943773045122065,True,True,37814,4311,11436,43205,0.2646915866219188
woe_scorecard_borrower_platt,Pricing-excluded application WOE scorecard,W7,w07_2012m07_m12,5,2,1,0.1,3889,294,0.0755978400617125,3501,388,0.09976857804062741,-94,True,0.0817358001559059,True,True,58224,0.0821438244860562,0.9182641998440941,True,True,56371,7125,11436,43205,0.2646915866219188
woe_scorecard_borrower_platt,Pricing-excluded application WOE scorecard,W7,w07_2012m07_m12,5,3,2,0.1,5630,592,0.1051509769094138,5068,562,0.09982238010657193,30,False,0.893511369618807,False,True,72677,0.1077429098268527,0.10648863038119305,False,False,70244,9183,11436,43205,0.2646915866219188
woe_scorecard_borrower_platt,Pricing-excluded application WOE scorecard,W7,w07_2012m07_m12,5,4,3,0.1,7379,1021,0.138365632199485,6642,737,0.0998780322536929,284,False,0.8664332183519763,False,True,87156,0.1445720605200189,0.1335667816480237,False,False,84389,9940,11436,43205,0.2646915866219188
woe_scorecard_borrower_platt,Pricing-excluded application WOE scorecard,W7,w07_2012m07_m12,5,5,4,0.1,9351,1761,0.1883221045877446,8417,934,0.09988236552240402,827,False,0.8076722391544042,False,False,119786,0.6610262139333022,0.19232776084559577,False,False,115996,12646,11436,43205,0.2646915866219188
woe_scorecard_borrower_platt,Pricing-excluded application WOE scorecard,W8,w08_2012m08_2013m01,5,1,0,0.1,2101,91,0.0433127082341742,1892,209,0.09947643979057591,-118,True,0.0562482271334287,True,True,39047,0.0574591961190722,0.9437517728665713,True,True,37814,4275,11607,45771,0.2535885167464115
woe_scorecard_borrower_platt,Pricing-excluded application WOE scorecard,W8,w08_2012m08_2013m01,5,2,1,0.1,3866,280,0.0724262803931712,3481,385,0.09958613554061045,-105,True,0.0816390586568008,True,True,58224,0.0821438244860562,0.9183609413431992,True,True,56371,7332,11607,45771,0.2535885167464115
woe_scorecard_borrower_platt,Pricing-excluded application WOE scorecard,W8,w08_2012m08_2013m01,5,3,2,0.1,5786,587,0.1014517801590045,5209,577,0.0997234704459039,10,False,0.8925654416058487,False,True,72677,0.1077429098268527,0.10743455839415128,False,False,70244,9524,11607,45771,0.2535885167464115
woe_scorecard_borrower_platt,Pricing-excluded application WOE scorecard,W8,w08_2012m08_2013m01,5,4,3,0.1,7886,1036,0.1313720517372558,7099,787,0.09979710880040578,249,False,0.864106904988743,False,True,87156,0.1445720605200189,0.13589309501125701,False,False,84389,10794,11607,45771,0.2535885167464115
woe_scorecard_borrower_platt,Pricing-excluded application WOE scorecard,W8,w08_2012m08_2013m01,5,5,4,0.1,10490,1851,0.1764537654909437,9442,1048,0.09990467111534795,803,False,0.8011946341431034,False,False,119786,0.6610262139333022,0.19880536585689657,False,False,115996,13846,11607,45771,0.2535885167464115
woe_scorecard_platform_platt,Platform-signal WOE scorecard,W1,w01_2012m01_m06,5,1,0,0.1,1821,86,0.0472267984623833,1640,181,0.09939593629873696,-95,True,0.0517057704116148,True,True,35138,0.0530720606166981,0.9482942295883852,True,True,33946,3612,10207,39911,0.2557440304677908
woe_scorecard_platform_platt,Platform-signal WOE scorecard,W1,w01_2012m01_m06,5,2,1,0.1,2510,209,0.0832669322709163,2260,250,0.099601593625498,-41,True,0.0826220035268752,True,True,64651,0.0829817482010331,0.9173779964731248,True,True,62524,6595,10207,39911,0.2557440304677908
woe_scorecard_platform_platt,Platform-signal WOE scorecard,W1,w01_2012m01_m06,5,3,2,0.1,3065,365,0.1190864600326264,2760,305,0.09951060358890701,60,False,0.8928580899872146,False,True,83959,0.111570375852346,0.10714191001278539,False,False,81210,9493,10207,39911,0.2557440304677908
woe_scorecard_platform_platt,Platform-signal WOE scorecard,W1,w01_2012m01_m06,5,4,3,0.1,3565,533,0.1495091164095371,3210,355,0.09957924263674614,178,False,0.866169924727429,False,True,90040,0.1469666362773201,0.13383007527257096,False,False,87174,10006,10207,39911,0.2557440304677908
woe_scorecard_platform_platt,Platform-signal WOE scorecard,W1,w01_2012m01_m06,5,5,4,0.1,3987,851,0.2134436919989967,3590,397,0.09957361424630047,454,False,0.820632533454388,False,False,103102,0.5556331471939644,0.17936746654561198,False,False,99960,10205,10207,39911,0.2557440304677908
woe_scorecard_platform_platt,Platform-signal WOE scorecard,W2,w02_2012m02_m07,5,1,0,0.1,1894,88,0.0464625131995776,1706,188,0.09926082365364308,-100,True,0.0517057704116148,True,True,35138,0.0530720606166981,0.9482942295883852,True,True,33946,3612,10226,39493,0.2589319626262882
woe_scorecard_platform_platt,Platform-signal WOE scorecard,W2,w02_2012m02_m07,5,2,1,0.1,2582,213,0.0824941905499612,2325,257,0.09953524399690163,-44,True,0.0826145334913069,True,True,64651,0.0829817482010331,0.9173854665086931,True,True,62524,6614,10226,39493,0.2589319626262882
woe_scorecard_platform_platt,Platform-signal WOE scorecard,W2,w02_2012m02_m07,5,3,2,0.1,3378,407,0.12048549437537,3042,336,0.0994671403197158,71,False,0.8932714582951211,False,True,83959,0.111570375852346,0.10672854170487889,False,False,81210,9327,10226,39493,0.2589319626262882
woe_scorecard_platform_platt,Platform-signal WOE scorecard,W2,w02_2012m02_m07,5,4,3,0.1,4156,641,0.1542348411934552,3742,414,0.09961501443695861,227,False,0.8667622645945511,False,True,90040,0.1469666362773201,0.13323773540544892,False,False,87174,9751,10226,39493,0.2589319626262882
woe_scorecard_platform_platt,Platform-signal WOE scorecard,W2,w02_2012m02_m07,5,5,4,0.1,4664,999,0.2141938250428816,4199,465,0.09969982847341338,534,False,0.820704425291185,False,True,103102,0.5556331471939644,0.17929557470881496,False,False,99960,10189,10226,39493,0.2589319626262882
woe_scorecard_platform_platt,Platform-signal WOE scorecard,W3,w03_2012m03_m08,5,1,0,0.1,2104,92,0.0437262357414448,1895,209,0.09933460076045628,-117,True,0.0517679585364495,True,True,35138,0.0530720606166981,0.9482320414635506,True,True,33946,3510,10225,40243,0.2540814551599036
woe_scorecard_platform_platt,Platform-signal WOE scorecard,W3,w03_2012m03_m08,5,2,1,0.1,2710,220,0.081180811808118,2440,270,0.0996309963099631,-50,True,0.0825729623783634,True,True,64651,0.0829817482010331,0.9174270376216366,True,True,62524,6715,10225,40243,0.2540814551599036
woe_scorecard_platform_platt,Platform-signal WOE scorecard,W3,w03_2012m03_m08,5,3,2,0.1,3761,428,0.1137995214038819,3386,375,0.09970752459452273,53,False,0.8917448503721951,False,True,83959,0.111570375852346,0.10825514962780491,False,False,81210,9969,10225,40243,0.2540814551599036
woe_scorecard_platform_platt,Platform-signal WOE scorecard,W3,w03_2012m03_m08,5,4,3,0.1,4941,760,0.1538150172029953,4448,493,0.09977737300141672,267,False,0.866522684784726,False,True,90040,0.1469666362773201,0.13347731521527395,False,False,87174,9860,10225,40243,0.2540814551599036
woe_scorecard_platform_platt,Platform-signal WOE scorecard,W3,w03_2012m03_m08,5,5,4,0.1,5533,1189,0.2148924634014097,4981,552,0.09976504608711369,637,False,0.8207075411423037,False,True,103102,0.5556331471939644,0.1792924588576963,False,False,99960,10189,10225,40243,0.2540814551599036
woe_scorecard_platform_platt,Platform-signal WOE scorecard,W4,w04_2012m04_m09,5,1,0,0.1,2199,84,0.0381991814461118,1980,219,0.09959072305593451,-135,True,0.0516245566277867,True,True,35138,0.0530720606166981,0.9483754433722134,True,True,33946,3741,10575,41096,0.25732431380182985
woe_scorecard_platform_platt,Platform-signal WOE scorecard,W4,w04_2012m04_m09,5,2,1,0.1,2864,219,0.0764664804469273,2579,285,0.09951117318435754,-66,True,0.0825220937838191,True,True,64651,0.0829817482010331,0.9174779062161809,True,True,62524,6834,10575,41096,0.25732431380182985
woe_scorecard_platform_platt,Platform-signal WOE scorecard,W4,w04_2012m04_m09,5,3,2,0.1,4218,462,0.1095305832147937,3798,420,0.09957325746799431,42,False,0.8908550637496875,False,True,83959,0.111570375852346,0.10914493625031252,False,False,81210,10421,10575,41096,0.25732431380182985
woe_scorecard_platform_platt,Platform-signal WOE scorecard,W4,w04_2012m04_m09,5,4,3,0.1,5758,877,0.1523098298020146,5184,574,0.09968739145536645,303,False,0.8664095376944709,False,True,90040,0.1469666362773201,0.13359046230552907,False,False,87174,9911,10575,41096,0.25732431380182985
woe_scorecard_platform_platt,Platform-signal WOE scorecard,W4,w04_2012m04_m09,5,5,4,0.1,6728,1433,0.2129904875148632,6057,671,0.09973246135552913,762,False,0.8207075411423037,False,True,103102,0.5556331471939644,0.1792924588576963,False,False,99960,10189,10575,41096,0.25732431380182985
woe_scorecard_platform_platt,Platform-signal WOE scorecard,W5,w05_2012m05_m10,5,1,0,0.1,2281,98,0.0429636124506795,2054,227,0.09951775537045156,-129,True,0.0516643738011466,True,True,35138,0.0530720606166981,0.9483356261988534,True,True,33946,3677,10336,42315,0.24426326361810233
woe_scorecard_platform_platt,Platform-signal WOE scorecard,W5,w05_2012m05_m10,5,2,1,0.1,3010,234,0.0777408637873754,2710,300,0.09966777408637874,-66,True,0.082592209115085,True,True,64651,0.0829817482010331,0.917407790884915,True,True,62524,6659,10336,42315,0.24426326361810233
woe_scorecard_platform_platt,Platform-signal WOE scorecard,W5,w05_2012m05_m10,5,3,2,0.1,4620,467,0.101082251082251,4159,461,0.09978354978354978,6,False,0.8886831699133111,False,True,83959,0.111570375852346,0.11131683008668891,False,False,81210,11417,10336,42315,0.24426326361810233
woe_scorecard_platform_platt,Platform-signal WOE scorecard,W5,w05_2012m05_m10,5,4,3,0.1,6597,989,0.1499166287706533,5939,658,0.0997423071092921,331,False,0.8658020182635762,False,True,90040,0.1469666362773201,0.13419798173642383,False,False,87174,10141,10336,42315,0.24426326361810233
woe_scorecard_platform_platt,Platform-signal WOE scorecard,W5,w05_2012m05_m10,5,5,4,0.1,7762,1604,0.2066477711929915,6987,775,0.09984540066993043,829,False,0.819701753932392,False,True,103102,0.5556331471939644,0.18029824606760803,False,False,99960,10421,10336,42315,0.24426326361810233
woe_scorecard_platform_platt,Platform-signal WOE scorecard,W6,w06_2012m06_m11,5,1,0,0.1,2270,88,0.0387665198237885,2044,226,0.09955947136563877,-138,True,0.0516643738011466,True,True,35138,0.0530720606166981,0.9483356261988534,True,True,33946,3677,10264,42806,0.2397794701677335
woe_scorecard_platform_platt,Platform-signal WOE scorecard,W6,w06_2012m06_m11,5,2,1,0.1,3131,258,0.0824017885659533,2819,312,0.09964867454487385,-54,True,0.0826274030106329,True,True,64651,0.0829817482010331,0.9173725969893671,True,True,62524,6587,10264,42806,0.2397794701677335
woe_scorecard_platform_platt,Platform-signal WOE scorecard,W6,w06_2012m06_m11,5,3,2,0.1,5058,509,0.1006326611308817,4554,504,0.099644128113879,5,False,0.8886418869164812,False,True,83959,0.111570375852346,0.11135811308351884,False,False,81210,11438,10264,42806,0.2397794701677335
woe_scorecard_platform_platt,Platform-signal WOE scorecard,W6,w06_2012m06_m11,5,4,3,0.1,7370,1077,0.1461329715061058,6634,736,0.09986431478968792,341,False,0.8655770743208384,False,True,90040,0.1469666362773201,0.1344229256791616,False,False,87174,10240,10264,42806,0.2397794701677335
woe_scorecard_platform_platt,Platform-signal WOE scorecard,W6,w06_2012m06_m11,5,5,4,0.1,8856,1753,0.1979448961156278,7972,884,0.0998193315266486,869,False,0.8179061215295095,False,True,103102,0.5556331471939644,0.18209387847049052,False,False,99960,10864,10264,42806,0.2397794701677335
woe_scorecard_platform_platt,Platform-signal WOE scorecard,W7,w07_2012m07_m12,5,1,0,0.1,2228,85,0.0381508078994614,2007,221,0.09919210053859964,-136,True,0.0517369830503098,True,True,35138,0.0530720606166981,0.9482630169496902,True,True,33946,3558,22330,44730,0.49921752738654146
woe_scorecard_platform_platt,Platform-signal WOE scorecard,W7,w07_2012m07_m12,5,2,1,0.1,3329,251,0.0753980174226494,2997,332,0.09972964854310604,-81,True,0.0824731921880582,True,True,64651,0.0829817482010331,0.9175268078119418,True,True,62524,6937,22330,44730,0.49921752738654146
woe_scorecard_platform_platt,Platform-signal WOE scorecard,W7,w07_2012m07_m12,5,3,2,0.1,5419,516,0.095220520391216,4878,541,0.09983391769699207,-25,True,0.11144523824469,True,True,83959,0.111570375852346,0.88855476175531,True,True,81210,11835,22330,44730,0.49921752738654146
woe_scorecard_platform_platt,Platform-signal WOE scorecard,W7,w07_2012m07_m12,5,4,3,0.1,7848,1100,0.1401630988786952,7065,783,0.09977064220183486,317,False,0.8637891842072416,False,True,90040,0.1469666362773201,0.1362108157927584,False,False,87174,10992,22330,44730,0.49921752738654146
woe_scorecard_platform_platt,Platform-signal WOE scorecard,W7,w07_2012m07_m12,5,5,4,0.1,9587,1812,0.1890059455512673,8630,957,0.09982267654114947,855,False,0.8155138243109352,False,True,103102,0.5556331471939644,0.18448617568906478,False,False,99960,11408,22330,44730,0.49921752738654146
woe_scorecard_platform_platt,Platform-signal WOE scorecard,W8,w08_2012m08_2013m01,5,1,0,0.1,2118,79,0.0372993389990557,1908,210,0.09915014164305949,-131,True,0.0517813086326055,True,True,35138,0.0530720606166981,0.9482186913673945,True,True,33946,3488,22806,46774,0.48757856929063154
woe_scorecard_platform_platt,Platform-signal WOE scorecard,W8,w08_2012m08_2013m01,5,2,1,0.1,3393,232,0.0683760683760683,3055,338,0.09961685823754789,-106,True,0.0823229085366536,True,True,64651,0.0829817482010331,0.9176770914633464,True,True,62524,7285,22806,46774,0.48757856929063154
woe_scorecard_platform_platt,Platform-signal WOE scorecard,W8,w08_2012m08_2013m01,5,3,2,0.1,5636,514,0.0911994322214336,5074,562,0.09971611071682045,-48,True,0.1113677294113914,True,True,83959,0.111570375852346,0.8886322705886086,True,True,81210,12033,22806,46774,0.48757856929063154
woe_scorecard_platform_platt,Platform-signal WOE scorecard,W8,w08_2012m08_2013m01,5,4,3,0.1,8306,1106,0.1331567541536238,7477,829,0.0998073681675897,277,False,0.8623485518747436,False,True,90040,0.1469666362773201,0.13765144812525643,False,False,87174,11577,22806,46774,0.48757856929063154
woe_scorecard_platform_platt,Platform-signal WOE scorecard,W8,w08_2012m08_2013m01,5,5,4,0.1,10676,1914,0.1792806294492319,9610,1066,0.09985013113525665,848,False,0.8107571491152097,False,True,103102,0.5556331471939644,0.18924285088479031,False,False,99960,12391,22806,46774,0.48757856929063154
