learner,learner_label,window_id,score_stratum,fit_rows,target_rows,resolved_rows,unresolved_rows,completion_directional_ks_denominator,calibration_minus_target_ks_min,calibration_minus_target_ks_max,target_minus_calibration_ks_min,target_minus_calibration_ks_max,calibration_minus_target_ks_min_numerator,calibration_minus_target_ks_max_numerator,target_minus_calibration_ks_min_numerator,target_minus_calibration_ks_max_numerator,sharp_directional_discrepancy_comparison,v5_q_and_coverage_reconciled
catboost_platt,CatBoost,w01_2012m01_m06,1,1829,60520,58445,2075,110691080,0.0300532617443067,0.0502118869921587,0.0033017475301532,0.003426572403124,3326628,5558008,365474,379291,larger_target_residual_discrepancy_dominates,True
catboost_platt,CatBoost,w01_2012m01_m06,2,2437,79865,77165,2700,194631005,0.0262482228872013,0.0598173708243452,0.013553544565009,0.0223801701070186,5108718,11642315,2637940,4355875,larger_target_residual_discrepancy_dominates,True
catboost_platt,CatBoost,w01_2012m01_m06,3,3249,79047,76495,2552,256823703,0.0280268756969055,0.0601217053552101,0.006911593358655,0.0154782208712254,7197966,15440679,1775061,3975174,larger_target_residual_discrepancy_dominates,True
catboost_platt,CatBoost,w01_2012m01_m06,4,3603,80235,77819,2416,289086705,0.0322168949277691,0.0614809318193999,0.000527758618301,0.000739636227823,9313476,17773320,152568,213819,larger_target_residual_discrepancy_dominates,True
catboost_platt,CatBoost,w01_2012m01_m06,5,3830,77223,74890,2333,295764090,0.0523658602367853,0.0791324971195793,0.0060072302895189,0.0073669288249293,15487941,23404551,1776723,2178873,larger_target_residual_discrepancy_dominates,True
catboost_platt,CatBoost,w02_2012m02_m07,1,1943,60520,58445,2075,117590360,0.036952918589585,0.0554591975056458,0.0033659051643348,0.0034650459442423,4345307,6521467,395798,407456,larger_target_residual_discrepancy_dominates,True
catboost_platt,CatBoost,w02_2012m02_m07,2,2647,79865,77165,2700,211402655,0.0221273379939338,0.055470116967074,0.0130529817612744,0.0258787951362294,4677778,11726530,2759435,5470846,directional_discrepancies_not_robustly_ordered,True
catboost_platt,CatBoost,w02_2012m02_m07,3,3621,79047,76495,2552,286229187,0.0276572318950827,0.0597499129255466,0.0135741607650934,0.0268799107478861,7916307,17102169,3885321,7693815,larger_target_residual_discrepancy_dominates,True
catboost_platt,CatBoost,w02_2012m02_m07,4,4098,80235,77819,2416,328803030,0.0273379415025463,0.0549030159484844,0.0027660694002728,0.0038753110030646,8988798,18052278,909492,1274214,larger_target_residual_discrepancy_dominates,True
catboost_platt,CatBoost,w02_2012m02_m07,5,4365,77223,74890,2333,337078395,0.0487245645037558,0.0754912013865498,0.0039821211323852,0.0055435472214112,16423998,25446453,1342287,1868610,larger_target_residual_discrepancy_dominates,True
catboost_platt,CatBoost,w03_2012m03_m08,1,2182,60520,58445,2075,132054640,0.0517108978525858,0.0687648536999532,0.0039197562463537,0.0042832724393478,6828664,9080718,517622,565626,larger_target_residual_discrepancy_dominates,True
catboost_platt,CatBoost,w03_2012m03_m08,2,2931,79865,77165,2700,234084315,0.0239451071294546,0.0577521565253101,0.0088930905088621,0.0246910050338058,5605174,13518874,2081733,5779777,directional_discrepancies_not_robustly_ordered,True
catboost_platt,CatBoost,w03_2012m03_m08,3,4018,79047,76495,2552,317610846,0.0299322020004316,0.061989079554292,0.0144441824256845,0.0267659656685653,9506792,19688404,4587629,8501161,larger_target_residual_discrepancy_dominates,True
catboost_platt,CatBoost,w03_2012m03_m08,4,4806,80235,77819,2416,385609410,0.0250332532082139,0.0544717775429806,0.0022713242397274,0.0062873828727364,9653058,21004830,875844,2424474,larger_target_residual_discrepancy_dominates,True
catboost_platt,CatBoost,w03_2012m03_m08,5,5112,77223,74890,2333,394763976,0.0536981976288535,0.0783098886409027,0.0034206768654088,0.0048969209895687,21198114,30913923,1350360,1933128,larger_target_residual_discrepancy_dominates,True
catboost_platt,CatBoost,w04_2012m04_m09,1,2320,60520,58445,2075,140406400,0.0626452925222781,0.0789209038904209,0.0026597078195865,0.0029953050573193,8795800,11081000,373440,420560,larger_target_residual_discrepancy_dominates,True
catboost_platt,CatBoost,w04_2012m04_m09,2,3199,79865,77165,2700,255488135,0.025262155520451,0.0590692049163065,0.0123598538147378,0.0300267094595214,6454181,15091481,3157796,7671468,directional_discrepancies_not_robustly_ordered,True
catboost_platt,CatBoost,w04_2012m04_m09,3,4511,79047,76495,2552,356581017,0.0347318685223223,0.0663080194198896,0.0126376918152095,0.0249594750580903,12384725,23644181,4506361,8900075,larger_target_residual_discrepancy_dominates,True
catboost_platt,CatBoost,w04_2012m04_m09,4,5643,80235,77819,2416,452766105,0.0264801690488734,0.0554044344816845,0.0038060247464858,0.008726518960601,11989323,25085250,1723239,3951072,larger_target_residual_discrepancy_dominates,True
catboost_platt,CatBoost,w04_2012m04_m09,5,6094,77223,74890,2333,470596962,0.0605076621807856,0.0860052470971965,0.0049523672870629,0.0064184668493461,28474722,40473808,2330569,3020511,larger_target_residual_discrepancy_dominates,True
catboost_platt,CatBoost,w05_2012m05_m10,1,2456,60520,58445,2075,148637120,0.0622345212286136,0.079372689675365,0.0020198453791354,0.0023833615721294,9250360,11797728,300224,354256,larger_target_residual_discrepancy_dominates,True
catboost_platt,CatBoost,w05_2012m05_m10,2,3483,79865,77165,2700,278169795,0.0258667084972327,0.0596737578930882,0.0233780774077214,0.0392785528709182,7195337,16599437,6503075,10926107,directional_discrepancies_not_robustly_ordered,True
catboost_platt,CatBoost,w05_2012m05_m10,3,5001,79047,76495,2552,395314047,0.0384937851702497,0.0700699360678169,0.0127329803688964,0.024598154489562,15217134,27699630,5033526,9723996,larger_target_residual_discrepancy_dominates,True
catboost_platt,CatBoost,w05_2012m05_m10,4,6360,80235,77819,2416,510294600,0.0286887221616689,0.0567876967539926,0.0017061614996513,0.0027904763248523,14639700,28978455,870645,1423965,larger_target_residual_discrepancy_dominates,True
catboost_platt,CatBoost,w05_2012m05_m10,5,6970,77223,74890,2333,538244310,0.0640587059805611,0.0894624190267798,0.0037628247291643,0.0051743213040189,34479234,48152638,2025319,2785049,larger_target_residual_discrepancy_dominates,True
catboost_platt,CatBoost,w06_2012m06_m11,1,2551,60520,58445,2075,154386520,0.0484301932578051,0.0700692262511001,0.002760597233489,0.003124113426483,7476969,10817744,426199,482321,larger_target_residual_discrepancy_dominates,True
catboost_platt,CatBoost,w06_2012m06_m11,2,3783,79865,77165,2700,302129295,0.0236843964435822,0.057466155342533,0.0324902224393698,0.0485548314671041,7155750,17362209,9816248,14669837,directional_discrepancies_not_robustly_ordered,True
catboost_platt,CatBoost,w06_2012m06_m11,3,5502,79047,76495,2552,434916594,0.0392374750364204,0.0708136259339877,0.0151030268576047,0.0266151652056761,17065029,30798021,6568557,11575377,larger_target_residual_discrepancy_dominates,True
catboost_platt,CatBoost,w06_2012m06_m11,4,7126,80235,77819,2416,571754610,0.0297091929000799,0.0589160059417798,0.0023223389488717,0.0046536747644238,16986368,33685498,1327808,2660760,larger_target_residual_discrepancy_dominates,True
catboost_platt,CatBoost,w06_2012m06_m11,5,7723,77223,74890,2333,596393229,0.0686885363683429,0.0934684521711764,0.0029034601933752,0.0043149567682298,40965378,55743952,1731604,2573411,larger_target_residual_discrepancy_dominates,True
catboost_platt,CatBoost,w07_2012m07_m12,1,2733,60520,58445,2075,165401160,0.0377004611092207,0.0676506561380827,0.0051643954613135,0.0055279116543076,6235700,11189497,854197,914323,larger_target_residual_discrepancy_dominates,True
catboost_platt,CatBoost,w07_2012m07_m12,2,4268,79865,77165,2700,340863820,0.0284532808439452,0.0622603302398007,0.0191471890445867,0.033403316315589,9698694,21222294,6526584,11385982,directional_discrepancies_not_robustly_ordered,True
catboost_platt,CatBoost,w07_2012m07_m12,3,5929,79047,76495,2552,468669663,0.0424804730746995,0.0740566239722668,0.0075799828332391,0.0191680253901989,19909309,34708093,3552508,8983472,larger_target_residual_discrepancy_dominates,True
catboost_platt,CatBoost,w07_2012m07_m12,4,7430,80235,77819,2416,596146050,0.0360577496068287,0.0655074540878028,0.0015585107038786,0.0027425326394429,21495685,39052010,929100,1634950,larger_target_residual_discrepancy_dominates,True
catboost_platt,CatBoost,w07_2012m07_m12,5,8051,77223,74890,2333,621722373,0.071995347029276,0.0966903470272896,0.001240310842087,0.0021436497347989,44761118,60114552,771129,1332755,larger_target_residual_discrepancy_dominates,True
catboost_platt,CatBoost,w08_2012m08_2013m01,1,2847,60520,58445,2075,172300440,0.0298060991602807,0.0597726331981508,0.0066672783888421,0.0085490959860578,5135604,10298851,1148775,1473013,larger_target_residual_discrepancy_dominates,True
catboost_platt,CatBoost,w08_2012m08_2013m01,2,4572,79865,77165,2700,365142780,0.0321017630418435,0.065908812437699,0.0162608747186511,0.0313843395725913,11721727,24066127,5937541,11459765,larger_target_residual_discrepancy_dominates,True
catboost_platt,CatBoost,w08_2012m08_2013m01,3,6238,79047,76495,2552,493095186,0.0463727159567118,0.0785211194497445,0.0070521515900583,0.0139724909015842,22866163,38718386,3477382,6889768,larger_target_residual_discrepancy_dominates,True
catboost_platt,CatBoost,w08_2012m08_2013m01,4,7820,80235,77819,2416,627437700,0.0407540222718526,0.0707907892687991,0.0003414681648871,0.0016891716898745,25570610,44416810,214250,1059850,larger_target_residual_discrepancy_dominates,True
catboost_platt,CatBoost,w08_2012m08_2013m01,5,8652,77223,74890,2333,668133396,0.0703119501004556,0.095913131095755,0.001992392549107,0.0026010195125764,46977762,64082766,1331184,1737828,larger_target_residual_discrepancy_dominates,True
numeric_logistic_platt,Numeric logistic,w01_2012m01_m06,1,1626,48646,47005,1641,79098396,0.0379744995081821,0.068267351464371,0.1413775065678955,0.1483256626341702,3003722,5399838,11182734,11732322,smaller_target_residual_discrepancy_dominates,True
numeric_logistic_platt,Numeric logistic,w01_2012m01_m06,2,2452,55311,53433,1878,135622572,0.0352454899616562,0.0461474805241121,0.0007756599690499,0.0029120078920196,4780084,6258640,105197,394934,larger_target_residual_discrepancy_dominates,True
numeric_logistic_platt,Numeric logistic,w01_2012m01_m06,3,2724,70157,67884,2273,191107668,0.0170788018825074,0.0391792913301626,0.0038581863706274,0.0095169232037303,3263890,7487463,737329,1818757,larger_target_residual_discrepancy_dominates,True
numeric_logistic_platt,Numeric logistic,w01_2012m01_m06,4,3497,87008,84316,2692,304266976,0.0138692245063098,0.0432343403577258,0.0033110099993237,0.011758509079868,4219947,13154782,1007431,3577726,larger_target_residual_discrepancy_dominates,True
numeric_logistic_platt,Numeric logistic,w01_2012m01_m06,5,4649,115768,112176,3592,538205432,0.0805868064891623,0.1045873836516759,0.000450578878587,0.0050705080955035,43372257,56289498,242504,2728975,larger_target_residual_discrepancy_dominates,True
numeric_logistic_platt,Numeric logistic,w02_2012m02_m07,1,1712,48646,47005,1641,83281952,0.0359189707753247,0.0681552709043131,0.1372046611011231,0.1441528171673978,2991402,5676104,11426672,12005328,smaller_target_residual_discrepancy_dominates,True
numeric_logistic_platt,Numeric logistic,w02_2012m02_m07,2,2585,55311,53433,1878,142978935,0.0329913004317733,0.0448733094843656,0.0001518125729499,0.0006144261740374,4717061,6415938,21706,87850,larger_target_residual_discrepancy_dominates,True
numeric_logistic_platt,Numeric logistic,w02_2012m02_m07,3,2960,70157,67884,2273,207664720,0.012171537851976,0.0337701945713263,0.0036402090831798,0.0104820067655208,2527599,7012878,755943,2176743,larger_target_residual_discrepancy_dominates,True
numeric_logistic_platt,Numeric logistic,w02_2012m02_m07,4,3925,87008,84316,2692,341506400,0.0116292696125167,0.0407561146731071,0.0060547884314905,0.0152731808247224,3971470,13918474,2067749,5215889,directional_discrepancies_not_robustly_ordered,True
numeric_logistic_platt,Numeric logistic,w02_2012m02_m07,5,5492,115768,112176,3592,635797856,0.0736811103685131,0.0982388465304922,0.000448620575405,0.0039496641523748,46846292,62460048,285232,2511188,larger_target_residual_discrepancy_dominates,True
numeric_logistic_platt,Numeric logistic,w03_2012m03_m08,1,1945,48646,47005,1641,94616470,0.0351750493333771,0.0688879959271361,0.1332922798747406,0.140219879266263,3328139,6517939,12611645,13267110,smaller_target_residual_discrepancy_dominates,True
numeric_logistic_platt,Numeric logistic,w03_2012m03_m08,2,2758,55311,53433,1878,152547738,0.0405002727736284,0.0510768307819811,0.0001275469584478,0.0002360244764822,6178225,7791655,19457,36005,larger_target_residual_discrepancy_dominates,True
numeric_logistic_platt,Numeric logistic,w03_2012m03_m08,3,3252,70157,67884,2273,228150564,0.0058142963871875,0.0373806395674744,0.0073087831595279,0.0209068560531807,1326535,8528414,1667503,4769911,directional_discrepancies_not_robustly_ordered,True
numeric_logistic_platt,Numeric logistic,w03_2012m03_m08,4,4515,87008,84316,2692,392841120,0.0106008505423261,0.0393459218322155,0.0070289561337163,0.0171314754422856,4164450,15456696,2761263,6729948,directional_discrepancies_not_robustly_ordered,True
numeric_logistic_platt,Numeric logistic,w03_2012m03_m08,5,6579,115768,112176,3592,761637672,0.0785898521048995,0.102400855245511,0.0008577096748439,0.0046695471229264,59856992,77992349,653264,3556503,larger_target_residual_discrepancy_dominates,True
numeric_logistic_platt,Numeric logistic,w04_2012m04_m09,1,2062,48646,47005,1641,100308052,0.0351132130449507,0.0688261596387097,0.1283516102974465,0.1352792096889689,3522138,6903818,12874700,13569594,smaller_target_residual_discrepancy_dominates,True
numeric_logistic_platt,Numeric logistic,w04_2012m04_m09,2,2940,55311,53433,1878,162614340,0.0200810887895864,0.0508099101223176,0.000332184726144,0.000332184726144,3265473,8262420,54018,54018,larger_target_residual_discrepancy_dominates,True
numeric_logistic_platt,Numeric logistic,w04_2012m04_m09,3,3594,70157,67884,2273,252144258,0.0105613430229293,0.0418768211648111,0.0140583649539225,0.0270995264940754,2662982,10559000,3544736,6832990,directional_discrepancies_not_robustly_ordered,True
numeric_logistic_platt,Numeric logistic,w04_2012m04_m09,4,5235,87008,84316,2692,455486880,0.012523629659761,0.0433053439431669,0.0114500553781044,0.0212619713656735,5704349,19725016,5215350,9684549,directional_discrepancies_not_robustly_ordered,True
numeric_logistic_platt,Numeric logistic,w04_2012m04_m09,5,7936,115768,112176,3592,918734848,0.0795294443865484,0.1038804876159437,0.0012857768512553,0.0049151852787889,73066472,95438624,1181288,4515752,larger_target_residual_discrepancy_dominates,True
numeric_logistic_platt,Numeric logistic,w05_2012m05_m10,1,2151,48646,47005,1641,104637546,0.0295335576772796,0.0621836353081139,0.1271426892981607,0.1342552987624537,3090319,6506743,13303899,14048145,smaller_target_residual_discrepancy_dominates,True
numeric_logistic_platt,Numeric logistic,w05_2012m05_m10,2,3070,55311,53433,1878,169804770,0.0166144154843235,0.0497817464138374,0.000360991036942,0.0013773700232331,2821207,8453178,61298,233884,larger_target_residual_discrepancy_dominates,True
numeric_logistic_platt,Numeric logistic,w05_2012m05_m10,3,3987,70157,67884,2273,279715959,0.0154176937755632,0.0473072542850513,0.0090791852173153,0.0226545028844778,4312575,13232594,2539593,6336826,directional_discrepancies_not_robustly_ordered,True
numeric_logistic_platt,Numeric logistic,w05_2012m05_m10,4,5907,87008,84316,2692,513956256,0.019865398817132,0.0507591097402655,0.0110678174136282,0.020702333857767,10209946,26087962,5688374,10640094,directional_discrepancies_not_robustly_ordered,True
numeric_logistic_platt,Numeric logistic,w05_2012m05_m10,5,9155,115768,112176,3592,1059856040,0.0806312779988497,0.1060960005473951,0.0004435998685255,0.000766775834952,85457547,112446487,470152,812672,larger_target_residual_discrepancy_dominates,True
numeric_logistic_platt,Numeric logistic,w06_2012m06_m11,1,2160,48646,47005,1641,105075360,0.0289678189063544,0.0616977567338336,0.1249292127098113,0.1318139476276836,3043804,6482914,13126982,13850398,smaller_target_residual_discrepancy_dominates,True
numeric_logistic_platt,Numeric logistic,w06_2012m06_m11,2,3184,55311,53433,1878,176110224,0.0135003632724923,0.0467873801580083,0.0029891847732815,0.0069847733542148,2377552,8239736,526426,1230090,larger_target_residual_discrepancy_dominates,True
numeric_logistic_platt,Numeric logistic,w06_2012m06_m11,3,4335,70157,67884,2273,304130595,0.0162393954478667,0.0481421476191831,0.0113541848691678,0.0246089052632143,4938897,14641500,3453155,7484321,directional_discrepancies_not_robustly_ordered,True
numeric_logistic_platt,Numeric logistic,w06_2012m06_m11,4,6610,87008,84316,2692,575122880,0.0262269760507528,0.0568525390608699,0.0079927267021614,0.018811739849404,15083734,32697196,4596800,10819062,larger_target_residual_discrepancy_dominates,True
numeric_logistic_platt,Numeric logistic,w06_2012m06_m11,5,10396,115768,112176,3592,1203524128,0.0835714396246819,0.1092752666442595,0.0004923640384216,0.000873066003044,100580244,131515420,592572,1050756,larger_target_residual_discrepancy_dominates,True
numeric_logistic_platt,Numeric logistic,w07_2012m07_m12,1,2122,48646,47005,1641,103226812,0.0285662798537263,0.0605803654965146,0.1261130877508839,0.134522569582019,2948806,6253518,13018252,13886336,smaller_target_residual_discrepancy_dominates,True
numeric_logistic_platt,Numeric logistic,w07_2012m07_m12,2,3332,55311,53433,1878,184296252,0.017946013356799,0.0516030190348092,0.0070694600994924,0.0110722978783095,3307383,9510243,1302875,2040583,larger_target_residual_discrepancy_dominates,True
numeric_logistic_platt,Numeric logistic,w07_2012m07_m12,3,4645,70157,67884,2273,325879265,0.0216405852026209,0.054036389826766,0.0055483401191542,0.0195495776633717,7052218,17609339,1808089,6370802,larger_target_residual_discrepancy_dominates,True
numeric_logistic_platt,Numeric logistic,w07_2012m07_m12,4,7070,87008,84316,2692,615146560,0.0336751033769903,0.0644653755358723,0.0080310227208293,0.0177530148262553,20715124,39655654,4940256,10920706,larger_target_residual_discrepancy_dominates,True
numeric_logistic_platt,Numeric logistic,w07_2012m07_m12,5,11242,115768,112176,3592,1301463856,0.0866441902939792,0.1124848741093275,0.0004923640384216,0.0009909072726488,112764282,146394998,640794,1289630,larger_target_residual_discrepancy_dominates,True
numeric_logistic_platt,Numeric logistic,w08_2012m08_2013m01,1,2116,48646,47005,1641,102934936,0.0265583300114938,0.0594350784849178,0.116795040315564,0.1242776699253983,2733780,6117946,12022290,12792514,smaller_target_residual_discrepancy_dominates,True
numeric_logistic_platt,Numeric logistic,w08_2012m08_2013m01,2,3363,55311,53433,1878,186010893,0.0220759006839454,0.0558847271379961,0.0072795414191146,0.0132231933320163,4106358,10395168,1354074,2459658,larger_target_residual_discrepancy_dominates,True
numeric_logistic_platt,Numeric logistic,w08_2012m08_2013m01,3,4765,70157,67884,2273,334298105,0.0310935115830225,0.0632499606900254,0.0078078187131811,0.0216582382361993,10394502,21144342,2610139,7240308,larger_target_residual_discrepancy_dominates,True
numeric_logistic_platt,Numeric logistic,w08_2012m08_2013m01,4,7477,87008,84316,2692,650558816,0.0381304401537769,0.0689781782927986,0.0094412124606424,0.0181517162008607,24806094,44874362,6142064,11808759,larger_target_residual_discrepancy_dominates,True
numeric_logistic_platt,Numeric logistic,w08_2012m08_2013m01,5,12408,115768,112176,3592,1436449344,0.0870600724782676,0.1137945759680057,0.0007124845747432,0.0042742614110588,125057384,163460144,1023448,6139760,larger_target_residual_discrepancy_dominates,True
catboost_monotonic_platt,Monotonic CatBoost,w01_2012m01_m06,1,1873,54840,53021,1819,102715320,0.0478711549552686,0.0599589817760388,0.0031986757184809,0.0036180776149069,4917101,6158706,328553,371632,larger_target_residual_discrepancy_dominates,True
catboost_monotonic_platt,Monotonic CatBoost,w01_2012m01_m06,2,2364,73852,71333,2519,174586128,0.0107310702256939,0.0424127167766731,0.0006022929840107,0.0205168419795643,1873496,7404672,105152,3581956,directional_discrepancies_not_robustly_ordered,True
catboost_monotonic_platt,Monotonic CatBoost,w01_2012m01_m06,3,3070,81100,78463,2637,248977000,0.025417729348494,0.0565585977821244,0.0132821505600918,0.0210503379830265,6328430,14081790,3306950,5241050,larger_target_residual_discrepancy_dominates,True
catboost_monotonic_platt,Monotonic CatBoost,w01_2012m01_m06,4,3579,78800,76404,2396,282025200,0.0334710196110134,0.0638065640942724,0.0012994122511038,0.0056525799822143,9439671,17995059,366467,1594170,larger_target_residual_discrepancy_dominates,True
catboost_monotonic_platt,Monotonic CatBoost,w01_2012m01_m06,5,4062,88298,85593,2705,358666476,0.0685527520559239,0.0922792237766877,0.0001782324367555,0.0010898258581602,24587574,33097464,63926,390884,larger_target_residual_discrepancy_dominates,True
catboost_monotonic_platt,Monotonic CatBoost,w02_2012m02_m07,1,1947,54840,53021,1819,106773480,0.0532240871047754,0.0642744153323465,0.0041181293332389,0.0045375312296648,5682921,6862803,439707,484488,larger_target_residual_discrepancy_dominates,True
catboost_monotonic_platt,Monotonic CatBoost,w02_2012m02_m07,2,2516,73852,71333,2519,185811632,0.0097922394869229,0.0426608383699035,0.0005511818549658,0.0201324748065287,1819512,7926880,102416,3740848,directional_discrepancies_not_robustly_ordered,True
catboost_monotonic_platt,Monotonic CatBoost,w02_2012m02_m07,3,3430,81100,78463,2637,278173000,0.0235867967056472,0.0557466396810617,0.0165470768191017,0.0318442839527919,6561210,15507210,4602950,8858220,directional_discrepancies_not_robustly_ordered,True
catboost_monotonic_platt,Monotonic CatBoost,w02_2012m02_m07,4,4117,78800,76404,2396,324419600,0.0270121965503933,0.055331542853761,0.0017980017236936,0.0088425915080346,8763286,17950637,583307,2868710,larger_target_residual_discrepancy_dominates,True
catboost_monotonic_platt,Monotonic CatBoost,w02_2012m02_m07,5,4664,88298,85593,2705,411821872,0.0736980040729842,0.0974018252240862,0.0002128638762537,0.0013894065344834,30350450,40112202,87662,572188,larger_target_residual_discrepancy_dominates,True
catboost_monotonic_platt,Monotonic CatBoost,w03_2012m03_m08,1,2171,54840,53021,1819,119057640,0.0548298538422229,0.0675934446542027,0.004664387770495,0.0050837896669209,6527913,8047516,555331,605264,larger_target_residual_discrepancy_dominates,True
catboost_monotonic_platt,Monotonic CatBoost,w03_2012m03_m08,2,2705,73852,71333,2519,199769660,0.0144681179314216,0.0485735071081364,0.003112029123942,0.0176364519016551,2890291,9703513,621689,3523228,directional_discrepancies_not_robustly_ordered,True
catboost_monotonic_platt,Monotonic CatBoost,w03_2012m03_m08,3,3881,81100,78463,2637,314749100,0.0252875576133498,0.0573452823216968,0.019073738415773,0.0304503237658185,7959236,18049376,6003442,9584212,directional_discrepancies_not_robustly_ordered,True
catboost_monotonic_platt,Monotonic CatBoost,w03_2012m03_m08,4,4787,78800,76404,2396,377215600,0.0258807801161988,0.0550036557342803,0.0053724395279516,0.0124917288680531,9762634,20748237,2026568,4712075,larger_target_residual_discrepancy_dominates,True
catboost_monotonic_platt,Monotonic CatBoost,w03_2012m03_m08,5,5505,88298,85593,2705,486080490,0.0804975241857578,0.1037716387259237,0.0002962513471791,0.0016884734460335,39128276,50441369,144002,820734,larger_target_residual_discrepancy_dominates,True
catboost_monotonic_platt,Monotonic CatBoost,w04_2012m04_m09,1,2275,54840,53021,1819,124761000,0.0615737690464167,0.0750274124125327,0.0042064026418512,0.0046258045382771,7682005,9360495,524795,577120,larger_target_residual_discrepancy_dominates,True
catboost_monotonic_platt,Monotonic CatBoost,w04_2012m04_m09,2,2908,73852,71333,2519,214761616,0.0151682412372981,0.0492136732664555,0.0035908278879778,0.0167579294057835,3257556,10569208,771172,3598960,directional_discrepancies_not_robustly_ordered,True
catboost_monotonic_platt,Monotonic CatBoost,w04_2012m04_m09,3,4367,81100,78463,2637,354163700,0.0306060841356694,0.063022853556138,0.0180672242807492,0.0331287565608784,10839564,22320407,6398755,11733003,directional_discrepancies_not_robustly_ordered,True
catboost_monotonic_platt,Monotonic CatBoost,w04_2012m04_m09,4,5622,78800,76404,2396,443013600,0.0278347888191242,0.05547152051314,0.010462450814151,0.0191609467519733,12331190,24574638,4635008,8488560,larger_target_residual_discrepancy_dominates,True
catboost_monotonic_platt,Monotonic CatBoost,w04_2012m04_m09,5,6595,88298,85593,2705,582325310,0.0869635221591175,0.109120355768153,0.0005036823833056,0.0026656406193301,50641060,63543545,293307,1552270,larger_target_residual_discrepancy_dominates,True
catboost_monotonic_platt,Monotonic CatBoost,w05_2012m05_m10,1,2365,54840,53021,1819,129696600,0.0594688681121941,0.073309130694251,0.0053402710633894,0.0057779078248774,7712910,9507945,692615,749375,larger_target_residual_discrepancy_dominates,True
catboost_monotonic_platt,Monotonic CatBoost,w05_2012m05_m10,2,3134,73852,71333,2519,231452168,0.0179899546242314,0.0518956037603415,0.0110383671152304,0.0201366443886583,4163814,12011350,2554854,4660670,directional_discrepancies_not_robustly_ordered,True
catboost_monotonic_platt,Monotonic CatBoost,w05_2012m05_m10,3,4888,81100,78463,2637,396416800,0.0337626155097362,0.0660871184066871,0.0257049045348229,0.0424505015932725,13384068,26198044,10189856,16828092,directional_discrepancies_not_robustly_ordered,True
catboost_monotonic_platt,Monotonic CatBoost,w05_2012m05_m10,4,6390,78800,76404,2396,503532000,0.0289372274254665,0.0586737089201877,0.0170973046400228,0.0276634851409642,14570820,29544090,8609040,13929450,larger_target_residual_discrepancy_dominates,True
catboost_monotonic_platt,Monotonic CatBoost,w05_2012m05_m10,5,7493,88298,85593,2705,661616914,0.0901254241514146,0.111478179350173,0.000103470752563,0.0026142741568423,59628505,73755849,68458,1729648,larger_target_residual_discrepancy_dominates,True
catboost_monotonic_platt,Monotonic CatBoost,w06_2012m06_m11,1,2376,54840,53021,1819,130299840,0.0484625614275504,0.0626616272130495,0.0042330673621702,0.0046524692585961,6314664,8164800,551568,606216,larger_target_residual_discrepancy_dominates,True
catboost_monotonic_platt,Monotonic CatBoost,w06_2012m06_m11,2,3316,73852,71333,2519,244893232,0.0205446265660783,0.0544502757021884,0.0099845143944198,0.0159073893883682,5031240,13334504,2445140,3895612,larger_target_residual_discrepancy_dominates,True
catboost_monotonic_platt,Monotonic CatBoost,w06_2012m06_m11,3,5356,81100,78463,2637,434371600,0.0338836424849138,0.0663127423616092,0.0297262620300222,0.0471122053099235,14718092,28804372,12912244,20464204,directional_discrepancies_not_robustly_ordered,True
catboost_monotonic_platt,Monotonic CatBoost,w06_2012m06_m11,4,7241,78800,76404,2396,570590800,0.0324157662549063,0.0621706711710038,0.0142193635088403,0.0244292319469574,18496138,35474013,8113438,13939095,larger_target_residual_discrepancy_dominates,True
catboost_monotonic_platt,Monotonic CatBoost,w06_2012m06_m11,5,8396,88298,85593,2705,741350008,0.0962447983139429,0.1170594173649756,9.607607638954796e-05,0.0008918783204491,71351082,86782000,71226,661194,larger_target_residual_discrepancy_dominates,True
catboost_monotonic_platt,Monotonic CatBoost,w07_2012m07_m12,1,2457,54840,53021,1819,134741880,0.0268034704577374,0.0532709651965669,0.0069694366740318,0.0076689296601769,3611550,7177830,939075,1033326,larger_target_residual_discrepancy_dominates,True
catboost_monotonic_platt,Monotonic CatBoost,w07_2012m07_m12,2,3642,73852,71333,2519,268968984,0.0250332060591789,0.0589388551952889,0.0127623860154819,0.022259718986781,6733156,15852724,3432686,5987174,larger_target_residual_discrepancy_dominates,True
catboost_monotonic_platt,Monotonic CatBoost,w07_2012m07_m12,3,5776,81100,78463,2637,468433600,0.0405807610726472,0.072984431518149,0.0266132745388033,0.0432693641105164,19009392,34188360,12466552,20268824,directional_discrepancies_not_robustly_ordered,True
catboost_monotonic_platt,Monotonic CatBoost,w07_2012m07_m12,4,7625,78800,76404,2396,600850000,0.0366391778314055,0.0668295331613547,0.0103059831904801,0.0200575434800699,22014650,40154525,6192350,12051575,larger_target_residual_discrepancy_dominates,True
catboost_monotonic_platt,Monotonic CatBoost,w07_2012m07_m12,5,8911,88298,85593,2705,786823478,0.0985272467937211,0.1202488317208043,0.0002429642802295,0.0005754187726462,77523551,94614604,191170,452753,larger_target_residual_discrepancy_dominates,True
catboost_monotonic_platt,Monotonic CatBoost,w08_2012m08_2013m01,1,2498,54840,53021,1819,136990320,0.0189249576174433,0.0506171530951968,0.0080025070384535,0.0095053139521099,2592536,6934060,1096266,1302136,larger_target_residual_discrepancy_dominates,True
catboost_monotonic_platt,Monotonic CatBoost,w08_2012m08_2013m01,2,3844,73852,71333,2519,283887088,0.0262743193166996,0.0603559961839476,0.0148139460291339,0.0298817535512569,7458940,17134288,4205488,8483044,directional_discrepancies_not_robustly_ordered,True
catboost_monotonic_platt,Monotonic CatBoost,w08_2012m08_2013m01,3,6042,81100,78463,2637,490006200,0.0461630077333715,0.0785921076100669,0.0206683058295997,0.0358143672467817,22620160,38510620,10127598,17549262,larger_target_residual_discrepancy_dominates,True
catboost_monotonic_platt,Monotonic CatBoost,w08_2012m08_2013m01,4,8094,78800,76404,2396,637807200,0.043264980389058,0.0734553357190072,0.0124942020096355,0.0204349590283709,27594716,46850342,7968892,13033564,larger_target_residual_discrepancy_dominates,True
catboost_monotonic_platt,Monotonic CatBoost,w08_2012m08_2013m01,5,9651,88298,85593,2705,852163998,0.0939444381455786,0.1183844028106899,1.4702569023574264e-05,9.715383446649668e-05,80056068,100882926,12529,82791,larger_target_residual_discrepancy_dominates,True
woe_scorecard_platform_platt,Platform-signal WOE scorecard,w01_2012m01_m06,1,1821,35138,33946,1192,63986298,0.0252502965556782,0.0489574971191488,0.0128865870627489,0.0150494876262414,1615673,3132609,824565,962961,larger_target_residual_discrepancy_dominates,True
woe_scorecard_platform_platt,Platform-signal WOE scorecard,w01_2012m01_m06,2,2510,64651,62524,2127,162274010,0.043293137329878,0.0625349123990958,0.0013271318062578,0.0049542129389666,7025351,10147791,215359,803940,larger_target_residual_discrepancy_dominates,True
woe_scorecard_platform_platt,Platform-signal WOE scorecard,w01_2012m01_m06,3,3065,83959,81210,2749,257334335,0.0185206688411789,0.05109184128111,0.0063451074261038,0.0249970685023434,4766004,13147685,1632814,6432604,directional_discrepancies_not_robustly_ordered,True
woe_scorecard_platform_platt,Platform-signal WOE scorecard,w01_2012m01_m06,4,3565,90040,87174,2866,320992600,0.0217513737076804,0.05307636375418,0.0040678975153944,0.0090344917608692,6982030,17037120,1305765,2900005,larger_target_residual_discrepancy_dominates,True
woe_scorecard_platform_platt,Platform-signal WOE scorecard,w01_2012m01_m06,5,3987,103102,99960,3142,411067674,0.0309349087858462,0.0483643041218561,0.0007274349673139,0.0026659795194695,12716341,19881002,299025,1095898,larger_target_residual_discrepancy_dominates,True
woe_scorecard_platform_platt,Platform-signal WOE scorecard,w02_2012m02_m07,1,1894,35138,33946,1192,66551372,0.0209705368658665,0.0479818808243352,0.0106661963332626,0.0121176164482379,1395618,3193260,709850,806444,larger_target_residual_discrepancy_dominates,True
woe_scorecard_platform_platt,Platform-signal WOE scorecard,w02_2012m02_m07,2,2582,64651,62524,2127,166928882,0.0275602516765193,0.0470879688752722,0.0044659976815755,0.0056106048802267,4600602,7860342,745504,936572,larger_target_residual_discrepancy_dominates,True
woe_scorecard_platform_platt,Platform-signal WOE scorecard,w02_2012m02_m07,3,3378,83959,81210,2749,283613502,0.0175323140997708,0.0498337945842931,0.0003215855357972,0.0182012949439903,4972401,14133537,91206,5162133,directional_discrepancies_not_robustly_ordered,True
woe_scorecard_platform_platt,Platform-signal WOE scorecard,w02_2012m02_m07,4,4156,90040,87174,2866,374206240,0.0174187474799992,0.0489936030997238,0.0056398204369868,0.0096910730296747,6518204,18333712,2110456,3626460,larger_target_residual_discrepancy_dominates,True
woe_scorecard_platform_platt,Platform-signal WOE scorecard,w02_2012m02_m07,5,4664,103102,99960,3142,480867728,0.027155742087978,0.0485871449456055,0.0005712215314228,0.0016264264671136,13058320,23363990,274682,782096,larger_target_residual_discrepancy_dominates,True
woe_scorecard_platform_platt,Platform-signal WOE scorecard,w03_2012m03_m08,1,2104,35138,33946,1192,73930352,0.0178621900785755,0.0449269063401727,0.0104396905887855,0.012602591152278,1320558,3321462,771810,931714,larger_target_residual_discrepancy_dominates,True
woe_scorecard_platform_platt,Platform-signal WOE scorecard,w03_2012m03_m08,2,2710,64651,62524,2127,175204210,0.0297676009041106,0.0467046082967983,0.0023202239261259,0.0025522388988255,5215409,8182844,406513,447163,larger_target_residual_discrepancy_dominates,True
woe_scorecard_platform_platt,Platform-signal WOE scorecard,w03_2012m03_m08,3,3761,83959,81210,2749,315769799,0.02424300241582,0.0565444829003422,0.0056486244271891,0.0221754044312515,7655208,17855040,1783665,7002323,larger_target_residual_discrepancy_dominates,True
woe_scorecard_platform_platt,Platform-signal WOE scorecard,w03_2012m03_m08,4,4941,90040,87174,2866,444887640,0.0177665960780569,0.0493414516977814,0.0093901597266222,0.0165773474848615,7904139,21951402,4177566,7375057,larger_target_residual_discrepancy_dominates,True
woe_scorecard_platform_platt,Platform-signal WOE scorecard,w03_2012m03_m08,5,5533,103102,99960,3142,570463366,0.0283362507803875,0.0524617298562866,0.0004312616982314,0.0037070250712646,16164793,29927495,246019,2114722,larger_target_residual_discrepancy_dominates,True
woe_scorecard_platform_platt,Platform-signal WOE scorecard,w04_2012m04_m09,1,2199,35138,33946,1192,77268462,0.0212518659941749,0.048316582255772,0.0067967445760729,0.0089596451395654,1642099,3733348,525174,692298,larger_target_residual_discrepancy_dominates,True
woe_scorecard_platform_platt,Platform-signal WOE scorecard,w04_2012m04_m09,2,2864,64651,62524,2127,185160464,0.026949370790084,0.0460838281329863,0.0031574397005183,0.0038320005506143,4989958,8532903,584633,709535,larger_target_residual_discrepancy_dominates,True
woe_scorecard_platform_platt,Platform-signal WOE scorecard,w04_2012m04_m09,3,4218,83959,81210,2749,354139062,0.0280155934902205,0.0606715392497425,0.0026520259998881,0.0199903505702514,9921416,21486162,939186,7079364,larger_target_residual_discrepancy_dominates,True
woe_scorecard_platform_platt,Platform-signal WOE scorecard,w04_2012m04_m09,4,5758,90040,87174,2866,518450320,0.0189097964101941,0.050495758204952,0.0090725529882978,0.0147315831534253,9803790,26179542,4703668,7637594,larger_target_residual_discrepancy_dominates,True
woe_scorecard_platform_platt,Platform-signal WOE scorecard,w04_2012m04_m09,5,6728,103102,99960,3142,693670256,0.0332409611058773,0.0573453822705063,0.0003690917951079,0.0027542221732511,23058266,39778786,256028,1910522,larger_target_residual_discrepancy_dominates,True
woe_scorecard_platform_platt,Platform-signal WOE scorecard,w05_2012m05_m10,1,2281,35138,33946,1192,80149778,0.0152116204239517,0.0413027220112824,0.0068116969706391,0.0089745975341316,1219208,3310404,545956,719312,larger_target_residual_discrepancy_dominates,True
woe_scorecard_platform_platt,Platform-signal WOE scorecard,w05_2012m05_m10,2,3010,64651,62524,2127,194599510,0.0212695602368166,0.0448094447925382,0.0044295024175549,0.0067675350261673,4139046,8719896,861979,1316959,larger_target_residual_discrepancy_dominates,True
woe_scorecard_platform_platt,Platform-signal WOE scorecard,w05_2012m05_m10,3,4620,83959,81210,2749,387890580,0.0367317943116844,0.0691576629677369,0.0049691384616764,0.0196663141445713,14247917,26825606,1927482,7628378,larger_target_residual_discrepancy_dominates,True
woe_scorecard_platform_platt,Platform-signal WOE scorecard,w05_2012m05_m10,4,6597,90040,87174,2866,593993880,0.021164398192116,0.0527866751758452,0.0079470768284683,0.0133053912946039,12571523,31354962,4720515,7903321,larger_target_residual_discrepancy_dominates,True
woe_scorecard_platform_platt,Platform-signal WOE scorecard,w05_2012m05_m10,5,7762,103102,99960,3142,800277724,0.0391429213391425,0.0639242058923034,0.0001260887276677,0.0001595870985408,31325208,51157118,100906,127714,larger_target_residual_discrepancy_dominates,True
woe_scorecard_platform_platt,Platform-signal WOE scorecard,w06_2012m06_m11,1,2270,35138,33946,1192,79763260,0.0109139220237487,0.0421123710339823,0.009740273905555,0.013916682944002,870530,3359020,776916,1110040,directional_discrepancies_not_robustly_ordered,True
woe_scorecard_platform_platt,Platform-signal WOE scorecard,w06_2012m06_m11,2,3131,64651,62524,2127,202422281,0.0202156846557815,0.0403404010648412,0.0030395863388181,0.0122273990183916,4092105,8165796,615280,2475098,larger_target_residual_discrepancy_dominates,True
woe_scorecard_platform_platt,Platform-signal WOE scorecard,w06_2012m06_m11,3,5058,83959,81210,2749,424664622,0.0369869002179324,0.0697171614168509,0.0111577907707131,0.0279504775888771,15707028,29606412,4738319,11869579,larger_target_residual_discrepancy_dominates,True
woe_scorecard_platform_platt,Platform-signal WOE scorecard,w06_2012m06_m11,4,7370,90040,87174,2866,663594800,0.0251051093227373,0.0566339278125747,0.0068917508093794,0.0158972764705208,16659620,37581980,4573330,10549350,larger_target_residual_discrepancy_dominates,True
woe_scorecard_platform_platt,Platform-signal WOE scorecard,w06_2012m06_m11,5,8856,103102,99960,3142,913071312,0.0486716507417768,0.0734238378962452,0.0001260887276677,0.0001728736824008,44440688,67041200,115128,157846,larger_target_residual_discrepancy_dominates,True
woe_scorecard_platform_platt,Platform-signal WOE scorecard,w07_2012m07_m12,1,2228,35138,33946,1192,78287464,0.0065476127825522,0.0387322803048007,0.016895399753912,0.0232987237905675,512596,3032252,1322698,1823998,directional_discrepancies_not_robustly_ordered,True
woe_scorecard_platform_platt,Platform-signal WOE scorecard,w07_2012m07_m12,2,3329,64651,62524,2127,215223179,0.0211573726452576,0.0471522911572642,0.0008240051133154,0.0104114947581923,4553557,10148266,177345,2240795,larger_target_residual_discrepancy_dominates,True
woe_scorecard_platform_platt,Platform-signal WOE scorecard,w07_2012m07_m12,3,5419,83959,81210,2749,454973821,0.0424122116687676,0.0751424728676861,0.0110027407489012,0.0279401526269354,19296446,34187858,5005959,12712038,larger_target_residual_discrepancy_dominates,True
woe_scorecard_platform_platt,Platform-signal WOE scorecard,w07_2012m07_m12,4,7848,90040,87174,2866,706633920,0.0320309333579684,0.0634280901771599,0.0080529052440618,0.0166112490042934,22634144,44820440,5690456,11738072,larger_target_residual_discrepancy_dominates,True
woe_scorecard_platform_platt,Platform-signal WOE scorecard,w07_2012m07_m12,5,9587,103102,99960,3142,988438874,0.0557550926512831,0.0805363772044441,0.0002695482816472,0.0004732300724951,55110501,79605286,266432,467759,larger_target_residual_discrepancy_dominates,True
woe_scorecard_platform_platt,Platform-signal WOE scorecard,w08_2012m08_2013m01,1,2118,35138,33946,1192,74422284,0.0067222876416961,0.0393273337324611,0.0226039286835109,0.0290268436265675,500288,2926830,1682236,2160244,directional_discrepancies_not_robustly_ordered,True
woe_scorecard_platform_platt,Platform-signal WOE scorecard,w08_2012m08_2013m01,2,3393,64651,62524,2127,219360843,0.021595982834548,0.054464770633654,0.000375417959166,0.004904512515937,4737313,11947438,82352,1075858,larger_target_residual_discrepancy_dominates,True
woe_scorecard_platform_platt,Platform-signal WOE scorecard,w08_2012m08_2013m01,3,5636,83959,81210,2749,473192924,0.0462843396195839,0.0790265113939024,0.0090468195589501,0.0255983667245201,21901422,37394786,4280891,12112966,larger_target_residual_discrepancy_dominates,True
woe_scorecard_platform_platt,Platform-signal WOE scorecard,w08_2012m08_2013m01,4,8306,90040,87174,2866,747872240,0.0386271082879075,0.0700131589320657,0.009232988778939,0.0186843437322931,28888142,52360898,6905096,13973502,larger_target_residual_discrepancy_dominates,True
woe_scorecard_platform_platt,Platform-signal WOE scorecard,w08_2012m08_2013m01,5,10676,103102,99960,3142,1100716952,0.0535206784023437,0.0809892387302853,0.0007802623539498,0.0011057483922533,58911118,89146228,858848,1217116,larger_target_residual_discrepancy_dominates,True
woe_scorecard_borrower_platt,Pricing-excluded application WOE scorecard,w01_2012m01_m06,1,1800,39047,37814,1233,70284600,0.017937556733623,0.0457501927876092,0.0133004527307546,0.0222362508999126,1260734,3215534,934817,1562866,directional_discrepancies_not_robustly_ordered,True
woe_scorecard_borrower_platt,Pricing-excluded application WOE scorecard,w01_2012m01_m06,2,2687,58224,56371,1853,156447888,0.0369398850561664,0.0581956657669932,0.0019120104708604,0.0028309490505873,5779167,9104589,299130,442896,larger_target_residual_discrepancy_dominates,True
woe_scorecard_borrower_platt,Pricing-excluded application WOE scorecard,w01_2012m01_m06,3,3101,72677,70244,2433,225371377,0.0293813619464196,0.0450024450087998,0.0011468758963122,0.0017385348805851,6621718,10142263,258473,391816,larger_target_residual_discrepancy_dominates,True
woe_scorecard_borrower_platt,Pricing-excluded application WOE scorecard,w01_2012m01_m06,4,3484,87156,84389,2767,303651504,0.0247002893158731,0.0494968600583648,0.0001863451991991,0.0008059238856923,7500280,15029796,56584,244720,larger_target_residual_discrepancy_dominates,True
woe_scorecard_borrower_platt,Pricing-excluded application WOE scorecard,w01_2012m01_m06,5,3876,119786,115996,3790,464290536,0.0292992101824793,0.0509465822926013,0.0026496124831629,0.0133724242012118,13603346,23654016,1230190,6208690,larger_target_residual_discrepancy_dominates,True
woe_scorecard_borrower_platt,Pricing-excluded application WOE scorecard,w02_2012m02_m07,1,1857,39047,37814,1233,72510279,0.025111432821821,0.0508496457447088,0.0146486127849542,0.0245767637992401,1820837,3687122,1062175,1782068,larger_target_residual_discrepancy_dominates,True
woe_scorecard_borrower_platt,Pricing-excluded application WOE scorecard,w02_2012m02_m07,2,2863,58224,56371,1853,166695312,0.0327677121477777,0.0544390234561605,0.0021849264723173,0.0029203220784037,5462224,9074730,364217,486804,larger_target_residual_discrepancy_dominates,True
woe_scorecard_borrower_platt,Pricing-excluded application WOE scorecard,w02_2012m02_m07,3,3436,72677,70244,2433,249718172,0.0296969657458488,0.0467991972967029,0.0010073756266324,0.0016336576418635,7415872,11686610,251560,407954,larger_target_residual_discrepancy_dominates,True
woe_scorecard_borrower_platt,Pricing-excluded application WOE scorecard,w02_2012m02_m07,4,3989,87156,84389,2767,347665284,0.0193737922938546,0.0426525502615325,0.0004336210917164,0.0021382836717168,6735595,14828811,150755,743407,larger_target_residual_discrepancy_dominates,True
woe_scorecard_borrower_platt,Pricing-excluded application WOE scorecard,w02_2012m02_m07,5,4529,119786,115996,3790,542510794,0.0254430329362257,0.0493700720727042,0.000929987026212,0.0128528926559938,13803120,26783797,504528,6972833,larger_target_residual_discrepancy_dominates,True
woe_scorecard_borrower_platt,Pricing-excluded application WOE scorecard,w03_2012m03_m08,1,2047,39047,37814,1233,79929209,0.0308763345825178,0.0566145475054056,0.0129189318012642,0.0161214406613232,2467921,4525156,1032600,1288574,larger_target_residual_discrepancy_dominates,True
woe_scorecard_borrower_platt,Pricing-excluded application WOE scorecard,w03_2012m03_m08,2,3126,58224,56371,1853,182008224,0.0250429672892143,0.0526940035412905,0.001543545636707,0.0017324711656985,4558026,9590742,280938,315324,larger_target_residual_discrepancy_dominates,True
woe_scorecard_borrower_platt,Pricing-excluded application WOE scorecard,w03_2012m03_m08,3,3850,72677,70244,2433,279806450,0.0172590660436884,0.0473901548731274,0.0005141732794222,0.0010199336005299,4829198,13260071,143869,285384,larger_target_residual_discrepancy_dominates,True
woe_scorecard_borrower_platt,Pricing-excluded application WOE scorecard,w03_2012m03_m08,4,4669,87156,84389,2767,406931364,0.013686543954867,0.0408312862313557,0.0010133871126237,0.0028790088541811,5569484,16615531,412379,1171559,larger_target_residual_discrepancy_dominates,True
woe_scorecard_borrower_platt,Pricing-excluded application WOE scorecard,w03_2012m03_m08,5,5357,119786,115996,3790,641693602,0.0278228128570307,0.0516008479698072,0.0006181782064892,0.0143442461812171,17853721,33111934,396681,9204611,larger_target_residual_discrepancy_dominates,True
woe_scorecard_borrower_platt,Pricing-excluded application WOE scorecard,w04_2012m04_m09,1,2138,39047,37814,1233,83482486,0.0369564581485989,0.061203963188159,0.0053142883167135,0.011499010702676,3085217,5109459,443650,959966,larger_target_residual_discrepancy_dominates,True
woe_scorecard_borrower_platt,Pricing-excluded application WOE scorecard,w04_2012m04_m09,2,3345,58224,56371,1853,194759280,0.0285303118803889,0.0603213258952282,0.0016482654895828,0.0018371910185743,5556543,11748138,321015,357810,larger_target_residual_discrepancy_dominates,True
woe_scorecard_borrower_platt,Pricing-excluded application WOE scorecard,w04_2012m04_m09,3,4375,72677,70244,2433,317961875,0.0197010128965933,0.0499048981894448,0.0013985639001531,0.0017425516817071,6264171,15867855,444690,554065,larger_target_residual_discrepancy_dominates,True
woe_scorecard_borrower_platt,Pricing-excluded application WOE scorecard,w04_2012m04_m09,4,5417,87156,84389,2767,472124052,0.0159443433735504,0.0423121908646162,0.001855226388678,0.0031169731636548,7527708,19976603,875897,1471598,larger_target_residual_discrepancy_dominates,True
woe_scorecard_borrower_platt,Pricing-excluded application WOE scorecard,w04_2012m04_m09,5,6492,119786,115996,3790,777650712,0.0320513896732598,0.0551875480054855,0.0005138219432376,0.0149891690705479,24924786,42916636,399574,11656338,larger_target_residual_discrepancy_dominates,True
woe_scorecard_borrower_platt,Pricing-excluded application WOE scorecard,w05_2012m05_m10,1,2207,39047,37814,1233,86176729,0.0392380755134022,0.0611859844436657,0.003147961208878,0.0052771090905527,3381409,5272808,271281,454764,larger_target_residual_discrepancy_dominates,True
woe_scorecard_borrower_platt,Pricing-excluded application WOE scorecard,w05_2012m05_m10,2,3562,58224,56371,1853,207393888,0.0305127892679267,0.0623038032827659,0.0061132852671145,0.0154611595882709,6328166,12921428,1267858,3206550,larger_target_residual_discrepancy_dominates,True
woe_scorecard_borrower_platt,Pricing-excluded application WOE scorecard,w05_2012m05_m10,3,4834,72677,70244,2433,351320618,0.024106487254329,0.0558095169922535,0.0010153261201424,0.0025736718930626,8469106,19607034,356705,904184,larger_target_residual_discrepancy_dominates,True
woe_scorecard_borrower_platt,Pricing-excluded application WOE scorecard,w05_2012m05_m10,4,6197,87156,84389,2767,540105732,0.0176839726633377,0.0431364372189258,0.0023244022894391,0.0043896645777497,9551215,23298237,1255423,2370883,larger_target_residual_discrepancy_dominates,True
woe_scorecard_borrower_platt,Pricing-excluded application WOE scorecard,w05_2012m05_m10,5,7470,119786,115996,3790,894801420,0.0356354396487211,0.0587209014487259,0.0003500307364286,0.0115796083560081,31886642,52543546,313208,10361450,larger_target_residual_discrepancy_dominates,True
woe_scorecard_borrower_platt,Pricing-excluded application WOE scorecard,w06_2012m06_m11,1,2184,39047,37814,1233,85278648,0.0271553085597698,0.0503661831036533,0.0051632854216919,0.0133541164958431,2315768,4295160,440318,1138821,larger_target_residual_discrepancy_dominates,True
woe_scorecard_borrower_platt,Pricing-excluded application WOE scorecard,w06_2012m06_m11,2,3788,58224,56371,1853,220552512,0.0284856424577925,0.0602766564726317,0.0140938771080512,0.0234542783171746,6282580,13294168,3108440,5172900,larger_target_residual_discrepancy_dominates,True
woe_scorecard_borrower_platt,Pricing-excluded application WOE scorecard,w06_2012m06_m11,3,5307,72677,70244,2433,385696839,0.0248248158445498,0.0567537889518456,0.0024143651330261,0.0094580655871022,9574853,21889757,931213,3647946,larger_target_residual_discrepancy_dominates,True
woe_scorecard_borrower_platt,Pricing-excluded application WOE scorecard,w06_2012m06_m11,4,6917,87156,84389,2767,602858052,0.018203251932347,0.0462403793190109,0.0024727578823148,0.0047526892781719,10973977,27876385,1490722,2865197,larger_target_residual_discrepancy_dominates,True
woe_scorecard_borrower_platt,Pricing-excluded application WOE scorecard,w06_2012m06_m11,5,8489,119786,115996,3790,1016863354,0.0416900754985807,0.0649401060036627,0.0002643698378376,0.0045109453319919,42393110,66035214,268828,4587015,larger_target_residual_discrepancy_dominates,True
woe_scorecard_borrower_platt,Pricing-excluded application WOE scorecard,w07_2012m07_m12,1,2162,39047,37814,1233,84419614,0.0170464295181449,0.0480687580495215,0.013901082276922,0.0226341475572252,1439053,4057946,1173524,1910766,directional_discrepancies_not_robustly_ordered,True
woe_scorecard_borrower_platt,Pricing-excluded application WOE scorecard,w07_2012m07_m12,2,3889,58224,56371,1853,226433136,0.0323350642460739,0.0640230279723723,0.010229951503211,0.0196934030008752,7321730,14496935,2316400,4459239,larger_target_residual_discrepancy_dominates,True
woe_scorecard_borrower_platt,Pricing-excluded application WOE scorecard,w07_2012m07_m12,3,5630,72677,70244,2433,409171510,0.0297062789146781,0.062385118162308,0.0016462534256111,0.0060772975127227,12154963,25526213,673600,2486657,larger_target_residual_discrepancy_dominates,True
woe_scorecard_borrower_platt,Pricing-excluded application WOE scorecard,w07_2012m07_m12,4,7379,87156,84389,2767,643124124,0.0222813053736419,0.0524520364594502,0.0032805673450371,0.0044066236893331,14329645,33733170,2109812,2834006,larger_target_residual_discrepancy_dominates,True
woe_scorecard_borrower_platt,Pricing-excluded application WOE scorecard,w07_2012m07_m12,5,9351,119786,115996,3790,1120118886,0.0494547370751143,0.0729636827139436,0.0002213970348143,0.0002798345817731,55395185,81727999,247991,313448,larger_target_residual_discrepancy_dominates,True
woe_scorecard_borrower_platt,Pricing-excluded application WOE scorecard,w08_2012m08_2013m01,1,2101,39047,37814,1233,82037747,0.0177713802891247,0.0491950492009489,0.0208720505208413,0.0296051158011445,1457924,4035851,1712296,2428737,directional_discrepancies_not_robustly_ordered,True
woe_scorecard_borrower_platt,Pricing-excluded application WOE scorecard,w08_2012m08_2013m01,2,3866,58224,56371,1853,225093984,0.0357499914346889,0.0674379551609873,0.0155722331521752,0.0249914808918216,8047108,15179878,3505216,5625432,larger_target_residual_discrepancy_dominates,True
woe_scorecard_borrower_platt,Pricing-excluded application WOE scorecard,w08_2012m08_2013m01,3,5786,72677,70244,2433,420509122,0.0328425931269096,0.0655214323745395,0.0053126623968932,0.0103260161856845,13810610,27552360,2234023,4342184,larger_target_residual_discrepancy_dominates,True
woe_scorecard_borrower_platt,Pricing-excluded application WOE scorecard,w08_2012m08_2013m01,4,7886,87156,84389,2767,687312216,0.0300786476927684,0.0610805293761867,0.0025038897315335,0.003468898041527,20673422,41981394,1720954,2384216,larger_target_residual_discrepancy_dominates,True
woe_scorecard_borrower_platt,Pricing-excluded application WOE scorecard,w08_2012m08_2013m01,5,10490,119786,115996,3790,1256555140,0.0455462622993209,0.0733128989468779,0.0006374825700048,0.0008614854736895,57231390,92121700,801032,1082504,larger_target_residual_discrepancy_dominates,True
