learner,learner_label,pair_id,transition,pair_index,window_from,window_to,taxonomy_groups,conformal_group,score_stratum,candidate_rows,resolved_rows,unresolved_rows,threshold_from,threshold_to,threshold_low,threshold_high,threshold_delta,threshold_sign,potential_y0_crossed_rows,potential_y1_crossed_rows,resolved_y0_crossed_rows,resolved_y1_crossed_rows,resolved_y0_delta_numerator,resolved_y1_delta_numerator,resolved_delta_numerator,resolved_covered_from_numerator,resolved_covered_to_numerator,resolved_delta_rate,delta_lower_numerator,delta_upper_numerator,delta_width_numerator,delta_lower,delta_upper,delta_width
catboost_platt,CatBoost,00:w01_2012m01_m06->w02_2012m02_m07,W1--W2,0,w01_2012m01_m06,w02_2012m02_m07,5,0,1,60520,58445,2075,0.0491131879466576,0.0490039526461765,0.0490039526461765,0.0491131879466576,-0.000109235300481,-1,297,0,264,0,-264,0,-264,52092,51828,-0.0045170673282573,-273,-264,9,-0.0045109054857898,-0.0043621943159286,0.0001487111698612
catboost_platt,CatBoost,00:w01_2012m01_m06->w02_2012m02_m07,W1--W2,0,w01_2012m01_m06,w02_2012m02_m07,5,1,2,79865,77165,2700,0.0796458969830263,0.0797876649605875,0.0796458969830263,0.0797876649605875,0.0001417679775611,1,364,0,298,0,298,0,298,67395,67693,0.003861854467699,298,316,18,0.0037312965629499,0.0039566768922556,0.0002253803293057
catboost_platt,CatBoost,00:w01_2012m01_m06->w02_2012m02_m07,W1--W2,0,w01_2012m01_m06,w02_2012m02_m07,5,2,3,79047,76495,2552,0.8919735883395368,0.8920116585417792,0.8919735883395368,0.8920116585417792,3.807020224244617e-05,1,0,101,0,17,0,17,17,66661,66678,0.0002222367474998,17,19,2,0.0002150619251837,0.0002403633281465,2.5301402962794287e-05
catboost_platt,CatBoost,00:w01_2012m01_m06->w02_2012m02_m07,W1--W2,0,w01_2012m01_m06,w02_2012m02_m07,5,3,4,80235,77819,2416,0.8617614186932525,0.862876020574146,0.8617614186932525,0.862876020574146,0.0011146018808935,1,0,2108,0,413,0,413,413,67919,68332,0.0053071871907888,413,480,67,0.0051473795725057,0.0059824266217984,0.0008350470492927
catboost_platt,CatBoost,00:w01_2012m01_m06->w02_2012m02_m07,W1--W2,0,w01_2012m01_m06,w02_2012m02_m07,5,4,5,77223,74890,2333,0.8095744723631617,0.8111630187017316,0.8095744723631617,0.8111630187017316,0.0015885463385698,1,0,1253,0,309,0,309,309,65892,66201,0.0041260515422619,309,338,29,0.0040013985470649,0.0043769343330354,0.0003755357859705
catboost_platt,CatBoost,01:w02_2012m02_m07->w03_2012m03_m08,W2--W3,1,w02_2012m02_m07,w03_2012m03_m08,5,0,1,60520,58445,2075,0.0490039526461765,0.0488154400698228,0.0488154400698228,0.0490039526461765,-0.0001885125763537,-1,457,0,405,0,-405,0,-405,51828,51423,-0.0069295919240311,-421,-405,16,-0.0069563780568407,-0.0066920026437541,0.0002643754130865
catboost_platt,CatBoost,01:w02_2012m02_m07->w03_2012m03_m08,W2--W3,1,w02_2012m02_m07,w03_2012m03_m08,5,1,2,79865,77165,2700,0.0797876649605875,0.0797095922909728,0.0797095922909728,0.0797876649605875,-7.807266961470938e-05,-1,206,0,168,0,-168,0,-168,67693,67525,-0.0021771528542733,-178,-168,10,-0.0022287610342452,-0.0021035497401865,0.0001252112940587
catboost_platt,CatBoost,01:w02_2012m02_m07->w03_2012m03_m08,W2--W3,1,w02_2012m02_m07,w03_2012m03_m08,5,2,3,79047,76495,2552,0.8920116585417792,0.8916085888119072,0.8916085888119072,0.8920116585417792,-0.000403069729872,-1,0,970,0,152,0,-152,-152,66678,66526,-0.0019870579776455,-177,-152,25,-0.0022391741622072,-0.0019229066251723,0.0003162675370349
catboost_platt,CatBoost,01:w02_2012m02_m07->w03_2012m03_m08,W2--W3,1,w02_2012m02_m07,w03_2012m03_m08,5,3,4,80235,77819,2416,0.862876020574146,0.863313952320159,0.862876020574146,0.863313952320159,0.0004379317460129,1,0,851,0,144,0,144,144,68332,68476,0.0018504478340765,144,165,21,0.0017947279865395,0.0020564591512432,0.0002617311647036
catboost_platt,CatBoost,01:w02_2012m02_m07->w03_2012m03_m08,W2--W3,1,w02_2012m02_m07,w03_2012m03_m08,5,4,5,77223,74890,2333,0.8111630187017316,0.8115631424920364,0.8111630187017316,0.8115631424920364,0.0004001237903048,1,0,295,0,59,0,59,59,66201,66260,0.0007878221391374,59,68,9,0.000764021081802,0.0008805666705515,0.0001165455887494
catboost_platt,CatBoost,02:w03_2012m03_m08->w04_2012m04_m09,W3--W4,2,w03_2012m03_m08,w04_2012m04_m09,5,0,1,60520,58445,2075,0.0488154400698228,0.0485356508584787,0.0485356508584787,0.0488154400698228,-0.000279789211344,-1,693,0,609,0,-609,0,-609,51423,50814,-0.0104200530413209,-631,-609,22,-0.0104263053536021,-0.010062789160608,0.000363516192994
catboost_platt,CatBoost,02:w03_2012m03_m08->w04_2012m04_m09,W3--W4,2,w03_2012m03_m08,w04_2012m04_m09,5,1,2,79865,77165,2700,0.0797095922909728,0.0797876649605875,0.0797095922909728,0.0797876649605875,7.807266961470938e-05,1,206,0,168,0,168,0,168,67525,67693,0.0021771528542733,168,178,10,0.0021035497401865,0.0022287610342452,0.0001252112940587
catboost_platt,CatBoost,02:w03_2012m03_m08->w04_2012m04_m09,W3--W4,2,w03_2012m03_m08,w04_2012m04_m09,5,2,3,79047,76495,2552,0.8916085888119072,0.890281077239412,0.890281077239412,0.8916085888119072,-0.0013275115724952,-1,0,3105,0,516,0,-516,-516,66526,66010,-0.0067455389241126,-622,-516,106,-0.007868736321429,-0.0065277619644009,0.001340974357028
catboost_platt,CatBoost,02:w03_2012m03_m08->w04_2012m04_m09,W3--W4,2,w03_2012m03_m08,w04_2012m04_m09,5,3,4,80235,77819,2416,0.863313952320159,0.8624583885207028,0.8624583885207028,0.863313952320159,-0.0008555637994561,-1,0,1674,0,305,0,-305,-305,68476,68171,-0.0039193513152314,-345,-305,40,-0.0042998691344176,-0.0038013335826011,0.0004985355518165
catboost_platt,CatBoost,02:w03_2012m03_m08->w04_2012m04_m09,W3--W4,2,w03_2012m03_m08,w04_2012m04_m09,5,4,5,77223,74890,2333,0.8115631424920364,0.8127065501276763,0.8115631424920364,0.8127065501276763,0.0011434076356399,1,0,934,0,218,0,218,218,66260,66478,0.0029109360395246,218,246,28,0.0028229931497092,0.0031855794258187,0.0003625862761094
catboost_platt,CatBoost,03:w04_2012m04_m09->w05_2012m05_m10,W4--W5,3,w04_2012m04_m09,w05_2012m05_m10,5,0,1,60520,58445,2075,0.0485356508584787,0.0484384683655253,0.0484384683655253,0.0485356508584787,-9.718249295338072e-05,-1,240,0,209,0,-209,0,-209,50814,50605,-0.0035760116348703,-218,-209,9,-0.0036021150033046,-0.0034534038334434,0.0001487111698612
catboost_platt,CatBoost,03:w04_2012m04_m09->w05_2012m05_m10,W4--W5,3,w04_2012m04_m09,w05_2012m05_m10,5,1,2,79865,77165,2700,0.0797876649605875,0.0797867363162015,0.0797867363162015,0.0797876649605875,-9.286443859307658e-07,-1,2,0,2,0,-2,0,-2,67693,67691,-2.5918486360396552e-05,-2,-2,0,-2.504225881174482e-05,-2.504225881174482e-05,0.0
catboost_platt,CatBoost,03:w04_2012m04_m09->w05_2012m05_m10,W4--W5,3,w04_2012m04_m09,w05_2012m05_m10,5,2,3,79047,76495,2552,0.890281077239412,0.8894148014498154,0.8894148014498154,0.890281077239412,-0.0008662757895965,-1,0,2048,0,337,0,-337,-337,66010,65673,-0.0044055167004379,-406,-337,69,-0.0051361848014472,-0.0042632863992308,0.0008728984022164
catboost_platt,CatBoost,03:w04_2012m04_m09->w05_2012m05_m10,W4--W5,3,w04_2012m04_m09,w05_2012m05_m10,5,3,4,80235,77819,2416,0.8624583885207028,0.8616959042825142,0.8616959042825142,0.8624583885207028,-0.0007624842381885,-1,0,1411,0,269,0,-269,-269,68171,67902,-0.0034567393567123,-324,-269,55,-0.0040381379697139,-0.0033526515859662,0.0006854863837477
catboost_platt,CatBoost,03:w04_2012m04_m09->w05_2012m05_m10,W4--W5,3,w04_2012m04_m09,w05_2012m05_m10,5,4,5,77223,74890,2333,0.8127065501276763,0.8124732989633325,0.8124732989633325,0.8127065501276763,-0.0002332511643438,-1,0,193,0,44,0,-44,-44,66478,66434,-0.0005875283749499,-53,-44,9,-0.0006863240226357,-0.0005697784338862,0.0001165455887494
catboost_platt,CatBoost,04:w05_2012m05_m10->w06_2012m06_m11,W5--W6,4,w05_2012m05_m10,w06_2012m06_m11,5,0,1,60520,58445,2075,0.0484384683655253,0.0484668814087071,0.0484384683655253,0.0484668814087071,2.841304318177557e-05,1,61,0,53,0,53,0,53,50605,50658,0.0009068354863546,53,56,3,0.0008757435558493,0.000925313945803,4.95703899537343e-05
catboost_platt,CatBoost,04:w05_2012m05_m10->w06_2012m06_m11,W5--W6,4,w05_2012m05_m10,w06_2012m06_m11,5,1,2,79865,77165,2700,0.0797867363162015,0.0798440797007135,0.0797867363162015,0.0798440797007135,5.734338451192367e-05,1,154,0,132,0,132,0,132,67691,67823,0.0017106200997861,132,138,6,0.0016527890815751,0.0017279158580103,7.512677643523446e-05
catboost_platt,CatBoost,04:w05_2012m05_m10->w06_2012m06_m11,W5--W6,4,w05_2012m05_m10,w06_2012m06_m11,5,2,3,79047,76495,2552,0.8894148014498154,0.8892521057704302,0.8892521057704302,0.8894148014498154,-0.0001626956793852,-1,0,426,0,58,0,-58,-58,65673,65615,-0.00075821949147,-71,-58,13,-0.0008981998051791,-0.000733740685921,0.0001644591192581
catboost_platt,CatBoost,04:w05_2012m05_m10->w06_2012m06_m11,W5--W6,4,w05_2012m05_m10,w06_2012m06_m11,5,3,4,80235,77819,2416,0.8616959042825142,0.8612148729915213,0.8612148729915213,0.8616959042825142,-0.0004810312909928,-1,0,877,0,183,0,-183,-183,67902,67719,-0.0023516107891388,-207,-183,24,-0.0025799214806505,-0.0022808001495606,0.0002991213310899
catboost_platt,CatBoost,04:w05_2012m05_m10->w06_2012m06_m11,W5--W6,4,w05_2012m05_m10,w06_2012m06_m11,5,4,5,77223,74890,2333,0.8124732989633325,0.8119678361988626,0.8119678361988626,0.8124732989633325,-0.0005054627644699,-1,0,418,0,90,0,-90,-90,66434,66344,-0.0012017625851248,-98,-90,8,-0.001269051966383,-0.0011654558874946,0.0001035960788884
catboost_platt,CatBoost,05:w06_2012m06_m11->w07_2012m07_m12,W6--W7,5,w06_2012m06_m11,w07_2012m07_m12,5,0,1,60520,58445,2075,0.0484668814087071,0.0484805012938176,0.0484668814087071,0.0484805012938176,1.3619885110477403e-05,1,39,0,37,0,37,0,37,50658,50695,0.0006330738300966,37,39,2,0.0006113681427627,0.0006444150693985,3.304692663582287e-05
catboost_platt,CatBoost,05:w06_2012m06_m11->w07_2012m07_m12,W6--W7,5,w06_2012m06_m11,w07_2012m07_m12,5,1,2,79865,77165,2700,0.0798440797007135,0.0797397671541154,0.0797397671541154,0.0798440797007135,-0.000104312546598,-1,271,0,227,0,-227,0,-227,67823,67596,-0.002941748201905,-240,-227,13,-0.0030050710574093,-0.002842296375133,0.0001627746822763
catboost_platt,CatBoost,05:w06_2012m06_m11->w07_2012m07_m12,W6--W7,5,w06_2012m06_m11,w07_2012m07_m12,5,2,3,79047,76495,2552,0.8892521057704302,0.8884345991499274,0.8884345991499274,0.8892521057704302,-0.0008175066205028,-1,0,1930,0,315,0,-315,-315,65615,65300,-0.0041179162036734,-372,-315,57,-0.0047060609510797,-0.0039849709666401,0.0007210899844396
catboost_platt,CatBoost,05:w06_2012m06_m11->w07_2012m07_m12,W6--W7,5,w06_2012m06_m11,w07_2012m07_m12,5,3,4,80235,77819,2416,0.8612148729915213,0.8604327334944422,0.8604327334944422,0.8612148729915213,-0.0007821394970791,-1,0,1416,0,257,0,-257,-257,67719,67462,-0.0033025353705393,-314,-257,57,-0.0039135040817598,-0.0032030909204212,0.0007104131613385
catboost_platt,CatBoost,05:w06_2012m06_m11->w07_2012m07_m12,W6--W7,5,w06_2012m06_m11,w07_2012m07_m12,5,4,5,77223,74890,2333,0.8119678361988626,0.8109305281057975,0.8109305281057975,0.8119678361988626,-0.0010373080930651,-1,0,795,0,198,0,-198,-198,66344,66146,-0.0026438776872746,-220,-198,22,-0.0028488921694313,-0.0025640029524882,0.0002848892169431
catboost_platt,CatBoost,06:w07_2012m07_m12->w08_2012m08_2013m01,W7--W8,6,w07_2012m07_m12,w08_2012m08_2013m01,5,0,1,60520,58445,2075,0.0484805012938176,0.0486584140925409,0.0484805012938176,0.0486584140925409,0.0001779127987233,1,452,0,389,0,389,0,389,50695,51084,0.0066558302677731,389,402,13,0.0064276272306675,0.0066424322538003,0.0002148050231328
catboost_platt,CatBoost,06:w07_2012m07_m12->w08_2012m08_2013m01,W7--W8,6,w07_2012m07_m12,w08_2012m08_2013m01,5,1,2,79865,77165,2700,0.0797397671541154,0.0796435411922613,0.0796435411922613,0.0797397671541154,-9.622596185408784e-05,-1,246,0,202,0,-202,0,-202,67596,67394,-0.0026177671224,-213,-202,11,-0.0026670005634508,-0.0025292681399862,0.0001377324234645
catboost_platt,CatBoost,06:w07_2012m07_m12->w08_2012m08_2013m01,W7--W8,6,w07_2012m07_m12,w08_2012m08_2013m01,5,2,3,79047,76495,2552,0.8884345991499274,0.1118010883671265,0.1118010883671265,0.8884345991499274,-0.7766335107828009,-1,207,756,164,117,-164,-117,-281,65300,65019,-0.0036734427086737,-312,-290,22,-0.0039470188621959,-0.0036687034296051,0.0002783154325907
catboost_platt,CatBoost,06:w07_2012m07_m12->w08_2012m08_2013m01,W7--W8,6,w07_2012m07_m12,w08_2012m08_2013m01,5,3,4,80235,77819,2416,0.8604327334944422,0.8592335766105592,0.8592335766105592,0.8604327334944422,-0.0011991568838829,-1,0,2123,0,384,0,-384,-384,67462,67078,-0.0049345275575373,-451,-384,67,-0.0056209883467314,-0.0047859412974387,0.0008350470492927
catboost_platt,CatBoost,06:w07_2012m07_m12->w08_2012m08_2013m01,W7--W8,6,w07_2012m07_m12,w08_2012m08_2013m01,5,4,5,77223,74890,2333,0.8109305281057975,0.8061960123826506,0.8061960123826506,0.8109305281057975,-0.0047345157231468,-1,0,3564,0,845,0,-845,-845,66146,65301,-0.011283215382561,-944,-845,99,-0.0122243373088328,-0.0109423358325887,0.0012820014762441
numeric_logistic_platt,Numeric logistic,00:w01_2012m01_m06->w02_2012m02_m07,W1--W2,0,w01_2012m01_m06,w02_2012m02_m07,5,0,1,48646,47005,1641,0.0558455068891937,0.0558035349604413,0.0558035349604413,0.0558455068891937,-4.1971928752375376e-05,-1,66,0,59,0,-59,0,-59,41618,41559,-0.0012551856185512,-62,-59,3,-0.0012745138346421,-0.0012128438103852,6.167002425687621e-05
numeric_logistic_platt,Numeric logistic,00:w01_2012m01_m06->w02_2012m02_m07,W1--W2,0,w01_2012m01_m06,w02_2012m02_m07,5,1,2,55311,53433,1878,0.0810087084692815,0.0809745020827268,0.0809745020827268,0.0810087084692815,-3.420638655471375e-05,-1,96,0,80,0,-80,0,-80,47938,47858,-0.0014972021035689,-84,-80,4,-0.0015186852524814,-0.0014463669071251,7.231834535625825e-05
numeric_logistic_platt,Numeric logistic,00:w01_2012m01_m06->w02_2012m02_m07,W1--W2,0,w01_2012m01_m06,w02_2012m02_m07,5,2,3,70157,67884,2273,0.8954712290162469,0.89610165568957,0.8954712290162469,0.89610165568957,0.0006304266733231,1,0,1628,0,193,0,193,193,60900,61093,0.0028430852630958,193,238,45,0.0027509728181079,0.0033923913508274,0.0006414185327194
numeric_logistic_platt,Numeric logistic,00:w01_2012m01_m06->w02_2012m02_m07,W1--W2,0,w01_2012m01_m06,w02_2012m02_m07,5,3,4,87008,84316,2692,0.8649328079682392,0.8647243677720748,0.8647243677720748,0.8649328079682392,-0.0002084401961643,-1,0,398,0,73,0,-73,-73,74833,74760,-0.0008657905972769,-85,-73,12,-0.0009769216623758,-0.0008390033100404,0.0001379183523354
numeric_logistic_platt,Numeric logistic,00:w01_2012m01_m06->w02_2012m02_m07,W1--W2,0,w01_2012m01_m06,w02_2012m02_m07,5,4,5,115768,112176,3592,0.8080294405623234,0.8063208460322784,0.8063208460322784,0.8080294405623234,-0.001708594530045,-1,4,1558,1,329,-1,-329,-330,100511,100181,-0.0029418057338468,-379,-330,49,-0.0032737889572247,-0.0028505286434938,0.0004232603137309
numeric_logistic_platt,Numeric logistic,01:w02_2012m02_m07->w03_2012m03_m08,W2--W3,1,w02_2012m02_m07,w03_2012m03_m08,5,0,1,48646,47005,1641,0.0558035349604413,0.0557623096810253,0.0557623096810253,0.0558035349604413,-4.122527941596149e-05,-1,65,0,58,0,-58,0,-58,41559,41501,-0.0012339112860334,-62,-58,4,-0.0012745138346421,-0.0011922871356329,8.222669900916828e-05
numeric_logistic_platt,Numeric logistic,01:w02_2012m02_m07->w03_2012m03_m08,W2--W3,1,w02_2012m02_m07,w03_2012m03_m08,5,1,2,55311,53433,1878,0.0809745020827268,0.0809073660956201,0.0809073660956201,0.0809745020827268,-6.713598710669788e-05,-1,167,0,142,0,-142,0,-142,47858,47716,-0.0026575337338348,-151,-142,9,-0.0027300175371987,-0.0025673012601471,0.0001627162770515
numeric_logistic_platt,Numeric logistic,01:w02_2012m02_m07->w03_2012m03_m08,W2--W3,1,w02_2012m02_m07,w03_2012m03_m08,5,2,3,70157,67884,2273,0.89610165568957,0.8958192511745544,0.8958192511745544,0.89610165568957,-0.0002824045150155,-1,0,728,0,73,0,-73,-73,61093,61020,-0.0010753638559896,-93,-73,20,-0.0013255983009535,-0.0010405233975226,0.0002850749034308
numeric_logistic_platt,Numeric logistic,01:w02_2012m02_m07->w03_2012m03_m08,W2--W3,1,w02_2012m02_m07,w03_2012m03_m08,5,3,4,87008,84316,2692,0.8647243677720748,0.8655596934660833,0.8647243677720748,0.8655596934660833,0.0008353256940084,1,0,1686,0,279,0,279,279,74760,75039,0.0033089805019213,279,329,50,0.0032066016917984,0.003781261493196,0.0005746598013975
numeric_logistic_platt,Numeric logistic,01:w02_2012m02_m07->w03_2012m03_m08,W2--W3,1,w02_2012m02_m07,w03_2012m03_m08,5,4,5,115768,112176,3592,0.8063208460322784,0.8058713502545035,0.8058713502545035,0.8063208460322784,-0.0004494957777748,-1,0,441,0,109,0,-109,-109,100181,100072,-0.0009716873484524,-115,-109,6,-0.0009933660424296,-0.0009415382489116,5.182779351807063e-05
numeric_logistic_platt,Numeric logistic,02:w03_2012m03_m08->w04_2012m04_m09,W3--W4,2,w03_2012m03_m08,w04_2012m04_m09,5,0,1,48646,47005,1641,0.0557623096810253,0.0556807020199895,0.0556807020199895,0.0557623096810253,-8.160766103582767e-05,-1,171,0,147,0,-147,0,-147,41501,41354,-0.0031273268801191,-153,-147,6,-0.0031451712371006,-0.0030218311885869,0.0001233400485137
numeric_logistic_platt,Numeric logistic,02:w03_2012m03_m08->w04_2012m04_m09,W3--W4,2,w03_2012m03_m08,w04_2012m04_m09,5,1,2,55311,53433,1878,0.0809073660956201,0.0807050090863365,0.0807050090863365,0.0809073660956201,-0.0002023570092836,-1,507,0,455,0,-455,0,-455,47716,47261,-0.0085153369640484,-468,-455,13,-0.0084612464066822,-0.0082262117842743,0.0002350346224078
numeric_logistic_platt,Numeric logistic,02:w03_2012m03_m08->w04_2012m04_m09,W3--W4,2,w03_2012m03_m08,w04_2012m04_m09,5,2,3,70157,67884,2273,0.8958192511745544,0.8947818688022484,0.8947818688022484,0.8958192511745544,-0.0010373823723059,-1,0,2781,0,352,0,-352,-352,61020,60668,-0.0051853161275116,-452,-352,100,-0.0064426928175378,-0.0050173183003834,0.0014253745171543
numeric_logistic_platt,Numeric logistic,02:w03_2012m03_m08->w04_2012m04_m09,W3--W4,2,w03_2012m03_m08,w04_2012m04_m09,5,3,4,87008,84316,2692,0.8655596934660833,0.8645731565389918,0.8645731565389918,0.8655596934660833,-0.0009865369270914,-1,0,1956,0,332,0,-332,-332,75039,74707,-0.0039375681958347,-386,-332,54,-0.0044363736667892,-0.0038157410812798,0.0006206325855093
numeric_logistic_platt,Numeric logistic,02:w03_2012m03_m08->w04_2012m04_m09,W3--W4,2,w03_2012m03_m08,w04_2012m04_m09,5,4,5,115768,112176,3592,0.8058713502545035,0.8056165785472097,0.8056165785472097,0.8058713502545035,-0.0002547717072938,-1,0,210,0,50,0,-50,-50,100072,100022,-0.0004457281414919,-59,-50,9,-0.0005096399695943,-0.0004318982793172,7.774169027710594e-05
numeric_logistic_platt,Numeric logistic,03:w04_2012m04_m09->w05_2012m05_m10,W4--W5,3,w04_2012m04_m09,w05_2012m05_m10,5,0,1,48646,47005,1641,0.0556807020199895,0.0557893961188405,0.0556807020199895,0.0557893961188405,0.000108694098851,1,215,0,186,0,186,0,186,41354,41540,0.003957025848314,186,195,9,0.0038235415039263,0.0040085515766969,0.0001850100727706
numeric_logistic_platt,Numeric logistic,03:w04_2012m04_m09->w05_2012m05_m10,W4--W5,3,w04_2012m04_m09,w05_2012m05_m10,5,1,2,55311,53433,1878,0.0807050090863365,0.0807085321606214,0.0807050090863365,0.0807085321606214,3.523074284930705e-06,1,6,0,6,0,6,0,6,47261,47267,0.0001122901577676,6,6,0,0.0001084775180343,0.0001084775180343,0.0
numeric_logistic_platt,Numeric logistic,03:w04_2012m04_m09->w05_2012m05_m10,W4--W5,3,w04_2012m04_m09,w05_2012m05_m10,5,2,3,70157,67884,2273,0.8947818688022484,0.89330390881681,0.89330390881681,0.8947818688022484,-0.0014779599854384,-1,0,3868,0,512,0,-512,-512,60668,60156,-0.0075422780036532,-633,-512,121,-0.0090226206935872,-0.0072979175278304,0.0017247031657568
numeric_logistic_platt,Numeric logistic,03:w04_2012m04_m09->w05_2012m05_m10,W4--W5,3,w04_2012m04_m09,w05_2012m05_m10,5,3,4,87008,84316,2692,0.8645731565389918,0.8633439810939889,0.8633439810939889,0.8645731565389918,-0.0012291754450028,-1,0,2479,0,415,0,-415,-415,74707,74292,-0.0049219602447933,-507,-415,92,-0.0058270503861713,-0.0047696763515998,0.0010573740345715
numeric_logistic_platt,Numeric logistic,03:w04_2012m04_m09->w05_2012m05_m10,W4--W5,3,w04_2012m04_m09,w05_2012m05_m10,5,4,5,115768,112176,3592,0.8056165785472097,0.8048975884461733,0.8048975884461733,0.8056165785472097,-0.0007189901010363,-1,0,636,0,164,0,-164,-164,100022,99858,-0.0014619883040935,-183,-164,19,-0.0015807477023011,-0.0014166263561605,0.0001641213461405
numeric_logistic_platt,Numeric logistic,04:w05_2012m05_m10->w06_2012m06_m11,W5--W6,4,w05_2012m05_m10,w06_2012m06_m11,5,0,1,48646,47005,1641,0.0557893961188405,0.0558073347454651,0.0557893961188405,0.0558073347454651,1.7938626624552922e-05,1,25,0,23,0,23,0,23,41540,41563,0.0004893096479097,23,24,1,0.0004728035193027,0.000493360194055,2.055667475229207e-05
numeric_logistic_platt,Numeric logistic,04:w05_2012m05_m10->w06_2012m06_m11,W5--W6,4,w05_2012m05_m10,w06_2012m06_m11,5,1,2,55311,53433,1878,0.0807085321606214,0.0808002068916298,0.0807085321606214,0.0808002068916298,9.167473100839264e-05,1,250,0,227,0,227,0,227,47267,47494,0.0042483109688769,227,233,6,0.0041040660989676,0.004212543617002,0.0001084775180343
numeric_logistic_platt,Numeric logistic,04:w05_2012m05_m10->w06_2012m06_m11,W5--W6,4,w05_2012m05_m10,w06_2012m06_m11,5,2,3,70157,67884,2273,0.89330390881681,0.8928429613469422,0.8928429613469422,0.89330390881681,-0.0004609474698678,-1,0,1218,0,167,0,-167,-167,60156,59989,-0.0024600789582228,-207,-167,40,-0.0029505252505095,-0.0023803754436478,0.0005701498068617
numeric_logistic_platt,Numeric logistic,04:w05_2012m05_m10->w06_2012m06_m11,W5--W6,4,w05_2012m05_m10,w06_2012m06_m11,5,3,4,87008,84316,2692,0.8633439810939889,0.8615126151660237,0.8615126151660237,0.8633439810939889,-0.0018313659279651,-1,0,3619,0,561,0,-561,-561,74292,73731,-0.0066535414393472,-663,-561,102,-0.0076199889665318,-0.0064476829716807,0.001172305994851
numeric_logistic_platt,Numeric logistic,04:w05_2012m05_m10->w06_2012m06_m11,W5--W6,4,w05_2012m05_m10,w06_2012m06_m11,5,4,5,115768,112176,3592,0.8048975884461733,0.8023477375876491,0.8023477375876491,0.8048975884461733,-0.0025498508585242,-1,3,2146,1,487,-1,-487,-488,99858,99370,-0.0043503066609613,-549,-488,61,-0.0047422431069034,-0.0042153272061364,0.000526915900767
numeric_logistic_platt,Numeric logistic,05:w06_2012m06_m11->w07_2012m07_m12,W6--W7,5,w06_2012m06_m11,w07_2012m07_m12,5,0,1,48646,47005,1641,0.0558073347454651,0.0557164094567131,0.0557164094567131,0.0558073347454651,-9.092528875196544e-05,-1,170,0,153,0,-153,0,-153,41563,41410,-0.003254972875226,-158,-153,5,-0.0032479546108621,-0.0031451712371006,0.0001027833737614
numeric_logistic_platt,Numeric logistic,05:w06_2012m06_m11->w07_2012m07_m12,W6--W7,5,w06_2012m06_m11,w07_2012m07_m12,5,1,2,55311,53433,1878,0.0808002068916298,0.0807156622296755,0.0807156622296755,0.0808002068916298,-8.454466195426114e-05,-1,234,0,214,0,-214,0,-214,47494,47280,-0.0040050156270469,-220,-214,6,-0.0039775089945942,-0.0038690314765598,0.0001084775180343
numeric_logistic_platt,Numeric logistic,05:w06_2012m06_m11->w07_2012m07_m12,W6--W7,5,w06_2012m06_m11,w07_2012m07_m12,5,2,3,70157,67884,2273,0.8928429613469422,0.107864252044333,0.107864252044333,0.8928429613469422,-0.7849787093026092,-1,262,2119,214,316,-214,-316,-530,59989,59459,-0.0078074362147192,-591,-540,51,-0.0084239633963823,-0.0076970223926336,0.0007269410037487
numeric_logistic_platt,Numeric logistic,05:w06_2012m06_m11->w07_2012m07_m12,W6--W7,5,w06_2012m06_m11,w07_2012m07_m12,5,3,4,87008,84316,2692,0.8615126151660237,0.8600412333216553,0.8600412333216553,0.8615126151660237,-0.0014713818443684,-1,0,2897,0,522,0,-522,-522,73731,73209,-0.0061909957777883,-610,-522,88,-0.0070108495770503,-0.0059994483265906,0.0010114012504597
numeric_logistic_platt,Numeric logistic,05:w06_2012m06_m11->w07_2012m07_m12,W6--W7,5,w06_2012m06_m11,w07_2012m07_m12,5,4,5,115768,112176,3592,0.8023477375876491,0.7990143068958951,0.7990143068958951,0.8023477375876491,-0.0033334306917539,-1,2,2762,2,628,-2,-628,-630,99370,98740,-0.0056161745827984,-710,-630,80,-0.006132955566305,-0.0054419183193974,0.0006910372469076
numeric_logistic_platt,Numeric logistic,06:w07_2012m07_m12->w08_2012m08_2013m01,W7--W8,6,w07_2012m07_m12,w08_2012m08_2013m01,5,0,1,48646,47005,1641,0.0557164094567131,0.0557368200356067,0.0557164094567131,0.0557368200356067,2.041057889357045e-05,1,48,0,44,0,44,0,44,41410,41454,0.0009360706307839,44,44,0,0.0009044936891008,0.0009044936891008,0.0
numeric_logistic_platt,Numeric logistic,06:w07_2012m07_m12->w08_2012m08_2013m01,W7--W8,6,w07_2012m07_m12,w08_2012m08_2013m01,5,1,2,55311,53433,1878,0.0807156622296755,0.0806767179867205,0.0806767179867205,0.0807156622296755,-3.894424295507182e-05,-1,92,0,79,0,-79,0,-79,47280,47201,-0.0014784870772743,-80,-79,1,-0.0014463669071251,-0.0014282873207861,1.807958633906456e-05
numeric_logistic_platt,Numeric logistic,06:w07_2012m07_m12->w08_2012m08_2013m01,W7--W8,6,w07_2012m07_m12,w08_2012m08_2013m01,5,2,3,70157,67884,2273,0.107864252044333,0.1076334659451168,0.1076334659451168,0.107864252044333,-0.0002307860992161,-1,593,0,494,0,-494,0,-494,59459,58965,-0.0072771197925873,-513,-494,19,-0.0073121712730019,-0.0070413501147426,0.0002708211582593
numeric_logistic_platt,Numeric logistic,06:w07_2012m07_m12->w08_2012m08_2013m01,W7--W8,6,w07_2012m07_m12,w08_2012m08_2013m01,5,3,4,87008,84316,2692,0.8600412333216553,0.8586477692753473,0.8586477692753473,0.8600412333216553,-0.001393464046308,-1,0,2595,0,430,0,-430,-430,73209,72779,-0.005099862422316,-512,-430,82,-0.0058845163663111,-0.0049420742920191,0.000942442074292
numeric_logistic_platt,Numeric logistic,06:w07_2012m07_m12->w08_2012m08_2013m01,W7--W8,6,w07_2012m07_m12,w08_2012m08_2013m01,5,4,5,115768,112176,3592,0.7990143068958951,0.7957866017565826,0.7957866017565826,0.7990143068958951,-0.0032277051393125,-1,3,2512,3,568,-3,-568,-571,98740,98169,-0.0050902153758379,-650,-571,79,-0.0056146776311243,-0.004932278349803,0.0006823992813212
catboost_monotonic_platt,Monotonic CatBoost,00:w01_2012m01_m06->w02_2012m02_m07,W1--W2,0,w01_2012m01_m06,w02_2012m02_m07,5,0,1,54840,53021,1819,0.0485617328664206,0.0485701091372974,0.0485617328664206,0.0485701091372974,8.37627087678372e-06,1,29,0,27,0,27,0,27,46634,46661,0.0005092321910186,27,28,1,0.0004923413566739,0.0005105762217359,1.823486506199854e-05
catboost_monotonic_platt,Monotonic CatBoost,00:w01_2012m01_m06->w02_2012m02_m07,W1--W2,0,w01_2012m01_m06,w02_2012m02_m07,5,1,2,73852,71333,2519,0.0786843171164054,0.0786074384929598,0.0786074384929598,0.0786843171164054,-7.68786234456309e-05,-1,235,0,199,0,-199,0,-199,63769,63570,-0.0027897326623021,-205,-199,6,-0.0027758219140984,-0.0026945783458809,8.124356821751611e-05
catboost_monotonic_platt,Monotonic CatBoost,00:w01_2012m01_m06->w02_2012m02_m07,W1--W2,0,w01_2012m01_m06,w02_2012m02_m07,5,2,3,81100,78463,2637,0.8922987973823122,0.8923204107454423,0.8922987973823122,0.8923204107454423,2.161336313011297e-05,1,0,45,0,6,0,6,6,68782,68788,7.646916380969374e-05,6,7,1,7.398273736128237e-05,8.631319358816276e-05,1.2330456226880395e-05
catboost_monotonic_platt,Monotonic CatBoost,00:w01_2012m01_m06->w02_2012m02_m07,W1--W2,0,w01_2012m01_m06,w02_2012m02_m07,5,3,4,78800,76404,2396,0.8602366287204435,0.8614307278525446,0.8602366287204435,0.8614307278525446,0.0011940991321011,1,0,2096,0,406,0,406,406,66362,66768,0.0053138579131982,406,476,70,0.0051522842639593,0.0060406091370558,0.0008883248730964
catboost_monotonic_platt,Monotonic CatBoost,00:w01_2012m01_m06->w02_2012m02_m07,W1--W2,0,w01_2012m01_m06,w02_2012m02_m07,5,4,5,88298,85593,2705,0.8098837326283999,0.8093029473412743,0.8093029473412743,0.8098837326283999,-0.0005807852871255,-1,0,470,0,105,0,-105,-105,76486,76381,-0.0012267358312011,-118,-105,13,-0.0013363836100477,-0.0011891549072459,0.0001472287028018
catboost_monotonic_platt,Monotonic CatBoost,01:w02_2012m02_m07->w03_2012m03_m08,W2--W3,1,w02_2012m02_m07,w03_2012m03_m08,5,0,1,54840,53021,1819,0.0485701091372974,0.0486586893897483,0.0485701091372974,0.0486586893897483,8.858025245096768e-05,1,209,0,188,0,188,0,188,46661,46849,0.0035457648856113,188,196,8,0.0034281546316557,0.0035740335521517,0.0001458789204959
catboost_monotonic_platt,Monotonic CatBoost,01:w02_2012m02_m07->w03_2012m03_m08,W2--W3,1,w02_2012m02_m07,w03_2012m03_m08,5,1,2,73852,71333,2519,0.0786074384929598,0.0784306112390894,0.0784306112390894,0.0786074384929598,-0.0001768272538703,-1,489,0,402,0,-402,0,-402,63570,63168,-0.0056355403529923,-427,-402,25,-0.0057818339381465,-0.0054433190705735,0.0003385148675729
catboost_monotonic_platt,Monotonic CatBoost,01:w02_2012m02_m07->w03_2012m03_m08,W2--W3,1,w02_2012m02_m07,w03_2012m03_m08,5,2,3,81100,78463,2637,0.8923204107454423,0.8920058033644691,0.8920058033644691,0.8923204107454423,-0.0003146073809732,-1,0,710,0,114,0,-114,-114,68788,68674,-0.0014529141123841,-131,-114,17,-0.0016152897657213,-0.0014056720098643,0.0002096177558569
catboost_monotonic_platt,Monotonic CatBoost,01:w02_2012m02_m07->w03_2012m03_m08,W2--W3,1,w02_2012m02_m07,w03_2012m03_m08,5,3,4,78800,76404,2396,0.8614307278525446,0.8611478437816212,0.8611478437816212,0.8614307278525446,-0.0002828840709233,-1,0,507,0,88,0,-88,-88,66768,66680,-0.0011517721585257,-115,-88,27,-0.0014593908629441,-0.0011167512690355,0.0003426395939086
catboost_monotonic_platt,Monotonic CatBoost,01:w02_2012m02_m07->w03_2012m03_m08,W2--W3,1,w02_2012m02_m07,w03_2012m03_m08,5,4,5,88298,85593,2705,0.8093029473412743,0.8103428263697585,0.8093029473412743,0.8103428263697585,0.0010398790284842,1,0,856,0,189,0,189,189,76381,76570,0.002208124496162,189,215,26,0.0021404788330426,0.0024349362386464,0.0002944574056037
catboost_monotonic_platt,Monotonic CatBoost,02:w03_2012m03_m08->w04_2012m04_m09,W3--W4,2,w03_2012m03_m08,w04_2012m04_m09,5,0,1,54840,53021,1819,0.0486586893897483,0.0484962472679778,0.0484962472679778,0.0486586893897483,-0.0001624421217704,-1,406,0,365,0,-365,0,-365,46849,46484,-0.0068840648045114,-385,-365,20,-0.0070204230488694,-0.0066557257476294,0.0003646973012399
catboost_monotonic_platt,Monotonic CatBoost,02:w03_2012m03_m08->w04_2012m04_m09,W3--W4,2,w03_2012m03_m08,w04_2012m04_m09,5,1,2,73852,71333,2519,0.0784306112390894,0.0784221683323626,0.0784221683323626,0.0784306112390894,-8.44290672677439e-06,-1,23,0,21,0,-21,0,-21,63168,63147,-0.0002943938990369,-22,-21,1,-0.0002978930834642,-0.0002843524887613,1.3540594702919352e-05
catboost_monotonic_platt,Monotonic CatBoost,02:w03_2012m03_m08->w04_2012m04_m09,W3--W4,2,w03_2012m03_m08,w04_2012m04_m09,5,2,3,81100,78463,2637,0.8920058033644691,0.8900324876847417,0.8900324876847417,0.8920058033644691,-0.0019733156797273,-1,0,4645,0,690,0,-690,-690,68674,67984,-0.0087939538381147,-836,-690,146,-0.010308261405672,-0.0085080147965474,0.0018002466091245
catboost_monotonic_platt,Monotonic CatBoost,02:w03_2012m03_m08->w04_2012m04_m09,W3--W4,2,w03_2012m03_m08,w04_2012m04_m09,5,3,4,78800,76404,2396,0.8611478437816212,0.8607956116401266,0.8607956116401266,0.8611478437816212,-0.0003522321414946,-1,0,593,0,122,0,-122,-122,66680,66558,-0.0015967750379561,-139,-122,17,-0.0017639593908629,-0.0015482233502538,0.0002157360406091
catboost_monotonic_platt,Monotonic CatBoost,02:w03_2012m03_m08->w04_2012m04_m09,W3--W4,2,w03_2012m03_m08,w04_2012m04_m09,5,4,5,88298,85593,2705,0.8103428263697585,0.8114834386744343,0.8103428263697585,0.8114834386744343,0.0011406123046757,1,0,913,0,210,0,210,210,76570,76780,0.0024534716624022,210,244,34,0.0023783098144918,0.0027633694987428,0.000385059684251
catboost_monotonic_platt,Monotonic CatBoost,03:w04_2012m04_m09->w05_2012m05_m10,W4--W5,3,w04_2012m04_m09,w05_2012m05_m10,5,0,1,54840,53021,1819,0.0484962472679778,0.0485450372782145,0.0484962472679778,0.0485450372782145,4.879001023663787e-05,1,134,0,121,0,121,0,121,46484,46605,0.0022821146338243,121,128,7,0.0022064186725018,0.0023340627279358,0.0001276440554339
catboost_monotonic_platt,Monotonic CatBoost,03:w04_2012m04_m09->w05_2012m05_m10,W4--W5,3,w04_2012m04_m09,w05_2012m05_m10,5,1,2,73852,71333,2519,0.0784221683323626,0.0783834788743444,0.0783834788743444,0.0784221683323626,-3.868945801825674e-05,-1,101,0,85,0,-85,0,-85,63147,63062,-0.0011915943532446,-88,-85,3,-0.0011915723338569,-0.0011509505497481,4.0621784108758055e-05
catboost_monotonic_platt,Monotonic CatBoost,03:w04_2012m04_m09->w05_2012m05_m10,W4--W5,3,w04_2012m04_m09,w05_2012m05_m10,5,2,3,81100,78463,2637,0.8900324876847417,0.8892804189864737,0.8892804189864737,0.8900324876847417,-0.000752068698268,-1,0,1715,0,256,0,-256,-256,67984,67728,-0.0032626843225469,-311,-256,55,-0.0038347718865598,-0.0031565967940813,0.0006781750924784
catboost_monotonic_platt,Monotonic CatBoost,03:w04_2012m04_m09->w05_2012m05_m10,W4--W5,3,w04_2012m04_m09,w05_2012m05_m10,5,3,4,78800,76404,2396,0.8607956116401266,0.8606682863399073,0.8606682863399073,0.8607956116401266,-0.0001273253002193,-1,0,218,0,32,0,-32,-32,66558,66526,-0.0004188262394639,-37,-32,5,-0.0004695431472081,-0.0004060913705583,6.34517766497462e-05
catboost_monotonic_platt,Monotonic CatBoost,03:w04_2012m04_m09->w05_2012m05_m10,W4--W5,3,w04_2012m04_m09,w05_2012m05_m10,5,4,5,88298,85593,2705,0.8114834386744343,0.8115173654626233,0.8114834386744343,0.8115173654626233,3.39267881890315e-05,1,0,32,0,6,0,6,6,76780,76786,7.00991903543514e-05,6,9,3,6.795170898548099e-05,0.0001019275634782,3.3975854492740494e-05
catboost_monotonic_platt,Monotonic CatBoost,04:w05_2012m05_m10->w06_2012m06_m11,W5--W6,4,w05_2012m05_m10,w06_2012m06_m11,5,0,1,54840,53021,1819,0.0485450372782145,0.0486007880089365,0.0485450372782145,0.0486007880089365,5.575073072197623e-05,1,144,0,129,0,129,0,129,46605,46734,0.002432998245978,129,135,6,0.0023522975929978,0.0024617067833698,0.0001094091903719
catboost_monotonic_platt,Monotonic CatBoost,04:w05_2012m05_m10->w06_2012m06_m11,W5--W6,4,w05_2012m05_m10,w06_2012m06_m11,5,1,2,73852,71333,2519,0.0783834788743444,0.0783690327579728,0.0783690327579728,0.0783834788743444,-1.4446116371608086e-05,-1,30,0,26,0,-26,0,-26,63062,63036,-0.0003644876845218,-28,-26,2,-0.0003791366516817,-0.0003520554622759,2.7081189405838704e-05
catboost_monotonic_platt,Monotonic CatBoost,04:w05_2012m05_m10->w06_2012m06_m11,W5--W6,4,w05_2012m05_m10,w06_2012m06_m11,5,2,3,81100,78463,2637,0.8892804189864737,0.8892090679898458,0.8892090679898458,0.8892804189864737,-7.135099662791689e-05,-1,0,190,0,24,0,-24,-24,67728,67704,-0.0003058766552387,-34,-24,10,-0.0004192355117139,-0.0002959309494451,0.0001233045622688
catboost_monotonic_platt,Monotonic CatBoost,04:w05_2012m05_m10->w06_2012m06_m11,W5--W6,4,w05_2012m05_m10,w06_2012m06_m11,5,3,4,78800,76404,2396,0.8606682863399073,0.8602366287204435,0.8602366287204435,0.8606682863399073,-0.0004316576194638,-1,0,778,0,164,0,-164,-164,66526,66362,-0.0021464844772525,-185,-164,21,-0.0023477157360406,-0.0020812182741116,0.0002664974619289
catboost_monotonic_platt,Monotonic CatBoost,04:w05_2012m05_m10->w06_2012m06_m11,W5--W6,4,w05_2012m05_m10,w06_2012m06_m11,5,4,5,88298,85593,2705,0.8115173654626233,0.8103745792333379,0.8103745792333379,0.8115173654626233,-0.0011427862292854,-1,0,921,0,211,0,-211,-211,76786,76575,-0.0024651548607946,-248,-211,37,-0.0028086706380665,-0.0023896350993227,0.0004190355387437
catboost_monotonic_platt,Monotonic CatBoost,05:w06_2012m06_m11->w07_2012m07_m12,W6--W7,5,w06_2012m06_m11,w07_2012m07_m12,5,0,1,54840,53021,1819,0.0486007880089365,0.0486007880089365,0.0486007880089365,0.0486007880089365,0.0,0,0,0,0,0,0,0,0,46734,46734,0.0,0,0,0,0.0,0.0,0.0
catboost_monotonic_platt,Monotonic CatBoost,05:w06_2012m06_m11->w07_2012m07_m12,W6--W7,5,w06_2012m06_m11,w07_2012m07_m12,5,1,2,73852,71333,2519,0.0783690327579728,0.078276042645755,0.078276042645755,0.0783690327579728,-9.299011221779174e-05,-1,233,0,200,0,-200,0,-200,63036,62836,-0.0028037514193991,-206,-200,6,-0.0027893625088013,-0.0027081189405838,8.124356821751611e-05
catboost_monotonic_platt,Monotonic CatBoost,05:w06_2012m06_m11->w07_2012m07_m12,W6--W7,5,w06_2012m06_m11,w07_2012m07_m12,5,2,3,81100,78463,2637,0.8892090679898458,0.1111467592454646,0.1111467592454646,0.8892090679898458,-0.7780623087443811,-1,404,1249,331,192,-331,-192,-523,67704,67181,-0.0066655621120783,-559,-533,26,-0.0068927250308261,-0.0065721331689272,0.0003205918618988
catboost_monotonic_platt,Monotonic CatBoost,05:w06_2012m06_m11->w07_2012m07_m12,W6--W7,5,w06_2012m06_m11,w07_2012m07_m12,5,3,4,78800,76404,2396,0.8602366287204435,0.8598182534639773,0.8598182534639773,0.8602366287204435,-0.0004183752564661,-1,0,733,0,141,0,-141,-141,66362,66221,-0.0018454531176378,-163,-141,22,-0.0020685279187817,-0.0017893401015228,0.0002791878172588
catboost_monotonic_platt,Monotonic CatBoost,05:w06_2012m06_m11->w07_2012m07_m12,W6--W7,5,w06_2012m06_m11,w07_2012m07_m12,5,4,5,88298,85593,2705,0.8103745792333379,0.8087374786830329,0.8087374786830329,0.8103745792333379,-0.0016371005503049,-1,0,1372,0,300,0,-300,-300,76575,76275,-0.0035049595177175,-341,-300,41,-0.0038619221273415,-0.003397585449274,0.0004643366780674
catboost_monotonic_platt,Monotonic CatBoost,06:w07_2012m07_m12->w08_2012m08_2013m01,W7--W8,6,w07_2012m07_m12,w08_2012m08_2013m01,5,0,1,54840,53021,1819,0.0486007880089365,0.0486753523807552,0.0486007880089365,0.0486753523807552,7.456437181874859e-05,1,177,0,158,0,158,0,158,46734,46892,0.002979951340035,158,167,9,0.0028811086797957,0.0030452224653537,0.0001641137855579
catboost_monotonic_platt,Monotonic CatBoost,06:w07_2012m07_m12->w08_2012m08_2013m01,W7--W8,6,w07_2012m07_m12,w08_2012m08_2013m01,5,1,2,73852,71333,2519,0.078276042645755,0.078274772459913,0.078274772459913,0.078276042645755,-1.270185841922844e-06,-1,3,0,3,0,-3,0,-3,62836,62833,-4.205627129098734e-05,-3,-3,0,-4.0621784108758055e-05,-4.0621784108758055e-05,0.0
catboost_monotonic_platt,Monotonic CatBoost,06:w07_2012m07_m12->w08_2012m08_2013m01,W7--W8,6,w07_2012m07_m12,w08_2012m08_2013m01,5,2,3,81100,78463,2637,0.1111467592454646,0.1109813242932129,0.1109813242932129,0.1111467592454646,-0.0001654349522517,-1,416,0,339,0,-339,0,-339,67181,66842,-0.0043205077552476,-349,-339,10,-0.0043033292231812,-0.0041800246609124,0.0001233045622688
catboost_monotonic_platt,Monotonic CatBoost,06:w07_2012m07_m12->w08_2012m08_2013m01,W7--W8,6,w07_2012m07_m12,w08_2012m08_2013m01,5,3,4,78800,76404,2396,0.8598182534639773,0.8583320244890962,0.8583320244890962,0.8598182534639773,-0.0014862289748811,-1,0,2569,0,501,0,-501,-501,66221,65720,-0.0065572483116067,-572,-501,71,-0.0072588832487309,-0.0063578680203045,0.0009010152284263
catboost_monotonic_platt,Monotonic CatBoost,06:w07_2012m07_m12->w08_2012m08_2013m01,W7--W8,6,w07_2012m07_m12,w08_2012m08_2013m01,5,4,5,88298,85593,2705,0.8087374786830329,0.8053547613963974,0.8053547613963974,0.8087374786830329,-0.0033827172866355,-1,0,2630,0,629,0,-629,-629,76275,75646,-0.0073487317888145,-711,-629,82,-0.0080522775147794,-0.0071236041586445,0.0009286733561349
woe_scorecard_platform_platt,Platform-signal WOE scorecard,00:w01_2012m01_m06->w02_2012m02_m07,W1--W2,0,w01_2012m01_m06,w02_2012m02_m07,5,0,1,35138,33946,1192,0.0517057704116148,0.0517057704116148,0.0517057704116148,0.0517057704116148,0.0,0,0,0,0,0,0,0,0,30334,30334,0.0,0,0,0,0.0,0.0,0.0
woe_scorecard_platform_platt,Platform-signal WOE scorecard,00:w01_2012m01_m06->w02_2012m02_m07,W1--W2,0,w01_2012m01_m06,w02_2012m02_m07,5,1,2,64651,62524,2127,0.0826220035268752,0.0826145334913069,0.0826145334913069,0.0826220035268752,-7.470035568293842e-06,-1,21,0,19,0,-19,0,-19,55929,55910,-0.0003038833088094,-20,-19,1,-0.0003093532969327,-0.0002938856320861,1.5467664846638104e-05
woe_scorecard_platform_platt,Platform-signal WOE scorecard,00:w01_2012m01_m06->w02_2012m02_m07,W1--W2,0,w01_2012m01_m06,w02_2012m02_m07,5,2,3,83959,81210,2749,0.8928580899872146,0.8932714582951211,0.8928580899872146,0.8932714582951211,0.0004133683079065,1,0,1207,0,166,0,166,166,71717,71883,0.0020440832409801,166,203,37,0.0019771555163829,0.0024178468061792,0.0004406912897962
woe_scorecard_platform_platt,Platform-signal WOE scorecard,00:w01_2012m01_m06->w02_2012m02_m07,W1--W2,0,w01_2012m01_m06,w02_2012m02_m07,5,3,4,90040,87174,2866,0.866169924727429,0.8667622645945511,0.866169924727429,0.8667622645945511,0.000592339867122,1,0,1445,0,255,0,255,255,77168,77423,0.0029251841145295,255,297,42,0.0028320746334962,0.0032985339848956,0.0004664593513993
woe_scorecard_platform_platt,Platform-signal WOE scorecard,00:w01_2012m01_m06->w02_2012m02_m07,W1--W2,0,w01_2012m01_m06,w02_2012m02_m07,5,4,5,103102,99960,3142,0.820632533454388,0.820704425291185,0.820632533454388,0.820704425291185,7.189183679701117e-05,1,0,72,0,16,0,16,16,89755,89771,0.0001600640256102,16,18,2,0.0001551861263603,0.0001745843921553,1.939826579503792e-05
woe_scorecard_platform_platt,Platform-signal WOE scorecard,01:w02_2012m02_m07->w03_2012m03_m08,W2--W3,1,w02_2012m02_m07,w03_2012m03_m08,5,0,1,35138,33946,1192,0.0517057704116148,0.0517679585364495,0.0517057704116148,0.0517679585364495,6.21881248347167e-05,1,111,0,102,0,102,0,102,30334,30436,0.0030047722853944,102,103,1,0.0029028402299504,0.0029312994478911,2.845921794069099e-05
woe_scorecard_platform_platt,Platform-signal WOE scorecard,01:w02_2012m02_m07->w03_2012m03_m08,W2--W3,1,w02_2012m02_m07,w03_2012m03_m08,5,1,2,64651,62524,2127,0.0826145334913069,0.0825729623783634,0.0825729623783634,0.0826145334913069,-4.157111294346427e-05,-1,118,0,101,0,-101,0,-101,55910,55809,-0.0016153796941974,-103,-101,2,-0.0015931694792037,-0.0015622341495104,3.093532969327621e-05
woe_scorecard_platform_platt,Platform-signal WOE scorecard,01:w02_2012m02_m07->w03_2012m03_m08,W2--W3,1,w02_2012m02_m07,w03_2012m03_m08,5,2,3,83959,81210,2749,0.8932714582951211,0.8917448503721951,0.8917448503721951,0.8932714582951211,-0.001526607922926,-1,0,4614,0,642,0,-642,-642,71883,71241,-0.0079054303657185,-787,-642,145,-0.0093736228397193,-0.0076465894067342,0.0017270334329851
woe_scorecard_platform_platt,Platform-signal WOE scorecard,01:w02_2012m02_m07->w03_2012m03_m08,W2--W3,1,w02_2012m02_m07,w03_2012m03_m08,5,3,4,90040,87174,2866,0.8667622645945511,0.866522684784726,0.866522684784726,0.8667622645945511,-0.000239579809825,-1,0,580,0,109,0,-109,-109,77423,77314,-0.0012503728175832,-124,-109,15,-0.0013771657041314,-0.0012105730786317,0.0001665926254997
woe_scorecard_platform_platt,Platform-signal WOE scorecard,01:w02_2012m02_m07->w03_2012m03_m08,W2--W3,1,w02_2012m02_m07,w03_2012m03_m08,5,4,5,103102,99960,3142,0.820704425291185,0.8207075411423037,0.820704425291185,0.8207075411423037,3.1158511186735183e-06,1,0,4,0,0,0,0,0,89771,89771,0.0,0,0,0,0.0,0.0,0.0
woe_scorecard_platform_platt,Platform-signal WOE scorecard,02:w03_2012m03_m08->w04_2012m04_m09,W3--W4,2,w03_2012m03_m08,w04_2012m04_m09,5,0,1,35138,33946,1192,0.0517679585364495,0.0516245566277867,0.0516245566277867,0.0517679585364495,-0.0001434019086628,-1,251,0,231,0,-231,0,-231,30436,30205,-0.0068049254698639,-237,-231,6,-0.0067448346519437,-0.0065740793442996,0.0001707553076441
woe_scorecard_platform_platt,Platform-signal WOE scorecard,02:w03_2012m03_m08->w04_2012m04_m09,W3--W4,2,w03_2012m03_m08,w04_2012m04_m09,5,1,2,64651,62524,2127,0.0825729623783634,0.0825220937838191,0.0825220937838191,0.0825729623783634,-5.086859454432602e-05,-1,141,0,119,0,-119,0,-119,55809,55690,-0.0019032691446484,-125,-119,6,-0.0019334581058297,-0.0018406521167499,9.280598907982862e-05
woe_scorecard_platform_platt,Platform-signal WOE scorecard,02:w03_2012m03_m08->w04_2012m04_m09,W3--W4,2,w03_2012m03_m08,w04_2012m04_m09,5,2,3,83959,81210,2749,0.8917448503721951,0.8908550637496875,0.8908550637496875,0.8917448503721951,-0.0008897866225076,-1,0,2698,0,452,0,-452,-452,71241,70789,-0.0055658170176086,-536,-452,84,-0.006384068414345,-0.0053835800807537,0.0010004883335913
woe_scorecard_platform_platt,Platform-signal WOE scorecard,02:w03_2012m03_m08->w04_2012m04_m09,W3--W4,2,w03_2012m03_m08,w04_2012m04_m09,5,3,4,90040,87174,2866,0.866522684784726,0.8664095376944709,0.8664095376944709,0.866522684784726,-0.0001131470902551,-1,0,284,0,51,0,-51,-51,77314,77263,-0.0005850368229059,-61,-51,10,-0.0006774766770324,-0.0005664149266992,0.0001110617503331
woe_scorecard_platform_platt,Platform-signal WOE scorecard,02:w03_2012m03_m08->w04_2012m04_m09,W3--W4,2,w03_2012m03_m08,w04_2012m04_m09,5,4,5,103102,99960,3142,0.8207075411423037,0.8207075411423037,0.8207075411423037,0.8207075411423037,0.0,0,0,0,0,0,0,0,0,89771,89771,0.0,0,0,0,0.0,0.0,0.0
woe_scorecard_platform_platt,Platform-signal WOE scorecard,03:w04_2012m04_m09->w05_2012m05_m10,W4--W5,3,w04_2012m04_m09,w05_2012m05_m10,5,0,1,35138,33946,1192,0.0516245566277867,0.0516643738011466,0.0516245566277867,0.0516643738011466,3.981717335983792e-05,1,72,0,64,0,64,0,64,30205,30269,0.0018853473163259,64,66,2,0.0018213899482042,0.0018783083840856,5.691843588138198e-05
woe_scorecard_platform_platt,Platform-signal WOE scorecard,03:w04_2012m04_m09->w05_2012m05_m10,W4--W5,3,w04_2012m04_m09,w05_2012m05_m10,5,1,2,64651,62524,2127,0.0825220937838191,0.082592209115085,0.0825220937838191,0.082592209115085,7.011533126587144e-05,1,208,0,175,0,175,0,175,55690,55865,0.0027989252127183,175,182,7,0.0027068413481616,0.0028151150020881,0.0001082736539264
woe_scorecard_platform_platt,Platform-signal WOE scorecard,03:w04_2012m04_m09->w05_2012m05_m10,W4--W5,3,w04_2012m04_m09,w05_2012m05_m10,5,2,3,83959,81210,2749,0.8908550637496875,0.8886831699133111,0.8886831699133111,0.8908550637496875,-0.0021718938363763,-1,0,6533,0,996,0,-996,-996,70789,69793,-0.012264499445881,-1193,-996,197,-0.0142093164520778,-0.0118629330982979,0.0023463833537798
woe_scorecard_platform_platt,Platform-signal WOE scorecard,03:w04_2012m04_m09->w05_2012m05_m10,W4--W5,3,w04_2012m04_m09,w05_2012m05_m10,5,3,4,90040,87174,2866,0.8664095376944709,0.8658020182635762,0.8658020182635762,0.8664095376944709,-0.0006075194308947,-1,0,1424,0,230,0,-230,-230,77263,77033,-0.0026384013582031,-276,-230,46,-0.0030653043091959,-0.0025544202576632,0.0005108840515326
woe_scorecard_platform_platt,Platform-signal WOE scorecard,03:w04_2012m04_m09->w05_2012m05_m10,W4--W5,3,w04_2012m04_m09,w05_2012m05_m10,5,4,5,103102,99960,3142,0.8207075411423037,0.819701753932392,0.819701753932392,0.8207075411423037,-0.0010057872099117,-1,0,1096,0,232,0,-232,-232,89771,89539,-0.0023209283713485,-265,-232,33,-0.0025702702178425,-0.0022501988322243,0.0003200713856181
woe_scorecard_platform_platt,Platform-signal WOE scorecard,04:w05_2012m05_m10->w06_2012m06_m11,W5--W6,4,w05_2012m05_m10,w06_2012m06_m11,5,0,1,35138,33946,1192,0.0516643738011466,0.0516643738011466,0.0516643738011466,0.0516643738011466,0.0,0,0,0,0,0,0,0,0,30269,30269,0.0,0,0,0,0.0,0.0,0.0
woe_scorecard_platform_platt,Platform-signal WOE scorecard,04:w05_2012m05_m10->w06_2012m06_m11,W5--W6,4,w05_2012m05_m10,w06_2012m06_m11,5,1,2,64651,62524,2127,0.082592209115085,0.0826274030106329,0.082592209115085,0.0826274030106329,3.519389554791641e-05,1,84,0,72,0,72,0,72,55865,55937,0.0011515578018041,72,75,3,0.0011136718689579,0.0011600748634978,4.640299453991431e-05
woe_scorecard_platform_platt,Platform-signal WOE scorecard,04:w05_2012m05_m10->w06_2012m06_m11,W5--W6,4,w05_2012m05_m10,w06_2012m06_m11,5,2,3,83959,81210,2749,0.8886831699133111,0.8886418869164812,0.8886418869164812,0.8886831699133111,-4.128299682992776e-05,-1,0,124,0,21,0,-21,-21,69793,69772,-0.0002585888437384,-27,-21,6,-0.0003215855357972,-0.0002501220833978,7.146345239938541e-05
woe_scorecard_platform_platt,Platform-signal WOE scorecard,04:w05_2012m05_m10->w06_2012m06_m11,W5--W6,4,w05_2012m05_m10,w06_2012m06_m11,5,3,4,90040,87174,2866,0.8658020182635762,0.8655770743208384,0.8655770743208384,0.8658020182635762,-0.0002249439427377,-1,0,523,0,99,0,-99,-99,77033,76934,-0.0011356597150526,-118,-99,19,-0.0013105286539315,-0.0010995113282985,0.000211017325633
woe_scorecard_platform_platt,Platform-signal WOE scorecard,04:w05_2012m05_m10->w06_2012m06_m11,W5--W6,4,w05_2012m05_m10,w06_2012m06_m11,5,4,5,103102,99960,3142,0.819701753932392,0.8179061215295095,0.8179061215295095,0.819701753932392,-0.0017956324028824,-1,0,2052,0,443,0,-443,-443,89539,89096,-0.0044317727090836,-505,-443,62,-0.004898062113247,-0.0042967158736009,0.0006013462396461
woe_scorecard_platform_platt,Platform-signal WOE scorecard,05:w06_2012m06_m11->w07_2012m07_m12,W6--W7,5,w06_2012m06_m11,w07_2012m07_m12,5,0,1,35138,33946,1192,0.0516643738011466,0.0517369830503098,0.0516643738011466,0.0517369830503098,7.260924916322603e-05,1,126,0,119,0,119,0,119,30269,30388,0.0035055676662935,119,122,3,0.0033866469349422,0.0034720245887643,8.537765382207297e-05
woe_scorecard_platform_platt,Platform-signal WOE scorecard,05:w06_2012m06_m11->w07_2012m07_m12,W6--W7,5,w06_2012m06_m11,w07_2012m07_m12,5,1,2,64651,62524,2127,0.0826274030106329,0.0824731921880582,0.0824731921880582,0.0826274030106329,-0.0001542108225746,-1,417,0,350,0,-350,0,-350,55937,55587,-0.0055978504254366,-362,-350,12,-0.0055992946744829,-0.0054136826963233,0.0001856119781596
woe_scorecard_platform_platt,Platform-signal WOE scorecard,05:w06_2012m06_m11->w07_2012m07_m12,W6--W7,5,w06_2012m06_m11,w07_2012m07_m12,5,2,3,83959,81210,2749,0.8886418869164812,0.11144523824469,0.11144523824469,0.8886418869164812,-0.7771966486717911,-1,371,642,296,101,-296,-101,-397,69772,69375,-0.0048885605221031,-424,-414,10,-0.0050500839695565,-0.0049309782155575,0.0001191057539989
woe_scorecard_platform_platt,Platform-signal WOE scorecard,05:w06_2012m06_m11->w07_2012m07_m12,W6--W7,5,w06_2012m06_m11,w07_2012m07_m12,5,3,4,90040,87174,2866,0.8655770743208384,0.8637891842072416,0.8637891842072416,0.8655770743208384,-0.0017878901135968,-1,0,4164,0,752,0,-752,-752,76934,76182,-0.0086264253102989,-896,-752,144,-0.0099511328298534,-0.0083518436250555,0.0015992892047978
woe_scorecard_platform_platt,Platform-signal WOE scorecard,05:w06_2012m06_m11->w07_2012m07_m12,W6--W7,5,w06_2012m06_m11,w07_2012m07_m12,5,4,5,103102,99960,3142,0.8179061215295095,0.8155138243109352,0.8155138243109352,0.8179061215295095,-0.0023922972185742,-1,0,2572,0,544,0,-544,-544,89096,88552,-0.0054421768707482,-618,-544,74,-0.0059940641306667,-0.0052763282962503,0.0007177358344164
woe_scorecard_platform_platt,Platform-signal WOE scorecard,06:w07_2012m07_m12->w08_2012m08_2013m01,W7--W8,6,w07_2012m07_m12,w08_2012m08_2013m01,5,0,1,35138,33946,1192,0.0517369830503098,0.0517813086326055,0.0517369830503098,0.0517813086326055,4.432558229575112e-05,1,77,0,70,0,70,0,70,30388,30458,0.0020620986272314,70,71,1,0.0019921452558483,0.002020604473789,2.845921794069099e-05
woe_scorecard_platform_platt,Platform-signal WOE scorecard,06:w07_2012m07_m12->w08_2012m08_2013m01,W7--W8,6,w07_2012m07_m12,w08_2012m08_2013m01,5,1,2,64651,62524,2127,0.0824731921880582,0.0823229085366536,0.0823229085366536,0.0824731921880582,-0.0001502836514046,-1,406,0,348,0,-348,0,-348,55587,55239,-0.0055658627087198,-363,-348,15,-0.0056147623393296,-0.00538274736663,0.0002320149726995
woe_scorecard_platform_platt,Platform-signal WOE scorecard,06:w07_2012m07_m12->w08_2012m08_2013m01,W7--W8,6,w07_2012m07_m12,w08_2012m08_2013m01,5,2,3,83959,81210,2749,0.11144523824469,0.1113677294113914,0.1113677294113914,0.11144523824469,-7.750883329861458e-05,-1,243,0,198,0,-198,0,-198,69375,69177,-0.0024381233838197,-206,-198,8,-0.0024535785323788,-0.0023582939291797,9.528460319918056e-05
woe_scorecard_platform_platt,Platform-signal WOE scorecard,06:w07_2012m07_m12->w08_2012m08_2013m01,W7--W8,6,w07_2012m07_m12,w08_2012m08_2013m01,5,3,4,90040,87174,2866,0.8637891842072416,0.8623485518747436,0.8623485518747436,0.8637891842072416,-0.001440632332498,-1,0,3408,0,585,0,-585,-585,76182,75597,-0.0067107164980384,-675,-585,90,-0.00749666814749,-0.0064971123944913,0.0009995557529986
woe_scorecard_platform_platt,Platform-signal WOE scorecard,06:w07_2012m07_m12->w08_2012m08_2013m01,W7--W8,6,w07_2012m07_m12,w08_2012m08_2013m01,5,4,5,103102,99960,3142,0.8155138243109352,0.8107571491152097,0.8107571491152097,0.8155138243109352,-0.0047566751957255,-1,0,4601,0,983,0,-983,-983,88552,87569,-0.0098339335734293,-1123,-983,140,-0.0108921262439137,-0.0095342476382611,0.0013578786056526
woe_scorecard_borrower_platt,Pricing-excluded application WOE scorecard,00:w01_2012m01_m06->w02_2012m02_m07,W1--W2,0,w01_2012m01_m06,w02_2012m02_m07,5,0,1,39047,37814,1233,0.0562784705064006,0.0562652379420531,0.0562652379420531,0.0562784705064006,-1.3232564347584463e-05,-1,32,0,29,0,-29,0,-29,33595,33566,-0.0007669117258158,-29,-29,0,-0.0007426947012574,-0.0007426947012574,0.0
woe_scorecard_borrower_platt,Pricing-excluded application WOE scorecard,00:w01_2012m01_m06->w02_2012m02_m07,W1--W2,0,w01_2012m01_m06,w02_2012m02_m07,5,1,2,58224,56371,1853,0.0819156326553255,0.0820121647274353,0.0819156326553255,0.0820121647274353,9.653207210981452e-05,1,237,0,196,0,196,0,196,49634,49830,0.0034769651061716,196,203,7,0.0033663094256663,0.0034865347622973,0.0001202253366309
woe_scorecard_borrower_platt,Pricing-excluded application WOE scorecard,00:w01_2012m01_m06->w02_2012m02_m07,W1--W2,0,w01_2012m01_m06,w02_2012m02_m07,5,2,3,72677,70244,2433,0.8967211272446106,0.896869508626507,0.8967211272446106,0.896869508626507,0.0001483813818964,1,0,421,0,67,0,67,67,62362,62429,0.000953818119697,67,75,8,0.0009218872545647,0.0010319633446619,0.0001100760900972
woe_scorecard_borrower_platt,Pricing-excluded application WOE scorecard,00:w01_2012m01_m06->w02_2012m02_m07,W1--W2,0,w01_2012m01_m06,w02_2012m02_m07,5,3,4,87156,84389,2767,0.8685932743510872,0.8699044158877978,0.8685932743510872,0.8699044158877978,0.0013111415367105,1,0,2879,0,419,0,419,419,75203,75622,0.0049651020867648,419,512,93,0.0048074716600119,0.0058745238423057,0.0010670521822938
woe_scorecard_borrower_platt,Pricing-excluded application WOE scorecard,00:w01_2012m01_m06->w02_2012m02_m07,W1--W2,0,w01_2012m01_m06,w02_2012m02_m07,5,4,5,119786,115996,3790,0.8157327967164133,0.8151935626412361,0.8151935626412361,0.8157327967164133,-0.0005392340751771,-1,0,585,0,111,0,-111,-111,104996,104885,-0.0009569295492948,-125,-111,14,-0.0010435276242632,-0.0009266525303457,0.0001168750939174
woe_scorecard_borrower_platt,Pricing-excluded application WOE scorecard,01:w02_2012m02_m07->w03_2012m03_m08,W2--W3,1,w02_2012m02_m07,w03_2012m03_m08,5,0,1,39047,37814,1233,0.0562652379420531,0.0561517797142081,0.0561517797142081,0.0562652379420531,-0.0001134582278449,-1,182,0,164,0,-164,0,-164,33566,33402,-0.0043370180356481,-168,-164,4,-0.0043025072348707,-0.0042000665864214,0.0001024406484493
woe_scorecard_borrower_platt,Pricing-excluded application WOE scorecard,01:w02_2012m02_m07->w03_2012m03_m08,W2--W3,1,w02_2012m02_m07,w03_2012m03_m08,5,1,2,58224,56371,1853,0.0820121647274353,0.0818851197896118,0.0818851197896118,0.0820121647274353,-0.0001270449378235,-1,315,0,265,0,-265,0,-265,49830,49565,-0.0047009987404871,-273,-265,8,-0.0046887881286067,-0.0045513877438856,0.000137400384721
woe_scorecard_borrower_platt,Pricing-excluded application WOE scorecard,01:w02_2012m02_m07->w03_2012m03_m08,W2--W3,1,w02_2012m02_m07,w03_2012m03_m08,5,2,3,72677,70244,2433,0.896869508626507,0.896512264438827,0.896512264438827,0.896869508626507,-0.00035724418768,-1,0,993,0,131,0,-131,-131,62429,62298,-0.0018649279653778,-166,-131,35,-0.0022840788695185,-0.0018024959753429,0.0004815828941755
woe_scorecard_borrower_platt,Pricing-excluded application WOE scorecard,01:w02_2012m02_m07->w03_2012m03_m08,W2--W3,1,w02_2012m02_m07,w03_2012m03_m08,5,3,4,87156,84389,2767,0.8699044158877978,0.8696102851887344,0.8696102851887344,0.8699044158877978,-0.0002941306990633,-1,0,652,0,108,0,-108,-108,75622,75514,-0.0012797876500491,-124,-108,16,-0.0014227362430584,-0.0012391573729863,0.000183578870072
woe_scorecard_borrower_platt,Pricing-excluded application WOE scorecard,01:w02_2012m02_m07->w03_2012m03_m08,W2--W3,1,w02_2012m02_m07,w03_2012m03_m08,5,4,5,119786,115996,3790,0.8151935626412361,0.8157350170065134,0.8151935626412361,0.8157350170065134,0.0005414543652773,1,0,589,0,111,0,111,111,104885,104996,0.0009569295492948,111,125,14,0.0009266525303457,0.0010435276242632,0.0001168750939174
woe_scorecard_borrower_platt,Pricing-excluded application WOE scorecard,02:w03_2012m03_m08->w04_2012m04_m09,W3--W4,2,w03_2012m03_m08,w04_2012m04_m09,5,0,1,39047,37814,1233,0.0561517797142081,0.0559854839856034,0.0559854839856034,0.0561517797142081,-0.0001662957286046,-1,302,0,260,0,-260,0,-260,33402,33142,-0.0068757603004178,-270,-260,10,-0.006914743770328,-0.0066586421492048,0.0002561016211232
woe_scorecard_borrower_platt,Pricing-excluded application WOE scorecard,02:w03_2012m03_m08->w04_2012m04_m09,W3--W4,2,w03_2012m03_m08,w04_2012m04_m09,5,1,2,58224,56371,1853,0.0818851197896118,0.0817146123877533,0.0817146123877533,0.0818851197896118,-0.0001705074018584,-1,428,0,362,0,-362,0,-362,49565,49203,-0.0064217416756843,-374,-362,12,-0.0064234679857103,-0.0062173674086287,0.0002061005770816
woe_scorecard_borrower_platt,Pricing-excluded application WOE scorecard,02:w03_2012m03_m08->w04_2012m04_m09,W3--W4,2,w03_2012m03_m08,w04_2012m04_m09,5,2,3,72677,70244,2433,0.896512264438827,0.8958041623819291,0.8958041623819291,0.896512264438827,-0.0007081020568979,-1,0,1937,0,258,0,-258,-258,62298,62040,-0.0036729115654006,-321,-258,63,-0.0044168031151533,-0.0035499539056372,0.000866849209516
woe_scorecard_borrower_platt,Pricing-excluded application WOE scorecard,02:w03_2012m03_m08->w04_2012m04_m09,W3--W4,2,w03_2012m03_m08,w04_2012m04_m09,5,3,4,87156,84389,2767,0.8696102851887344,0.8691427808239305,0.8691427808239305,0.8696102851887344,-0.0004675043648039,-1,0,1032,0,150,0,-150,-150,75514,75364,-0.0017774828472905,-188,-150,38,-0.0021570517233466,-0.0017210519069255,0.0004359998164211
woe_scorecard_borrower_platt,Pricing-excluded application WOE scorecard,02:w03_2012m03_m08->w04_2012m04_m09,W3--W4,2,w03_2012m03_m08,w04_2012m04_m09,5,4,5,119786,115996,3790,0.8157350170065134,0.8160345634197681,0.8157350170065134,0.8160345634197681,0.0002995464132546,1,0,321,0,64,0,64,64,104996,105060,0.0005517431635573,64,75,11,0.0005342861436227,0.0006261165745579,9.183043093516772e-05
woe_scorecard_borrower_platt,Pricing-excluded application WOE scorecard,03:w04_2012m04_m09->w05_2012m05_m10,W4--W5,3,w04_2012m04_m09,w05_2012m05_m10,5,0,1,39047,37814,1233,0.0559854839856034,0.0559365767313618,0.0559365767313618,0.0559854839856034,-4.890725424162856e-05,-1,105,0,96,0,-96,0,-96,33142,33046,-0.0025387422647696,-98,-96,2,-0.0025097958870079,-0.0024585755627833,5.122032422465234e-05
woe_scorecard_borrower_platt,Pricing-excluded application WOE scorecard,03:w04_2012m04_m09->w05_2012m05_m10,W4--W5,3,w04_2012m04_m09,w05_2012m05_m10,5,1,2,58224,56371,1853,0.0817146123877533,0.0816383237300672,0.0816383237300672,0.0817146123877533,-7.628865768607995e-05,-1,191,0,166,0,-166,0,-166,49203,49037,-0.0029447765695126,-171,-166,5,-0.002936933223413,-0.0028510579829623,8.587524045067326e-05
woe_scorecard_borrower_platt,Pricing-excluded application WOE scorecard,03:w04_2012m04_m09->w05_2012m05_m10,W4--W5,3,w04_2012m04_m09,w05_2012m05_m10,5,2,3,72677,70244,2433,0.8958041623819291,0.8946440723920189,0.8946440723920189,0.8958041623819291,-0.0011600899899101,-1,0,3213,0,518,0,-518,-518,62040,61522,-0.0073742953134787,-631,-518,113,-0.0086822516064229,-0.0071274268337988,0.001554824772624
woe_scorecard_borrower_platt,Pricing-excluded application WOE scorecard,03:w04_2012m04_m09->w05_2012m05_m10,W4--W5,3,w04_2012m04_m09,w05_2012m05_m10,5,3,4,87156,84389,2767,0.8691427808239305,0.8690455913227577,0.8690455913227577,0.8691427808239305,-9.718950117276748e-05,-1,0,200,0,28,0,-28,-28,75364,75336,-0.0003317967981608,-34,-28,6,-0.0003901050989031,-0.000321263022626,6.884207627702051e-05
woe_scorecard_borrower_platt,Pricing-excluded application WOE scorecard,03:w04_2012m04_m09->w05_2012m05_m10,W4--W5,3,w04_2012m04_m09,w05_2012m05_m10,5,4,5,119786,115996,3790,0.8160345634197681,0.8153107438061385,0.8153107438061385,0.8160345634197681,-0.0007238196136295,-1,0,801,0,153,0,-153,-153,105060,104907,-0.0013190110003793,-175,-153,22,-0.0014609386739685,-0.0012772778120982,0.0001836608618703
woe_scorecard_borrower_platt,Pricing-excluded application WOE scorecard,04:w05_2012m05_m10->w06_2012m06_m11,W5--W6,4,w05_2012m05_m10,w06_2012m06_m11,5,0,1,39047,37814,1233,0.0559365767313618,0.0561761851653184,0.0559365767313618,0.0561761851653184,0.0002396084339565,1,439,0,384,0,384,0,384,33046,33430,0.0101549690590786,384,397,13,0.0098343022511332,0.0101672343585934,0.0003329321074602
woe_scorecard_borrower_platt,Pricing-excluded application WOE scorecard,04:w05_2012m05_m10->w06_2012m06_m11,W5--W6,4,w05_2012m05_m10,w06_2012m06_m11,5,1,2,58224,56371,1853,0.0816383237300672,0.0817744277042999,0.0816383237300672,0.0817744277042999,0.0001361039742326,1,337,0,292,0,292,0,292,49037,49329,0.0051799684234801,292,303,11,0.0050151140423193,0.0052040395713108,0.0001889255289914
woe_scorecard_borrower_platt,Pricing-excluded application WOE scorecard,04:w05_2012m05_m10->w06_2012m06_m11,W5--W6,4,w05_2012m05_m10,w06_2012m06_m11,5,2,3,72677,70244,2433,0.8946440723920189,0.8947444535675064,0.8946440723920189,0.8947444535675064,0.0001003811754874,1,0,287,0,52,0,52,52,61522,61574,0.0007402767496156,52,62,10,0.0007154945856323,0.0008530896982539,0.0001375951126215
woe_scorecard_borrower_platt,Pricing-excluded application WOE scorecard,04:w05_2012m05_m10->w06_2012m06_m11,W5--W6,4,w05_2012m05_m10,w06_2012m06_m11,5,3,4,87156,84389,2767,0.8690455913227577,0.8678973635862652,0.8678973635862652,0.8690455913227577,-0.0011482277364924,-1,0,2530,0,404,0,-404,-404,75336,74932,-0.0047873538020358,-480,-404,76,-0.0055073661021616,-0.0046353664693193,0.0008719996328422
woe_scorecard_borrower_platt,Pricing-excluded application WOE scorecard,04:w05_2012m05_m10->w06_2012m06_m11,W5--W6,4,w05_2012m05_m10,w06_2012m06_m11,5,4,5,119786,115996,3790,0.8153107438061385,0.8127864808444741,0.8127864808444741,0.8153107438061385,-0.0025242629616644,-1,0,2658,0,551,0,-551,-551,104907,104356,-0.0047501637987516,-622,-551,71,-0.005192593458334,-0.0045998697677524,0.0005927236905815
woe_scorecard_borrower_platt,Pricing-excluded application WOE scorecard,05:w06_2012m06_m11->w07_2012m07_m12,W6--W7,5,w06_2012m06_m11,w07_2012m07_m12,5,0,1,39047,37814,1233,0.0561761851653184,0.0562269548779351,0.0561761851653184,0.0562269548779351,5.076971261665231e-05,1,77,0,73,0,73,0,73,33430,33503,0.0019305019305019,73,73,0,0.0018695418341998,0.0018695418341998,0.0
woe_scorecard_borrower_platt,Pricing-excluded application WOE scorecard,05:w06_2012m06_m11->w07_2012m07_m12,W6--W7,5,w06_2012m06_m11,w07_2012m07_m12,5,1,2,58224,56371,1853,0.0817744277042999,0.0817358001559059,0.0817358001559059,0.0817744277042999,-3.862754839399629e-05,-1,94,0,83,0,-83,0,-83,49329,49246,-0.0014723882847563,-85,-83,2,-0.0014598790876614,-0.0014255289914811,3.43500961802693e-05
woe_scorecard_borrower_platt,Pricing-excluded application WOE scorecard,05:w06_2012m06_m11->w07_2012m07_m12,W6--W7,5,w06_2012m06_m11,w07_2012m07_m12,5,2,3,72677,70244,2433,0.8947444535675064,0.893511369618807,0.893511369618807,0.8947444535675064,-0.0012330839486994,-1,0,3425,0,513,0,-513,-513,61574,61061,-0.0073031148567849,-620,-513,107,-0.0085308969825391,-0.007058629277488,0.0014722677050511
woe_scorecard_borrower_platt,Pricing-excluded application WOE scorecard,05:w06_2012m06_m11->w07_2012m07_m12,W6--W7,5,w06_2012m06_m11,w07_2012m07_m12,5,3,4,87156,84389,2767,0.8678973635862652,0.8664332183519763,0.8664332183519763,0.8678973635862652,-0.0014641452342889,-1,0,3197,0,483,0,-483,-483,74932,74449,-0.0057234947682754,-579,-483,96,-0.0066432603607324,-0.0055417871403001,0.0011014732204323
woe_scorecard_borrower_platt,Pricing-excluded application WOE scorecard,05:w06_2012m06_m11->w07_2012m07_m12,W6--W7,5,w06_2012m06_m11,w07_2012m07_m12,5,4,5,119786,115996,3790,0.8127864808444741,0.8076722391544042,0.8076722391544042,0.8127864808444741,-0.0051142416900699,-1,0,5013,0,1006,0,-1006,-1006,104356,103350,-0.0086727128521673,-1164,-1006,158,-0.0097173292371395,-0.0083983103200707,0.0013190189170687
woe_scorecard_borrower_platt,Pricing-excluded application WOE scorecard,06:w07_2012m07_m12->w08_2012m08_2013m01,W7--W8,6,w07_2012m07_m12,w08_2012m08_2013m01,5,0,1,39047,37814,1233,0.0562269548779351,0.0562482271334287,0.0562269548779351,0.0562482271334287,2.127225549360817e-05,1,39,0,36,0,36,0,36,33503,33539,0.0009520283492886,36,37,1,0.0009219658360437,0.000947575998156,2.561016211232617e-05
woe_scorecard_borrower_platt,Pricing-excluded application WOE scorecard,06:w07_2012m07_m12->w08_2012m08_2013m01,W7--W8,6,w07_2012m07_m12,w08_2012m08_2013m01,5,1,2,58224,56371,1853,0.0817358001559059,0.0816390586568008,0.0816390586568008,0.0817358001559059,-9.674149910511576e-05,-1,241,0,207,0,-207,0,-207,49246,49039,-0.0036721009029465,-216,-207,9,-0.003709810387469,-0.0035552349546578,0.0001545754328112
woe_scorecard_borrower_platt,Pricing-excluded application WOE scorecard,06:w07_2012m07_m12->w08_2012m08_2013m01,W7--W8,6,w07_2012m07_m12,w08_2012m08_2013m01,5,2,3,72677,70244,2433,0.893511369618807,0.8925654416058487,0.8925654416058487,0.893511369618807,-0.0009459280129582,-1,0,2641,0,341,0,-341,-341,61061,60720,-0.0048545071465178,-439,-341,98,-0.0060404254440882,-0.0046919933403965,0.0013484321036916
woe_scorecard_borrower_platt,Pricing-excluded application WOE scorecard,06:w07_2012m07_m12->w08_2012m08_2013m01,W7--W8,6,w07_2012m07_m12,w08_2012m08_2013m01,5,3,4,87156,84389,2767,0.8664332183519763,0.864106904988743,0.864106904988743,0.8664332183519763,-0.0023263133632333,-1,0,5068,0,854,0,-854,-854,74449,73595,-0.0101198023439073,-1011,-854,157,-0.0115998898526779,-0.0097985221900959,0.001801367662582
woe_scorecard_borrower_platt,Pricing-excluded application WOE scorecard,06:w07_2012m07_m12->w08_2012m08_2013m01,W7--W8,6,w07_2012m07_m12,w08_2012m08_2013m01,5,4,5,119786,115996,3790,0.8076722391544042,0.8011946341431034,0.8011946341431034,0.8076722391544042,-0.0064776050113007,-1,0,5904,0,1200,0,-1200,-1200,103350,102150,-0.0103451843167005,-1376,-1200,176,-0.01148715208789,-0.0100178651929273,0.0014692868949626
