learner,learner_label,window,window_id,taxonomy_groups,identification_state_at_nominal,role,score_strata_observed,threshold_cells,infinite_threshold_cells,average_set_size,singleton_share,set_empty_count,set_empty_share,set_zero_only_count,set_zero_only_share,set_one_only_count,set_one_only_share,set_both_count,set_both_share,candidate_rows,resolved_rows,unresolved_rows,resolved_y0_rows,resolved_y1_rows,resolved_covered_rows,coverage_resolved,coverage_resolved_y0,coverage_resolved_y1,coverage_resolved_gap_y0_minus_y1,coverage_lower,coverage_upper,coverage_y0_lower,coverage_y0_upper,coverage_y1_lower,coverage_y1_upper,coverage_gap_y0_minus_y1_lower,coverage_gap_y0_minus_y1_upper,gap_lower_unresolved_y1_rows,gap_upper_unresolved_y1_rows,unresolved_zero_covered_rows,unresolved_zero_missed_rows,unresolved_one_covered_rows,unresolved_one_missed_rows,baseline_average_set_size,baseline_singleton_share,baseline_set_empty_count,baseline_set_empty_share,baseline_set_zero_only_count,baseline_set_zero_only_share,baseline_set_one_only_count,baseline_set_one_only_share,baseline_set_both_count,baseline_set_both_share,baseline_candidate_rows,baseline_resolved_rows,baseline_unresolved_rows,baseline_resolved_y0_rows,baseline_resolved_y1_rows,baseline_resolved_covered_rows,baseline_coverage_resolved,baseline_coverage_resolved_y0,baseline_coverage_resolved_y1,baseline_coverage_resolved_gap_y0_minus_y1,baseline_coverage_lower,baseline_coverage_upper,baseline_coverage_y0_lower,baseline_coverage_y0_upper,baseline_coverage_y1_lower,baseline_coverage_y1_upper,baseline_coverage_gap_y0_minus_y1_lower,baseline_coverage_gap_y0_minus_y1_upper,baseline_gap_lower_unresolved_y1_rows,baseline_gap_upper_unresolved_y1_rows,baseline_unresolved_zero_covered_rows,baseline_unresolved_zero_missed_rows,baseline_unresolved_one_covered_rows,baseline_unresolved_one_missed_rows,baseline_mean_width,resolved_coverage_delta_label_mondrian_minus_baseline,resolved_y0_coverage_delta_label_mondrian_minus_baseline,resolved_y1_coverage_delta_label_mondrian_minus_baseline,average_set_size_delta_label_mondrian_minus_baseline
catboost_platt,CatBoost,W1,w01_2012m01_m06,5,crosses_nominal,primary_oot,5,10,0,1.7683966143967735,0.2316033856032264,0,0.0,47175,0.12516914749661706,40114,0.10643423810660936,289601,0.7683966143967736,376890,364814,12076,307842,56972,327836,0.8986387583809832,0.8987857407371314,0.8978445552201081,0.0009411855170232686,0.8941256069410173,0.9018864920799172,0.8948730222388968,0.9021947942694273,0.8736315349011973,0.9137381612296017,-0.016575044961060492,0.025236332995430908,9151,2925,10730,1346,10497,1579,1.1745787895672477,0.8004112605800101,4713,0.01250497492637109,301667,0.8004112605800101,0,0.0,70510,0.18708376449361883,376890,364814,12076,307842,56972,319959,0.8770469335058413,0.9868666393799417,0.2836481078424489,0.7032185315374928,0.8547135769057285,0.8805221682719095,0.9863059506455812,0.9873554698617327,0.2416484732481981,0.30997869678422885,0.6767464656106551,0.7453102643653445,2174,9902,11901,175,2174,9902,0.6649918872956118,0.021591824875141885,-0.08808089864281032,0.6141964473776591,0.5938178248295258
catboost_platt,CatBoost,W2,w02_2012m02_m07,5,crosses_nominal,primary_oot,5,10,0,1.764636896707262,0.23536310329273794,0,0.0,48939,0.12984955822653824,39767,0.10551354506619968,288184,0.7646368967072621,376890,364814,12076,307842,56972,327969,0.8990033277231685,0.8997375276927775,0.8950361581127572,0.00470136958002032,0.894361750112765,0.9022393801905065,0.8958438450093796,0.9031169564944441,0.8701261027592444,0.9112983372146491,-0.013111851550645454,0.029593260940679766,9107,2969,10738,1338,10445,1631,1.1839422643211548,0.791403327230757,4646,0.012327204224044151,298272,0.791403327230757,0,0.0,73972,0.19626946854519886,376890,364814,12076,307842,56972,320732,0.879165821487114,0.9869770856478324,0.29661939198202625,0.6903576936658061,0.8570245960359787,0.8825970442304121,0.9864451572686423,0.9874621581725838,0.25306996525697856,0.3235939504422389,0.6632624872273682,0.7340025306638763,2272,9804,11910,166,2272,9804,0.6653409452353941,0.019837506236054514,-0.08723955795505489,0.5984167661307309,0.5806946323861073
catboost_platt,CatBoost,W3,w03_2012m03_m08,5,crosses_nominal,primary_oot,5,10,0,1.7608453394889756,0.23915466051102444,0,0.0,49684,0.13182626230465122,40451,0.10732839820637322,286755,0.7608453394889756,376890,364814,12076,307842,56972,327291,0.8971448464148853,0.8979606421475952,0.8927367829811135,0.005223859166481715,0.8924328053278144,0.9004404468147205,0.8940139262162801,0.90139346243553,0.8674762497654824,0.9093175444063571,-0.012871605067537983,0.030398835274481215,9058,3018,10717,1359,10417,1659,1.1826501101117037,0.7891772135105733,5309,0.014086338188861472,297433,0.7891772135105733,0,0.0,74148,0.19673644830056516,376890,364814,12076,307842,56972,320210,0.8777349553471084,0.9851157411919101,0.29751456855999436,0.6876011726319158,0.8556528430045902,0.8811430390830216,0.984501710850101,0.985668979063323,0.25385272049242935,0.32451180610643215,0.660458647959636,0.7313723060296478,2277,9799,11884,192,2277,9799,0.6653200651843034,0.019409891067776908,-0.08715509904431495,0.5952222144211191,0.5781952293772719
catboost_platt,CatBoost,W4,w04_2012m04_m09,5,robust_shortfall,primary_oot,5,10,0,1.760487144790257,0.2395128552097429,0,0.0,48912,0.12977791928679455,41358,0.10973493592294833,286620,0.7604871447902571,376890,364814,12076,307842,56972,326752,0.8956673811860291,0.8959693609059193,0.8940356666432634,0.0019336942626558828,0.8910000265329406,0.8990103213139112,0.8919563944933657,0.8994609663676919,0.869108964952394,0.9104488681876168,-0.01604616509976045,0.02681174567388613,9057,3019,10691,1385,10442,1634,1.171156040223938,0.7980869749794369,5796,0.015378492398312505,300791,0.7980869749794369,0,0.0,70303,0.18653453262225053,376890,364814,12076,307842,56972,319166,0.8748732230670972,0.9836831881289753,0.2869304219616654,0.6967527661673099,0.8525697153015469,0.8783411605508239,0.9830317549976302,0.9842890833682604,0.24438995948511713,0.31296612605908913,0.670584300522062,0.739406866976733,2159,9917,11872,204,2159,9917,0.665031208384886,0.020794158118931816,-0.08771382722305598,0.607105244681598,0.589331104566319
catboost_platt,CatBoost,W5,w05_2012m05_m10,5,robust_shortfall,primary_oot,5,10,0,1.7656080023348988,0.23439199766510121,0,0.0,46516,0.12342062670805805,41824,0.11097137095704317,288550,0.7656080023348988,376890,364814,12076,307842,56972,326502,0.8949821004676356,0.8944783362893952,0.8977041353647406,-0.0032257990753453702,0.890503860542864,0.898346997797766,0.8904202169800643,0.8980142222501295,0.8738829560017086,0.91365286317505,-0.020852120584297085,0.020678992578968443,9120,2956,10673,1403,10523,1553,1.160824113136459,0.8071347077396588,6038,0.01602058956194115,304201,0.8071347077396588,0,0.0,66651,0.17684470269840005,376890,364814,12076,307842,56972,318305,0.87251311627295,0.9829977715841243,0.275521308713052,0.7074764628710722,0.8499323410013532,0.8760327947146382,0.9823180925484085,0.9836286576687884,0.2342066784041061,0.3004000135597817,0.682465236273495,0.7489022583044278,2026,10050,11863,213,2026,10050,0.6647076525088492,0.02246898419468557,-0.08851943529472905,0.6221828266516886,0.6047838891984398
catboost_platt,CatBoost,W6,w06_2012m06_m11,5,robust_shortfall,primary_oot,5,10,0,1.7637851893125316,0.2362148106874685,0,0.0,47307,0.12551938231314178,41720,0.11069542837432672,287863,0.7637851893125315,376890,364814,12076,307842,56972,326461,0.894869714429819,0.8946797383073135,0.8958962297268834,-0.0012164914195699206,0.8903658892515057,0.8982382127411181,0.8906408656116002,0.8982111125762113,0.8718548759031822,0.9121033833750759,-0.019052888685722108,0.0228671654834657,9109,2967,10680,1396,10505,1571,1.1568282522751996,0.812271485048688,5823,0.015450131338056197,306137,0.812271485048688,0,0.0,64930,0.17227838361325587,376890,364814,12076,307842,56972,318159,0.8721129123334083,0.9835987292182353,0.2697114371972197,0.7138872920210156,0.8494255618350182,0.8756692934277907,0.9829473520188543,0.9842077606861133,0.22911416941267687,0.2942513527725476,0.6892265060485396,0.7545894290935671,1981,10095,11872,204,1981,10095,0.6645688455708322,0.022756802096410733,-0.08891899091092181,0.6261847925296637,0.606956937037332
catboost_platt,CatBoost,W7,w07_2012m07_m12,5,robust_shortfall,primary_oot,5,10,0,1.7626973387460532,0.23730266125394678,0,0.0,47817,0.12687256228607816,41620,0.11043009896786861,287453,0.7626973387460533,376890,364814,12076,307842,56972,326531,0.8950615930309692,0.8950045802716978,0.895369655269255,-0.0003650749975572243,0.8904879407784765,0.8984239433256388,0.8909555977376867,0.898524106882164,0.8710299842906906,0.9116312855787476,-0.018245660164135147,0.023975378528665662,9085,2991,10677,1399,10484,1592,1.1452253973307862,0.8226432115471358,6055,0.01606569556103903,310046,0.8226432115471358,0,0.0,60789,0.1612910928918252,376890,364814,12076,307842,56972,317199,0.8694814343747773,0.9829815294859051,0.2561960261180931,0.726785503367812,0.8465175515402372,0.8730929448910822,0.9822954842772603,0.9836129157374188,0.2171926848503787,0.2795280276110648,0.7033249652553526,0.7658902343551417,1845,10231,11861,215,1845,10231,0.6641544351090524,0.025580158656191898,-0.08797694921420729,0.6391736291511619,0.617471941415267
catboost_platt,CatBoost,W8,w08_2012m08_2013m01,5,crosses_nominal,primary_oot,5,10,0,1.7615935684151875,0.23840643158481253,0,0.0,50083,0.13288492663641913,39770,0.10552150494839344,287037,0.7615935684151874,376890,364814,12076,307842,56972,327647,0.8981206861578778,0.8994419215051878,0.8909815347890192,0.008460386716168555,0.893449016954549,0.9013850195017113,0.8955640009703243,0.9028328389597753,0.865785434078117,0.907834990354652,-0.009854074453460149,0.03355543579821461,9085,2991,10743,1333,10418,1658,1.128127570378625,0.8397357319111677,6056,0.016068348855103613,316488,0.8397357319111677,0,0.0,54346,0.14419591923372868,376890,364814,12076,307842,56972,315876,0.8658549288130389,0.9830562431377134,0.23257038545250297,0.7504858576852105,0.8424845445620738,0.8695640637851894,0.9823478238288148,0.9836845002752616,0.19658753709198812,0.2541453428863869,0.7287685352673818,0.7865589296759204,1648,10428,11854,222,1648,10428,0.5005686881638921,0.03226575734483883,-0.08361432163252569,0.6584111493365162,0.6334659980365624
numeric_logistic_platt,Numeric logistic,W1,w01_2012m01_m06,5,robust_shortfall,primary_oot,5,10,0,1.734633447424978,0.2653665525750219,0,0.0,54387,0.1443047042903765,45627,0.12106184828464539,276876,0.7346334474249782,376890,364814,12076,307842,56972,323936,0.8879483791740449,0.8884102883946959,0.885452502983922,0.002957785410773961,0.8827535885802223,0.8915386452280506,0.8841138172484467,0.8921180069216323,0.858114889346284,0.9029345708208767,-0.015935820808455486,0.029863605798386907,8765,3311,10580,1496,10261,1815,1.2308604632651436,0.7537504311602855,2900,0.007694552787285415,283796,0.7529942423518798,285,0.0007561888084056356,89909,0.2385550160524291,376890,364814,12076,307842,56972,325800,0.8930578322103867,0.9910018775865541,0.36382784525731937,0.6271740323292347,0.8718193637400833,0.8962217092520364,0.9906285922106262,0.9913383906292018,0.312870749120768,0.39359868828322375,0.5973542918095484,0.6781574218429551,2797,9279,11960,116,2797,9279,0.7502982548753632,-0.0051094530363418045,-0.10259158919185818,0.5216246577266026,0.5037729841598344
numeric_logistic_platt,Numeric logistic,W2,w02_2012m02_m07,5,robust_shortfall,primary_oot,5,10,0,1.727177691103505,0.272822308896495,0,0.0,57373,0.1522274403672159,45451,0.1205948685292791,274066,0.727177691103505,376890,364814,12076,307842,56972,323473,0.8866792392835802,0.8886474230286966,0.8760443726742961,0.012603050354400458,0.8812650906099923,0.8903101700761495,0.8843583816897538,0.8923482766742561,0.8475410949599239,0.894804266221772,-0.007341274866577069,0.04038575980946128,8667,3409,10583,1493,10160,1916,1.2295497359972405,0.7542014911512643,3062,0.008124386425747565,283962,0.7534346891666003,289,0.0007668019846639603,89577,0.23767412242298813,376890,364814,12076,307842,56972,325451,0.8921011803275094,0.9905470988364161,0.3601593765358422,0.6303877223005739,0.8708509114065112,0.8952771365650455,0.9901482631199549,0.9909003921274321,0.30964597229348384,0.38994879003916055,0.6005410944268098,0.6809278404189916,2782,9294,11952,124,2782,9294,0.7500855689952323,-0.005421941043929235,-0.10189967580771953,0.515884996138454,0.49762795510626456
numeric_logistic_platt,Numeric logistic,W3,w03_2012m03_m08,5,robust_shortfall,primary_oot,5,10,0,1.7298734378731195,0.2701265621268805,0,0.0,55622,0.14758152246013426,46186,0.12254503966674626,275082,0.7298734378731194,376890,364814,12076,307842,56972,323285,0.8861639081833482,0.8869095185192404,0.8821350839008636,0.004774434618376788,0.8808564833240468,0.8898113507920082,0.8825575381432635,0.8906595477386935,0.8542895510717503,0.9000610200770937,-0.014492673033806663,0.03206327389416434,8701,3375,10558,1518,10219,1857,1.2303059248056463,0.752214173896893,3294,0.008739950648730399,283213,0.751447371912229,289,0.0007668019846639603,90094,0.2390458754543766,376890,364814,12076,307842,56972,325348,0.8918188446715313,0.9898974149076474,0.3618619672821737,0.6280354476254737,0.8706413011754093,0.8949693544535541,0.9894570733718857,0.9902745941753888,0.31122248724374263,0.39181638729967544,0.5980010904368971,0.6787082382075721,2806,9270,11939,137,2806,9270,0.7500939205698408,-0.005654936488183049,-0.102987896388407,0.5202731166186899,0.49956751306747327
numeric_logistic_platt,Numeric logistic,W4,w04_2012m04_m09,5,robust_shortfall,primary_oot,5,10,0,1.7237177956432912,0.27628220435670886,0,0.0,58359,0.15484358831489295,45769,0.12143861604181591,272762,0.7237177956432912,376890,364814,12076,307842,56972,323283,0.8861584259376011,0.888017229617791,0.8761145826019799,0.011902647015811008,0.8806760593276552,0.8898060442038791,0.8837112322284074,0.891736648053816,0.847249333763346,0.8948246829689899,-0.007983667239589293,0.04003065871624489,8635,3441,10576,1500,10135,1941,1.215381145692377,0.7635410862585901,3972,0.010538884024516438,287482,0.7627742842739261,289,0.0007668019846639603,85147,0.2259200297168935,376890,364814,12076,307842,56972,324012,0.8881567045124364,0.9879418662820538,0.3489784455522011,0.6389634207298527,0.8666640133726021,0.8913741409960466,0.9874414768927071,0.9883913660785208,0.29940516527369926,0.37784114736224106,0.610024269074604,0.6885813719181134,2643,9433,11920,156,2643,9433,0.7496760765048107,-0.001998278574835366,-0.09992463666426288,0.5271361370497789,0.5083366499509141
numeric_logistic_platt,Numeric logistic,W5,w05_2012m05_m10,5,robust_shortfall,primary_oot,5,10,0,1.7287219082490912,0.2712780917509088,0,0.0,56662,0.1503409482872987,45580,0.12093714346361008,274648,0.7287219082490912,376890,364814,12076,307842,56972,323513,0.8867888841985231,0.8884460210107783,0.8778347258302324,0.010611295180545932,0.8814853140173525,0.8904163018387328,0.8841722432353797,0.8921552617529755,0.84982158028887,0.8963823135328272,-0.009163683868155331,0.03799031231528664,8710,3366,10588,1488,10198,1878,1.197439571227679,0.7826554166998329,3751,0.009952506036243997,294686,0.7818886147151689,289,0.0007668019846639603,78164,0.20739207726392317,376890,364814,12076,307842,56972,323113,0.8856924350490936,0.9885655628536717,0.3298286877764516,0.6587368750772201,0.8636631377855608,0.8890127092785693,0.9880937306202494,0.9889921224876552,0.2819904857661659,0.3570382095886028,0.6314691304070509,0.7066059178141378,2411,9665,11929,147,2411,9665,0.7491068029128565,0.0010964491494295237,-0.1001195418428934,0.5480060380537808,0.5312823370214121
numeric_logistic_platt,Numeric logistic,W6,w06_2012m06_m11,5,robust_shortfall,primary_oot,5,10,0,1.7303006182175171,0.2696993817824829,0,0.0,56451,0.14978110323967206,45196,0.1199182785428109,275243,0.730300618217517,376890,364814,12076,307842,56972,323813,0.8876112210605953,0.8893523300914106,0.8782033279505722,0.01114900214083836,0.8823343681180186,0.8912122900581071,0.8851171136220358,0.8930364741164094,0.850250658509644,0.8967026423520655,-0.008578197921275593,0.038496000888378776,8730,3346,10603,1473,10203,1873,1.1796333147602749,0.8019209849027568,3476,0.009222850168484172,301944,0.8011462230358991,292,0.0007747618668577038,71178,0.18885616492875906,376890,364814,12076,307842,56972,322147,0.8830445103532211,0.9893744193449887,0.30850242224250507,0.6808719971024837,0.8605614370240654,0.886468200270636,0.9889182554937919,0.9897709646752727,0.262964182052126,0.3343246257307965,0.6549957565069815,0.7264214693869874,2210,9866,11934,142,2210,9866,0.7482864173070809,0.004566710707374244,-0.10002208925357814,0.5697009057080671,0.5506673034572422
numeric_logistic_platt,Numeric logistic,W7,w07_2012m07_m12,5,robust_shortfall,primary_oot,5,10,0,1.7302316325718379,0.26976836742816207,0,0.0,57219,0.1518188330812704,44454,0.11794953434689166,275217,0.730231632571838,376890,364814,12076,307842,56972,324187,0.8886364010153119,0.8909570493954692,0.876097030120059,0.014860019275410141,0.8833187402159781,0.8922046220382605,0.8867715287993663,0.8945943824282103,0.8478800027179453,0.8948802716225875,-0.005094043938953324,0.04241884713192156,8727,3349,10623,1453,10180,1896,1.1572235930908223,0.8207965188781873,4142,0.010989944015495237,309056,0.8200164504232004,294,0.0007800684549868662,63398,0.1682135371063175,376890,364814,12076,307842,56972,320098,0.8774279495852682,0.9874805906926281,0.28277048374640174,0.7047101069462263,0.8545172331449494,0.8809758815569529,0.9869580039285076,0.9879470219386718,0.24020755364038945,0.306871575661968,0.6805567513336317,0.7472885328347916,1981,10095,11913,163,1981,10095,0.6012897474623677,0.011208451430043787,-0.0965235412971589,0.5933265463736572,0.5730080394810155
numeric_logistic_platt,Numeric logistic,W8,w08_2012m08_2013m01,5,robust_shortfall,primary_oot,5,10,0,1.7571784870917244,0.2428215129082756,0,0.0,48619,0.12900050412587227,42898,0.11382100878240335,285373,0.7571784870917244,376890,364814,12076,307842,56972,325911,0.8933620968493534,0.894689483566245,0.8861897072246016,0.00849977634164345,0.8887447265780466,0.8967789010055984,0.8906073667838307,0.898215737801681,0.8617317243851235,0.9038424463525678,-0.01061096119345789,0.03271302818012557,9048,3028,10665,1411,10459,1617,1.1419751121016741,0.8326647032290588,4779,0.012680092334633448,313526,0.8318766748918782,297,0.0007880283371806097,58288,0.15465520443630767,376890,364814,12076,307842,56972,318568,0.8732340315886999,0.9857524314421034,0.26525310678930003,0.7204993246528034,0.8500305128817427,0.8768632757568521,0.9851667884100317,0.9862823901043051,0.22478729100969835,0.2879983671247789,0.6977010085393247,0.7609842922003822,1820,10256,11893,183,1820,10256,0.6003912914346058,0.02012806526065347,-0.09106294787585845,0.6209366004353015,0.6152033749900503
catboost_monotonic_platt,Monotonic CatBoost,W1,w01_2012m01_m06,5,robust_shortfall,primary_oot,5,10,0,1.7689989121494336,0.23100108785056647,0,0.0,44501,0.11807423916792698,42561,0.1129268486826395,289828,0.7689989121494335,376890,364814,12076,307842,56972,326629,0.8953302230725795,0.8938091618427635,0.9035491118444148,-0.009739950001651287,0.891257396057205,0.8986839661439677,0.8897598328822318,0.8973681153596197,0.8819085146479356,0.9187730968218774,-0.02679939715603427,0.012239153514413868,9277,2799,10675,1401,10678,1398,1.1893921303298045,0.7881875348244846,4225,0.011210167422855475,297060,0.7881875348244846,0,0.0,75605,0.20060229775265992,376890,364814,12076,307842,56972,322033,0.8827320223456336,0.9877209737462724,0.3154356526012778,0.6722853211449946,0.8605110244368384,0.8861444983947571,0.98730404062707,0.9881796690307328,0.26917604062130224,0.34183303238435964,0.6458571635335707,0.7186354043673636,2285,9791,11946,130,2285,9791,0.6914951840514478,0.01259820072694584,-0.09391181190350895,0.588113459243137,0.5796067818196291
catboost_monotonic_platt,Monotonic CatBoost,W2,w02_2012m02_m07,5,robust_shortfall,primary_oot,5,10,0,1.7680994454615404,0.2319005545384595,0,0.0,44357,0.11769216482262729,43044,0.1142083897158322,289489,0.7680994454615405,376890,364814,12076,307842,56972,326231,0.894239256168897,0.8927924064942405,0.9020571508811346,-0.009264744386894064,0.8901430125500809,0.8976279551062645,0.8887017031032242,0.8963802311452711,0.8803617925174729,0.9175093134646088,-0.02653963296809958,0.012724407536258666,9255,2821,10659,1417,10672,1404,1.193279206134416,0.7832073018652658,4431,0.011756746000159198,295183,0.7832073018652658,0,0.0,77276,0.20503595213457507,376890,364814,12076,307842,56972,322168,0.8831020739335661,0.9871622455675314,0.3208242645510075,0.666337981016524,0.8610231101913025,0.8864894266231527,0.986729528503752,0.9876416194732053,0.2740124428453639,0.3476523644946472,0.6394782345764384,0.7132467734287951,2343,9733,11941,135,2343,9733,0.6916006026120983,0.01113718223533089,-0.09436983907329088,0.581232886330127,0.5748202393271244
catboost_monotonic_platt,Monotonic CatBoost,W3,w03_2012m03_m08,5,robust_shortfall,primary_oot,5,10,0,1.7668258643105414,0.23317413568945847,0,0.0,44687,0.11856775186393909,43194,0.11460638382551938,289009,0.7668258643105416,376890,364814,12076,307842,56972,326123,0.893943214898551,0.8926527244495553,0.9009162395562732,-0.008263515106717856,0.889837883732654,0.8973413993472896,0.8885827739190045,0.896247503987341,0.8790375064223326,0.916531125240278,-0.025662532037688257,0.013893899382459059,9248,2828,10666,1410,10658,1418,1.1915784446390194,0.7834222186844968,4711,0.012499668338241928,295264,0.7834222186844968,0,0.0,76915,0.20407811297726128,376890,364814,12076,307842,56972,321941,0.8824798390412648,0.9864670837637489,0.32059608228603526,0.6658710014777136,0.8603730531454801,0.8858420228713948,0.9859802463684357,0.9869717230724968,0.27374368658483583,0.34723510464273066,0.6391688778128022,0.7128248394027774,2325,9751,11924,152,2325,9751,0.6915922561307751,0.011463375857286184,-0.09381435931419357,0.5803201572702379,0.575247419671522
catboost_monotonic_platt,Monotonic CatBoost,W4,w04_2012m04_m09,5,robust_shortfall,primary_oot,5,10,0,1.7666825864310542,0.23331741356894584,0,0.0,44704,0.11861285786303696,43231,0.11470455570590889,288955,0.7666825864310541,376890,364814,12076,307842,56972,326160,0.8940446364448733,0.8927729159763775,0.9009162395562732,-0.008143323579895667,0.889882989731752,0.8974395712276791,0.8886880490983228,0.8963620436856168,0.8788117455697286,0.9165126081490793,-0.025526641850382947,0.014215282805555375,9228,2848,10661,1415,10643,1433,1.1789646846560005,0.793759452360105,5140,0.013637931491947253,299160,0.793759452360105,0,0.0,72590,0.1926026161479477,376890,364814,12076,307842,56972,320953,0.8797716096421738,0.9852131937812254,0.31002948816962717,0.6751837056115982,0.857409323675343,0.8831648491602324,0.9846598379949029,0.9857636554129071,0.2642104948243882,0.33563750676041104,0.6494910018099744,0.7211074339456336,2196,9880,11903,173,2196,9880,0.6912410503191332,0.014273026802699484,-0.09244027780484787,0.590886751386646,0.5877179017750538
catboost_monotonic_platt,Monotonic CatBoost,W5,w05_2012m05_m10,5,robust_shortfall,primary_oot,5,10,0,1.7632147310886466,0.23678526891135346,0,0.0,46254,0.12272546366313779,42988,0.11405980524821566,287648,0.7632147310886466,376890,364814,12076,307842,56972,326124,0.8939459560214246,0.893240688405091,0.8977567928105034,-0.004516104405412391,0.8896627663243918,0.8973440526413542,0.8891795581539735,0.8968170743959412,0.8748909529429877,0.9137790671857191,-0.022235956881804325,0.01850325472304502,9181,2895,10670,1406,10587,1489,1.1740083313433627,0.7988909230810051,5107,0.013550372787816074,301094,0.7988909230810051,0,0.0,70689,0.18755870413117887,376890,364814,12076,307842,56972,320707,0.8790972934152746,0.9853301368884038,0.3050796882679211,0.6802504486204827,0.8566053755737748,0.8825227519966038,0.9847895042709514,0.9858764218183638,0.25977073338414863,0.3302261846356854,0.6550308650749626,0.7256606317640378,2139,9937,11907,169,2139,9937,0.6910680459750285,0.01484866260614992,-0.0920894484833128,0.5926771045425823,0.5892063997452839
catboost_monotonic_platt,Monotonic CatBoost,W6,w06_2012m06_m11,5,robust_shortfall,primary_oot,5,10,0,1.7576852662580593,0.24231473374194062,0,0.0,48593,0.12893151848019316,42733,0.11338321526174745,285564,0.7576852662580594,376890,364814,12076,307842,56972,326111,0.8939103214240681,0.8937961681641882,0.8945271361370498,-0.0007309679728616514,0.8894345830348378,0.8973095598185147,0.8897468980704495,0.8973555571602144,0.8705820051589539,0.9109527126154029,-0.018762012664246125,0.02324114302028802,9108,2968,10675,1401,10509,1567,1.169298734378731,0.8042054710923612,4993,0.01324789726445382,303097,0.8042054710923612,0,0.0,68800,0.18254663164318502,376890,364814,12076,307842,56972,320411,0.8782859210446967,0.9856647241117197,0.2980762479814646,0.6875884761302551,0.8556395765342673,0.881747990129746,0.9851367014386037,0.9861987221386508,0.253549726025352,0.32269701742797624,0.6628998263364765,0.7322107938624876,2071,10005,11911,165,2071,10005,0.6908680102244154,0.015624400379371406,-0.09186855594753152,0.5964508881555852,0.5883865318793282
catboost_monotonic_platt,Monotonic CatBoost,W7,w07_2012m07_m12,5,robust_shortfall,primary_oot,5,10,0,1.7541165857411978,0.2458834142588023,0,0.0,50660,0.13441587731168245,42011,0.11146753694711985,284219,0.7541165857411977,376890,364814,12076,307842,56972,326535,0.8950725575224635,0.8957549652094257,0.8913852418732009,0.004369723336224762,0.8904561012497015,0.8984345565018971,0.8917602620779314,0.8992556641415965,0.8666211604095563,0.9082171462474043,-0.013973488665299377,0.029050407489139625,9069,3007,10697,1379,10448,1628,1.1587094377669878,0.8114144710658282,5630,0.01493804558359203,305814,0.8114144710658282,0,0.0,65446,0.17364748335057975,376890,364814,12076,307842,56972,319247,0.8750952540198567,0.9839398132808389,0.28696552692550725,0.6969742863553317,0.8522884661307013,0.8786171031335402,0.9833616320859156,0.9845372915865227,0.24373844594191663,0.3108204397394137,0.6730604708554673,0.740303592184185,1972,10104,11895,181,1972,10104,0.5231766606172179,0.019977303502606847,-0.08818484807141325,0.6044197149476936,0.59540714797421
catboost_monotonic_platt,Monotonic CatBoost,W8,w08_2012m08_2013m01,5,crosses_nominal,primary_oot,5,10,0,1.752848311178328,0.2471516888216721,0,0.0,52518,0.13934569768367427,40631,0.10780599113799783,283741,0.7528483111783278,376890,364814,12076,307842,56972,327258,0.8970543893600574,0.8990845953443649,0.8860843923330759,0.013000203011289013,0.8923585130940062,0.9003528881105893,0.8952111108954828,0.9024878682679088,0.8606891378105127,0.9036620303709532,-0.005941011289135184,0.038188009790980526,9063,3013,10744,1332,10395,1681,1.1442728647616016,0.8245668497439571,5872,0.015580142747220674,310771,0.8245668497439571,0,0.0,60247,0.1598530075088222,376890,364814,12076,307842,56972,317933,0.8714934185639805,0.9833421040663717,0.267131222354841,0.7162108817115307,0.8483960837379607,0.875128021438616,0.982761083551931,0.9839617684589786,0.22637552246798257,0.2898062628633634,0.693500820780408,0.7570644328379811,1819,10257,11894,182,1819,10257,0.5225179171260476,0.025560970796076887,-0.08425750872200677,0.6189531699782349,0.6085754464167263
woe_scorecard_platform_platt,Platform-signal WOE scorecard,W1,w01_2012m01_m06,5,crosses_nominal,primary_oot,5,10,0,1.7633898484969088,0.2366101515030911,0,0.0,49470,0.13125845737483086,39706,0.10535169412826023,287714,0.7633898484969089,376890,364814,12076,307842,56972,327480,0.8976629186379909,0.8983569493441441,0.8939127992698167,0.004444150074327413,0.8932261402531243,0.9009419193929263,0.8946283865750101,0.9017998650493512,0.8691229926446746,0.9103569998368509,-0.013438678188420594,0.02936930136099458,9168,2908,10793,1283,10451,1625,1.2427313009100798,0.7394810156809679,3352,0.008893841704476107,278703,0.7394810156809679,0,0.0,94835,0.251625142614556,376890,364814,12076,307842,56972,324903,0.8905990449927909,0.990280728425621,0.35197991996068245,0.6383008084649385,0.869800206956937,0.8938019050651383,0.9899141435789528,0.9906442696151393,0.303226879574185,0.3835325941757948,0.606669360386006,0.687145049708408,2916,9160,11962,114,2916,9160,0.7634722046298438,0.007063873645200003,-0.09192377908147686,0.5419328793091343,0.5206585475868291
woe_scorecard_platform_platt,Platform-signal WOE scorecard,W2,w02_2012m02_m07,5,robust_shortfall,primary_oot,5,10,0,1.7605083711427738,0.23949162885722625,0,0.0,49967,0.1325771445249277,40295,0.10691448433229855,286628,0.7605083711427738,376890,364814,12076,307842,56972,327025,0.8964157077305147,0.8971030593616206,0.8927016780172716,0.004401381344348976,0.891941945925867,0.8997346705935418,0.8933479115987786,0.9005850155669378,0.867678921777702,0.9093093984125806,-0.013622547582999439,0.029532739179161875,9139,2937,10782,1294,10433,1643,1.2499031547666428,0.7321977234736926,3373,0.008949560879832312,275958,0.7321977234736926,0,0.0,97559,0.2588527156464751,376890,364814,12076,307842,56972,325321,0.8917448343539448,0.9902190084523879,0.3596503545601348,0.630568653892253,0.871124200695163,0.8949083286900688,0.9898492321980017,0.9905848287852209,0.31021483399191535,0.39165235371608664,0.5984839894104339,0.6800984793310589,2997,9079,11961,115,2997,9079,0.7636518998685645,0.004670873376569906,-0.09311594909076726,0.5330513234571368,0.510605216376131
woe_scorecard_platform_platt,Platform-signal WOE scorecard,W3,w03_2012m03_m08,5,crosses_nominal,primary_oot,5,10,0,1.7663748043195628,0.23362519568043727,0,0.0,48459,0.12857597707553928,39592,0.10504921860489798,288839,0.7663748043195627,376890,364814,12076,307842,56972,327738,0.8983701283393729,0.8991333216390226,0.8942462964263147,0.004887025212707896,0.8940698877656611,0.9016264692615883,0.8954768536941239,0.9025578906737881,0.869952017485443,0.9106838430407519,-0.012975813312518791,0.029384222937206654,9228,2848,10819,1257,10485,1591,1.2361139855130143,0.7459497466104168,3380,0.00896813393828438,281141,0.7459497466104168,0,0.0,92369,0.2450821194512988,376890,364814,12076,307842,56972,324571,0.8896889921987643,0.9902222568720318,0.34646844063750615,0.6437538162345257,0.8687097030963942,0.8929157048475682,0.9898492651595348,0.9905879262793854,0.29812266843877905,0.37746827400558447,0.6126730463510438,0.6921888749870722,2837,9239,11960,116,2837,9239,0.7633232062095543,0.008681136140608614,-0.0910889352330092,0.5477778557888086,0.5302608188065485
woe_scorecard_platform_platt,Platform-signal WOE scorecard,W4,w04_2012m04_m09,5,crosses_nominal,primary_oot,5,10,0,1.7643848337711268,0.23561516622887316,0,0.0,49309,0.1308312770304333,39492,0.10478388919843987,288089,0.7643848337711269,376890,364814,12076,307842,56972,327748,0.8983975395681086,0.8996790561391883,0.8914730042828056,0.008206051856382679,0.894019475178434,0.9016530022022341,0.89603486318078,0.9030866173360196,0.8667508575524344,0.9082953888139063,-0.009981695002631324,0.03305154769971252,9199,2877,10824,1252,10451,1625,1.2271617713391174,0.752821778237682,3772,0.010008225211600202,283731,0.752821778237682,0,0.0,89387,0.23716999655071772,376890,364814,12076,307842,56972,323718,0.8873508143876058,0.9890853099966866,0.3376395422312715,0.6514457677654151,0.8661970336172358,0.8906206054817055,0.9886742215150827,0.9894931048500578,0.2901138677324485,0.3680649752993385,0.62093794107175,0.6990678377588019,2743,9333,11948,128,2743,9333,0.7631041679866254,0.01104672518050287,-0.08940625385749834,0.5538334620515342,0.5372230624320093
woe_scorecard_platform_platt,Platform-signal WOE scorecard,W5,w05_2012m05_m10,5,crosses_nominal,primary_oot,5,10,0,1.768027806521797,0.2319721934782032,0,0.0,48272,0.1280798110854626,39156,0.10389238239274058,289462,0.7680278065217968,376890,364814,12076,307842,56972,328223,0.8996995729330562,0.9006665757109167,0.8944744786912869,0.00619209701962975,0.8954416407970496,0.9029133168829101,0.8970822332660351,0.9040472185962446,0.8702483008299464,0.9108831638552074,-0.011620509070348034,0.0306496640825001,9260,2816,10846,1230,10490,1586,1.203884422510547,0.7775849717424183,3492,0.009265302873517471,293064,0.7775849717424183,0,0.0,80334,0.21314972538406432,376890,364814,12076,307842,56972,322499,0.8840093856047191,0.9898616822915651,0.3120480235905357,0.6778136587010295,0.8622303589906869,0.8874101196635623,0.9894791872996905,0.990240744967933,0.2670131118487256,0.3406012887161628,0.6491924117289453,0.7229291714882062,2467,9609,11957,119,2467,9609,0.7624245351753686,0.015690187328337157,-0.08919510658064844,0.5824264551007512,0.56414338401125
woe_scorecard_platform_platt,Platform-signal WOE scorecard,W6,w06_2012m06_m11,5,crosses_nominal,primary_oot,5,10,0,1.7764360954124545,0.22356390458754544,0,0.0,44464,0.11797606728753748,39795,0.10558783730000797,292631,0.7764360954124545,376890,364814,12076,307842,56972,328000,0.8990883025322494,0.8990975890229403,0.8990381239907322,5.946503220810584e-05,0.8951577383321393,0.9023216323065085,0.8954818253878383,0.9025276535655449,0.8766194868986291,0.914899912710272,-0.017333397333828438,0.022890387984254384,9376,2700,10833,1243,10619,1457,1.1969460585316671,0.7849690891241476,3408,0.009042426172092654,295847,0.7849690891241476,0,0.0,77635,0.20598848470375972,376890,364814,12076,307842,56972,322008,0.8826634942737943,0.9900955685059218,0.30216597626904446,0.6879295922368773,0.860696755021359,0.8861153121600467,0.9897226245137324,0.9904659758225401,0.25821983560328793,0.33014894190591726,0.6598837470950842,0.731951718960863,2380,9696,11960,116,2380,9696,0.762132796183944,0.016424808258455048,-0.0909979794829815,0.5968721477216878,0.5794900368807874
woe_scorecard_platform_platt,Platform-signal WOE scorecard,W7,w07_2012m07_m12,5,crosses_nominal,primary_oot,5,10,0,1.7785693438403778,0.22143065615962218,0,0.0,44154,0.11715354612751731,39301,0.10427711003210485,293435,0.7785693438403778,376890,364814,12076,307842,56972,328680,0.9009522660862795,0.9004359379162038,0.9037421891455452,-0.0033062512293413615,0.8970150441773461,0.9041258722704237,0.8968554150987961,0.9038247319487024,0.8812967495678072,0.9188721392961227,-0.020032430056168726,0.019642467976992956,9396,2680,10847,1229,10625,1451,1.1756135742524343,0.8027886120618748,4070,0.010798906842845393,302563,0.8027886120618748,0,0.0,70257,0.1864124810952798,376890,364814,12076,307842,56972,320084,0.877389573865038,0.9883836513536165,0.2776451590254862,0.7107384923281304,0.8549417601952825,0.8809413887341134,0.9879279443087953,0.9888171720204143,0.23639651487752752,0.30373728999949245,0.6845629022700752,0.75206714532952,2135,9941,11934,142,2135,9941,0.5883231976907125,0.02356269222124152,-0.0879477134374127,0.626097030120059,0.6029557695879435
woe_scorecard_platform_platt,Platform-signal WOE scorecard,W8,w08_2012m08_2013m01,5,robust_at_or_above_nominal,primary_oot,5,10,0,1.785467908408289,0.2145320915917111,0,0.0,42852,0.11369895725543262,38003,0.1008331343362785,296035,0.7854679084082888,376890,364814,12076,307842,56972,329769,0.9039373488956016,0.903456968184978,0.9065330337709752,-0.0030760655859971564,0.9000742922338083,0.9070153095067527,0.899931402241723,0.9067496674113306,0.8846391010928025,0.9212720659984033,-0.01945696531670882,0.01936140204895705,9460,2616,10870,1206,10666,1410,1.1528456578842634,0.8225211600201651,4642,0.012316591047785826,310000,0.8225211600201651,0,0.0,62248,0.16516224893204914,376890,364814,12076,307842,56972,318040,0.871786718711453,0.9868374036031471,0.2501228673734466,0.7367145362297005,0.8489081694924249,0.8754596831966887,0.9863119549619164,0.9873277582141271,0.21223359099235958,0.2743855835045943,0.712357096826084,0.7746847649562049,1905,10171,11912,164,1905,10171,0.5872817125282166,0.032150630184148654,-0.08338043541816909,0.6564101663975286,0.6326222505240255
woe_scorecard_borrower_platt,Pricing-excluded application WOE scorecard,W1,w01_2012m01_m06,5,robust_shortfall,primary_oot,5,10,0,1.7503329884051049,0.24966701159489507,0,0.0,49702,0.1318740215978137,44395,0.11779298999708138,282793,0.750332988405105,376890,364814,12076,307842,56972,323802,0.8875810687089859,0.8869712384924734,0.8908762198974935,-0.003904981405020158,0.8833240468041073,0.8911831038233967,0.8829643091589353,0.8907607347710198,0.8670584416693715,0.9078730939644059,-0.022371989862723235,0.020064182755399347,9114,2962,10679,1397,10511,1565,1.260386319615803,0.7251160816153255,2732,0.007248799384435777,273289,0.7251160816153255,0,0.0,100869,0.2676351190002388,376890,364814,12076,307842,56972,325790,0.893030420981651,0.9921713086583377,0.3573334269465702,0.6348378817117675,0.8728594550133991,0.8962694685451988,0.9919425292209163,0.9924651473985999,0.3090820757295114,0.39132892243242345,0.6008380557449862,0.6831693260915699,3182,8894,12005,71,3182,8894,0.7687614857496187,-0.005449352272665076,-0.1052000701658643,0.5335427929509233,0.48994666878930193
woe_scorecard_borrower_platt,Pricing-excluded application WOE scorecard,W2,w02_2012m02_m07,5,robust_shortfall,primary_oot,5,10,0,1.7566849743957123,0.24331502560428772,0,0.0,46886,0.12440234551195309,44817,0.11891268009233463,285187,0.7566849743957123,376890,364814,12076,307842,56972,323800,0.8875755864632388,0.8858212979385529,0.8970546935336656,-0.011233395595112716,0.8835018175064342,0.8911777972352676,0.8817939000413907,0.8896462299693575,0.874236644485879,0.9131895620254289,-0.028985002737985432,0.011938272674119298,9183,2893,10670,1406,10589,1487,1.2681339382843801,0.7184563135132267,2527,0.006704874101196636,270779,0.7184563135132267,0,0.0,103584,0.27483881238557667,376890,364814,12076,307842,56972,326332,0.894516109579128,0.9927137947388596,0.3639156076669241,0.6287981870719355,0.8745283769800207,0.8977261269866539,0.9925074535734932,0.9929874255128902,0.31519177853114216,0.39843296094022346,0.5942813694382083,0.6775985760368416,3269,8807,12012,64,3269,8807,0.7689175676640807,-0.006940523115889219,-0.10689249680030666,0.5331390858667415,0.4885510361113321
woe_scorecard_borrower_platt,Pricing-excluded application WOE scorecard,W3,w03_2012m03_m08,5,robust_shortfall,primary_oot,5,10,0,1.7628406166255406,0.23715938337445938,0,0.0,45127,0.1197352012523548,44256,0.11742418212210459,287507,0.7628406166255406,376890,364814,12076,307842,56972,324365,0.889124320886808,0.8874520045997623,0.8981604998946852,-0.010708495294922904,0.885226458648412,0.892676908381756,0.8834714725979775,0.8912287971971331,0.8763036665353724,0.9142058645215668,-0.028404913610312194,0.011567746448487001,9268,2808,10689,1387,10655,1421,1.2640133726020855,0.7199395048953275,3024,0.008023561251293481,271338,0.7199395048953275,0,0.0,102528,0.27203693385337896,376890,364814,12076,307842,56972,325775,0.8929893041385473,0.9913202227116508,0.3616688899810433,0.6296513327306075,0.8729523203056595,0.8962164026639072,0.9910755460869453,0.9916458751508558,0.3130697702686277,0.3959371470334197,0.5953854880057043,0.6783406336867013,3232,8844,12000,76,3232,8844,0.7688680735419023,-0.003864983251739229,-0.10386821811188851,0.5364916099136419,0.49882724402345513
woe_scorecard_borrower_platt,Pricing-excluded application WOE scorecard,W4,w04_2012m04_m09,5,robust_shortfall,primary_oot,5,10,0,1.7623205709888827,0.2376794290111173,0,0.0,44482,0.11802382658069994,45097,0.11965560243041737,287311,0.7623205709888827,376890,364814,12076,307842,56972,323838,0.8876797491324346,0.8854119970634287,0.8999333005687005,-0.01452130350527181,0.8838520523229589,0.8912786224097217,0.8813608099412463,0.8892475110124551,0.8785900335869491,0.9157454480964767,-0.03205648731611874,0.007299899540176888,9277,2799,10661,1415,10692,1384,1.2550505452519303,0.7250285229111942,3754,0.00996046591843774,273256,0.7250285229111942,0,0.0,99880,0.265011011170368,376890,364814,12076,307842,56972,324809,0.8903413794426749,0.9892997056931803,0.3556308362002387,0.6336688694929415,0.8701504417734618,0.893594948128101,0.9889848671819186,0.9897004565067851,0.30742269292628893,0.3893103104102206,0.5999818076795338,0.6819851222667758,3142,8934,11978,98,3142,8934,0.7686811849246695,-0.0026616303102402483,-0.10388770862975161,0.5443024643684617,0.5072700257369525
woe_scorecard_borrower_platt,Pricing-excluded application WOE scorecard,W5,w05_2012m05_m10,5,robust_shortfall,primary_oot,5,10,0,1.7676006261773993,0.23239937382260076,0,0.0,43133,0.11444453288757993,44456,0.11795484093502083,289301,0.7676006261773992,376890,364814,12076,307842,56972,324493,0.8894751846146255,0.8870849331800079,0.9023906480376325,-0.015305714857624553,0.8856483324046804,0.8930165300220223,0.8830489346772342,0.890867191399983,0.8812005073531932,0.9178314962026065,-0.03252222324274642,0.006397696024821042,9299,2777,10669,1407,10706,1370,1.2430841890206692,0.7354241290562233,4050,0.010745840961553768,277174,0.7354241290562233,0,0.0,95666,0.2538300299822229,376890,364814,12076,307842,56972,323848,0.8877071603611704,0.9884486197464933,0.34336165133749913,0.6450869684089942,0.8672265117142933,0.8910265594735864,0.9881115906308553,0.98888100233574,0.2961830211818856,0.376219298684408,0.6122287807811934,0.6923771201113073,3001,9075,11971,105,3001,9075,0.7683376158386922,0.001768024253455125,-0.10136368656648542,0.5590289967001334,0.5245164371567301
woe_scorecard_borrower_platt,Pricing-excluded application WOE scorecard,W6,w06_2012m06_m11,5,robust_shortfall,primary_oot,5,10,0,1.7696940751943537,0.2303059248056462,0,0.0,43871,0.11640266390724084,42929,0.11390326089840537,290090,0.7696940751943538,376890,364814,12076,307842,56972,325624,0.8925753945846376,0.8911909356098259,0.900056167942147,-0.008865232332321171,0.8887765661068217,0.8960174056090636,0.887311279868559,0.8948557939806386,0.878725044983292,0.915850144092219,-0.026329159185001588,0.012938074653356342,9347,2729,10730,1346,10693,1383,1.2321393510042717,0.7504868794608507,3274,0.008686884767438775,282851,0.7504868794608507,0,0.0,90765,0.24082623577171058,376890,364814,12076,307842,56972,323621,0.8870849254688691,0.9906445514257314,0.327511760162887,0.6631327912628444,0.8662607126747858,0.8904879407784765,0.9903839596262702,0.9909954132886439,0.28192614529191345,0.35969984624640683,0.6309610506355123,0.7088046420118398,2864,9212,11995,81,2864,9212,0.767815110636014,0.005490469115768559,-0.0994536158159055,0.5725444077792601,0.537554724190082
woe_scorecard_borrower_platt,Pricing-excluded application WOE scorecard,W7,w07_2012m07_m12,5,robust_shortfall,primary_oot,5,10,0,1.7684019209849027,0.23159807901509724,0,0.0,45291,0.1201703414789461,41996,0.11142773753615114,289603,0.7684019209849028,376890,364814,12076,307842,56972,326296,0.8944174291556793,0.8935557851105437,0.8990732289545742,-0.005517443844030523,0.890522433601316,0.8978004192204622,0.889752165559358,0.8971506770202321,0.8771040600010274,0.9149672439035211,-0.02302083616634401,0.016875505858629625,9333,2743,10760,1316,10649,1427,1.201223168563772,0.7813128499031547,3291,0.008731990766536656,294469,0.7813128499031547,0,0.0,79130,0.2099551593303086,376890,364814,12076,307842,56972,321609,0.8815697862472384,0.990612067229293,0.2923716913571579,0.698240375872135,0.8599644458595346,0.88514420653241,0.9903450515547617,0.9909640908593493,0.2503118190698024,0.3221521647751156,0.6684815481874098,0.7403759638814295,2503,9573,11993,83,2503,9573,0.7664764786326581,0.012847642908440982,-0.09705628211874928,0.6067015375974163,0.5671787524211307
woe_scorecard_borrower_platt,Pricing-excluded application WOE scorecard,W8,w08_2012m08_2013m01,5,crosses_nominal,primary_oot,5,10,0,1.7716654726843375,0.2283345273156624,0,0.0,46345,0.12296691342301468,39712,0.10536761389264772,290833,0.7716654726843376,376890,364814,12076,307842,56972,327870,0.8987319565586847,0.8991235763800911,0.8966158814856421,0.0025076948944490196,0.8947464777521292,0.9019767040781129,0.895458457078893,0.9025475588248216,0.8741379605386997,0.912847905538375,-0.015240597563328101,0.02530298238264734,9351,2725,10816,1260,10611,1465,1.164567911061583,0.816896176603253,3493,0.009267956167582053,307880,0.816896176603253,0,0.0,65517,0.173835867229165,376890,364814,12076,307842,56972,319043,0.8745360649536477,0.9900565874701958,0.25033349715649794,0.7397230903136978,0.8520125235479848,0.8783146276101781,0.9897640071054418,0.9904292007866753,0.21294194935499283,0.2766411489736468,0.7134420988885255,0.7771811170440726,2072,10004,11985,91,2072,10004,0.7646721510645134,0.02419589160503699,-0.09093301109010465,0.6462823843291441,0.6070975616227545
