window_id,role,frontier_ruler,frontier_coordinate,gamma,candidate_id,selected_positions,funded_dollars,committed_capital_usd,cash_residual_usd,resolved_positions,unresolved_positions,empty_set_positions,full_set_positions,singleton_zero_positions,singleton_one_positions,count_selected_fcp_lower,count_selected_fcp_upper,count_selected_coverage_lower,count_selected_coverage_upper,invested_dollar_selected_fcp_lower,invested_dollar_selected_fcp_upper,invested_dollar_selected_coverage_lower,invested_dollar_selected_coverage_upper,fixed_capital_decision_fcp_lower,fixed_capital_decision_fcp_upper,fixed_capital_decision_coverage_lower,fixed_capital_decision_coverage_upper,count_selected_minus_invested_dollar_selected_fcp_lower,count_selected_minus_invested_dollar_selected_fcp_upper,count_selected_minus_invested_dollar_selected_coverage_lower,count_selected_minus_invested_dollar_selected_coverage_upper,count_selected_minus_fixed_capital_decision_fcp_lower,count_selected_minus_fixed_capital_decision_fcp_upper,count_selected_minus_fixed_capital_decision_coverage_lower,count_selected_minus_fixed_capital_decision_coverage_upper,sharpness,periods
w01_2012m01_m06,primary_oot,normalized_score,0.25,0.0,normalized_score_g000_c025,1528,14999625.0,15000000.0,375.0,1483,45,10,1,1517,0,0.16295811518324607,0.19240837696335078,0.8075916230366492,0.8370418848167539,0.19494487362184054,0.23313749510404427,0.7668625048959558,0.8050551263781595,0.19494,0.23313166666666665,0.7668683333333334,0.80506,-0.04632460270494544,-0.026391273874342484,0.026391273874342484,0.04632460270494544,-0.04631896160558463,-0.026386212914485157,0.026386212914485157,0.04631896160558463,cellwise_shared_binary_completion,15
w01_2012m01_m06,primary_oot,normalized_score,0.25,1.0,normalized_score_g100_c025,1437,14999575.0,15000000.0,425.0,1399,38,43,33,1361,0,0.26374391092553934,0.28879610299234515,0.7112038970076549,0.7362560890744607,0.3052069808644578,0.33114104899638824,0.6688589510036118,0.6947930191355423,0.30519833333333335,0.33113166666666666,0.6688683333333334,0.6948016666666667,-0.04858269522925278,-0.03522532071370878,0.03522532071370878,0.04858269522925278,-0.04857356993736951,-0.03521641614474598,0.03521641614474598,0.04857356993736951,cellwise_shared_binary_completion,15
w01_2012m01_m06,primary_oot,normalized_score,0.5,0.0,normalized_score_g000_c050,1482,14999625.0,15000000.0,375.0,1447,35,20,25,1437,0,0.22874493927125505,0.252361673414305,0.747638326585695,0.771255060728745,0.2838370959273982,0.3073943515254548,0.6926056484745452,0.7161629040726019,0.28383,0.30738666666666664,0.6926133333333333,0.71617,-0.06108534292304678,-0.04903949184424619,0.04903949184424619,0.06108534292304678,-0.06107789473684212,-0.04903215924426453,0.04903215924426453,0.06107789473684212,cellwise_shared_binary_completion,15
w01_2012m01_m06,primary_oot,normalized_score,0.5,1.0,normalized_score_g100_c050,1439,14999600.0,15000000.0,400.0,1402,37,32,76,1331,0,0.27032661570535094,0.2946490618485059,0.7053509381514941,0.729673384294649,0.31360336275634015,0.3384156910850956,0.6615843089149044,0.6863966372436598,0.313595,0.3384066666666667,0.6615933333333333,0.6864049999999999,-0.050396459726764826,-0.036646916560814105,0.036646916560814105,0.050396459726764826,-0.05038766620338198,-0.03663832290942785,0.03663832290942785,0.05038766620338198,cellwise_shared_binary_completion,15
w01_2012m01_m06,primary_oot,normalized_score,0.75,0.0,normalized_score_g000_c075,1461,14999600.0,15000000.0,400.0,1428,33,12,90,1359,0,0.26078028747433263,0.28336755646817247,0.7166324435318275,0.7392197125256674,0.3103749433318222,0.3299737993013147,0.6700262006986852,0.6896250566681779,0.3103666666666667,0.329965,0.6700349999999999,0.6896333333333333,-0.05400477346062562,-0.04219612523000614,0.04219612523000614,0.05400477346062562,-0.053996214921286805,-0.042187607802874755,0.042187607802874755,0.053996214921286805,cellwise_shared_binary_completion,15
w01_2012m01_m06,primary_oot,normalized_score,0.75,1.0,normalized_score_g100_c075,1445,14999600.0,15000000.0,400.0,1408,37,19,117,1309,0,0.2782006920415225,0.30311418685121105,0.696885813148789,0.7217993079584775,0.3223335955625483,0.34475419344515856,0.6552458065548414,0.6776664044374516,0.322325,0.344745,0.6552549999999999,0.677675,-0.05018081105000172,-0.03559209906497161,0.03559209906497161,0.05018081105000172,-0.050171851211072684,-0.03558326989619379,0.03558326989619379,0.050171851211072684,cellwise_shared_binary_completion,15
w01_2012m01_m06,primary_oot,objective_matched,0.25,0.0,objective_matched_g000_c025,1559,14999625.0,15000000.0,375.0,1508,51,1,0,1558,0,0.07376523412443874,0.10647851186658114,0.8935214881334188,0.9262347658755613,0.0899955832229139,0.12474311857796445,0.8752568814220355,0.9100044167770861,0.08999333333333333,0.12474,0.87526,0.9100066666666666,-0.025958160179148808,-0.008536795630709675,0.008536795630709675,0.025958160179148808,-0.025955282232200137,-0.008534305110113329,0.008534305110113329,0.025955282232200137,cellwise_shared_binary_completion,15
w01_2012m01_m06,primary_oot,objective_matched,0.25,1.0,objective_matched_g100_c025,1560,14999625.0,15000000.0,375.0,1510,50,1,0,1559,0,0.07307692307692308,0.10512820512820513,0.8948717948717949,0.926923076923077,0.09126228155703893,0.12467645024458945,0.8753235497554106,0.908737718442961,0.09126,0.12467333333333333,0.8753266666666667,0.90874,-0.027230696793060852,-0.010502906803439318,0.010502906803439318,0.027230696793060852,-0.027227820512820515,-0.010500384615384618,0.010500384615384618,0.027227820512820515,cellwise_shared_binary_completion,15
w01_2012m01_m06,primary_oot,objective_matched,0.5,0.0,objective_matched_g000_c050,1504,14999625.0,15000000.0,375.0,1452,52,4,0,1500,0,0.1276595744680851,0.1622340425531915,0.8377659574468085,0.8723404255319149,0.15017708776052735,0.19265148295374052,0.8073485170462595,0.8498229122394727,0.15017333333333333,0.19264666666666666,0.8073533333333334,0.8498266666666667,-0.037734548195265165,-0.015200405497726097,0.015200405497726097,0.037734548195265165,-0.037729964539007094,-0.015196418439716315,0.015196418439716315,0.037729964539007094,cellwise_shared_binary_completion,15
w01_2012m01_m06,primary_oot,objective_matched,0.5,1.0,objective_matched_g100_c050,1520,14999625.0,15000000.0,375.0,1469,51,14,0,1506,0,0.1361842105263158,0.16973684210526316,0.8302631578947368,0.8638157894736842,0.1647157845612807,0.20469345066960007,0.7953065493303999,0.8352842154387193,0.16471166666666667,0.20468833333333333,0.7953116666666666,0.8352883333333333,-0.043356654091790896,-0.02013152850751094,0.02013152850751094,0.043356654091790896,-0.04335175438596492,-0.020127192982456146,0.020127192982456146,0.04335175438596492,cellwise_shared_binary_completion,15
w01_2012m01_m06,primary_oot,objective_matched,0.75,0.0,objective_matched_g000_c075,1500,14999625.0,15000000.0,375.0,1461,39,17,7,1476,0,0.19533333333333333,0.22133333333333333,0.7786666666666666,0.8046666666666666,0.24025933981682876,0.2694067351683792,0.7305932648316208,0.7597406601831712,0.24025333333333335,0.2694,0.7306,0.7597466666666667,-0.05430487428852389,-0.03869453403001742,0.03869453403001742,0.05430487428852389,-0.054298333333333344,-0.038688333333333345,0.038688333333333345,0.054298333333333344,cellwise_shared_binary_completion,15
w01_2012m01_m06,primary_oot,objective_matched,0.75,1.0,objective_matched_g100_c075,1457,14999625.0,15000000.0,375.0,1419,38,48,3,1406,0,0.23266986959505834,0.2560054907343857,0.7439945092656143,0.7673301304049417,0.26862338225122295,0.2940040167670858,0.7059959832329141,0.731376617748777,0.26861666666666667,0.2939966666666667,0.7060033333333333,0.7313833333333333,-0.042863473783138345,-0.031088564905726406,0.031088564905726406,0.042863473783138345,-0.042856345229924514,-0.03108162777396478,0.03108162777396478,0.042856345229924514,cellwise_shared_binary_completion,15
w02_2012m02_m07,primary_oot,normalized_score,0.25,0.0,normalized_score_g000_c025,1528,14999625.0,15000000.0,375.0,1483,45,15,1,1512,0,0.1662303664921466,0.1956806282722513,0.8043193717277487,0.8337696335078534,0.19805661808211872,0.23624923956432245,0.7637507604356776,0.8019433819178813,0.19805166666666665,0.23624333333333333,0.7637566666666666,0.8019483333333334,-0.0461640958563231,-0.026230767025720133,0.026230767025720133,0.0461640958563231,-0.046158376963350775,-0.026225628272251295,0.026225628272251295,0.046158376963350775,cellwise_shared_binary_completion,15
w02_2012m02_m07,primary_oot,normalized_score,0.25,1.0,normalized_score_g100_c025,1437,14999550.0,15000000.0,450.0,1399,38,45,35,1357,0,0.26583159359777314,0.290883785664579,0.709116214335421,0.7341684064022269,0.3078009006936875,0.33375834608371585,0.6662416539162841,0.6921990993063125,0.3077916666666667,0.3337483333333333,0.6662516666666667,0.6922083333333333,-0.049103960940679287,-0.03573990657437189,0.03573990657437189,0.049103960940679287,-0.049094220598469025,-0.03573040013917883,0.03573040013917883,0.049094220598469025,cellwise_shared_binary_completion,15
w02_2012m02_m07,primary_oot,normalized_score,0.5,0.0,normalized_score_g000_c050,1482,14999625.0,15000000.0,375.0,1447,35,24,26,1432,0,0.23144399460188933,0.2550607287449393,0.7449392712550607,0.7685560053981106,0.28662883238747633,0.310186087985533,0.6898139120144671,0.7133711676125236,0.28662166666666666,0.31017833333333333,0.6898216666666667,0.7133783333333333,-0.06117802405249066,-0.049132172973690075,0.049132172973690075,0.06117802405249066,-0.06117050607287451,-0.04912477058029691,0.04912477058029691,0.06117050607287451,cellwise_shared_binary_completion,15
w02_2012m02_m07,primary_oot,normalized_score,0.5,1.0,normalized_score_g100_c050,1440,14999575.0,15000000.0,425.0,1403,37,34,81,1325,0,0.2722222222222222,0.2965277777777778,0.7034722222222223,0.7277777777777779,0.3162689609538937,0.34107966392381117,0.6589203360761888,0.6837310390461063,0.31626,0.34107,0.65893,0.68374,-0.05117108526408246,-0.03742753961362237,0.03742753961362237,0.05117108526408246,-0.051161666666666654,-0.037418333333333324,0.037418333333333324,0.051161666666666654,cellwise_shared_binary_completion,15
w02_2012m02_m07,primary_oot,normalized_score,0.75,0.0,normalized_score_g000_c075,1461,14999600.0,15000000.0,400.0,1428,33,16,95,1350,0,0.26283367556468173,0.28542094455852157,0.7145790554414784,0.7371663244353183,0.3130900157337529,0.3326888717032454,0.6673111282967545,0.6869099842662472,0.31308166666666665,0.33268,0.66732,0.6869183333333333,-0.05466645777220726,-0.042857809541587785,0.042857809541587785,0.05466645777220726,-0.05465782683093773,-0.04284921971252568,0.04284921971252568,0.05465782683093773,cellwise_shared_binary_completion,15
w02_2012m02_m07,primary_oot,normalized_score,0.75,1.0,normalized_score_g100_c075,1445,14999550.0,15000000.0,450.0,1408,37,22,124,1299,0,0.27889273356401384,0.3038062283737024,0.6961937716262976,0.7211072664359861,0.3228396851905557,0.34525869109406615,0.6547413089059338,0.6771603148094443,0.32283,0.3452483333333333,0.6547516666666666,0.67717,-0.04999490469143142,-0.03540450965547422,0.03540450965547422,0.04999490469143142,-0.04998480968858132,-0.03539456170703577,0.03539456170703577,0.04998480968858132,cellwise_shared_binary_completion,15
w02_2012m02_m07,primary_oot,objective_matched,0.25,0.0,objective_matched_g000_c025,1559,14999625.0,15000000.0,375.0,1508,51,1,0,1558,0,0.07376523412443874,0.10647851186658114,0.8935214881334188,0.9262347658755613,0.0899955832229139,0.12474311857796445,0.8752568814220355,0.9100044167770861,0.08999333333333333,0.12474,0.87526,0.9100066666666666,-0.025958160179148808,-0.008536795630709675,0.008536795630709675,0.025958160179148808,-0.025955282232200137,-0.008534305110113329,0.008534305110113329,0.025955282232200137,cellwise_shared_binary_completion,15
w02_2012m02_m07,primary_oot,objective_matched,0.25,1.0,objective_matched_g100_c025,1560,14999625.0,15000000.0,375.0,1510,50,1,0,1559,0,0.07307692307692308,0.10512820512820513,0.8948717948717949,0.926923076923077,0.09126228155703893,0.12467645024458945,0.8753235497554106,0.908737718442961,0.09126,0.12467333333333333,0.8753266666666667,0.90874,-0.027230696793060852,-0.010502906803439318,0.010502906803439318,0.027230696793060852,-0.027227820512820515,-0.010500384615384618,0.010500384615384618,0.027227820512820515,cellwise_shared_binary_completion,15
w02_2012m02_m07,primary_oot,objective_matched,0.5,0.0,objective_matched_g000_c050,1504,14999625.0,15000000.0,375.0,1452,52,7,0,1497,0,0.12965425531914893,0.16422872340425532,0.8357712765957447,0.8703457446808511,0.1527771527621524,0.19525154795536556,0.8047484520446344,0.8472228472378476,0.15277333333333334,0.19524666666666668,0.8047533333333333,0.8472266666666667,-0.038339932345826375,-0.015805789648287306,0.015805789648287306,0.038339932345826375,-0.03833528368794326,-0.015801737588652484,0.015801737588652484,0.03833528368794326,cellwise_shared_binary_completion,15
w02_2012m02_m07,primary_oot,objective_matched,0.5,1.0,objective_matched_g100_c050,1520,14999625.0,15000000.0,375.0,1469,51,19,0,1501,0,0.1394736842105263,0.1730263157894737,0.8269736842105263,0.8605263157894737,0.16811586956340574,0.20809353567172512,0.7919064643282749,0.8318841304365943,0.16811166666666666,0.20808833333333332,0.7919116666666667,0.8318883333333333,-0.04346726540970543,-0.020242139825425463,0.020242139825425463,0.04346726540970543,-0.0434622807017544,-0.020237719298245624,0.020237719298245624,0.0434622807017544,cellwise_shared_binary_completion,15
w02_2012m02_m07,primary_oot,objective_matched,0.75,0.0,objective_matched_g000_c075,1500,14999625.0,15000000.0,375.0,1461,39,21,7,1472,0,0.198,0.224,0.776,0.802,0.24305107627690692,0.2721984716284574,0.7278015283715427,0.7569489237230931,0.243045,0.27219166666666667,0.7278083333333334,0.756955,-0.05442994408193538,-0.03881960382342893,0.03881960382342893,0.05442994408193538,-0.05442333333333334,-0.03881333333333334,0.03881333333333334,0.05442333333333334,cellwise_shared_binary_completion,15
w02_2012m02_m07,primary_oot,objective_matched,0.75,1.0,objective_matched_g100_c075,1457,14999625.0,15000000.0,375.0,1419,38,53,4,1400,0,0.2361015785861359,0.2594371997254633,0.7405628002745367,0.7638984214138641,0.27244847787861365,0.2978291123944765,0.7021708876055235,0.7275515221213864,0.2724416666666667,0.29782166666666665,0.7021783333333333,0.7275583333333333,-0.04325686041945147,-0.03148195154203953,0.03148195154203953,0.04325686041945147,-0.043249636238846964,-0.031474918782887225,0.031474918782887225,0.043249636238846964,cellwise_shared_binary_completion,15
w03_2012m03_m08,primary_oot,normalized_score,0.25,0.0,normalized_score_g000_c025,1528,14999625.0,15000000.0,375.0,1483,45,19,1,1508,0,0.16753926701570682,0.19698952879581152,0.8030104712041884,0.8324607329842932,0.19886997174929374,0.23706259323149745,0.7629374067685025,0.8011300282507062,0.198865,0.23705666666666667,0.7629433333333333,0.801135,-0.0456685489999379,-0.025735220169334938,0.025735220169334938,0.0456685489999379,-0.0456628097731239,-0.02573006108202442,0.02573006108202442,0.0456628097731239,cellwise_shared_binary_completion,15
w03_2012m03_m08,primary_oot,normalized_score,0.25,1.0,normalized_score_g100_c025,1437,14999525.0,15000000.0,475.0,1399,38,52,34,1351,0,0.26931106471816285,0.29436325678496866,0.7056367432150313,0.7306889352818371,0.3100064835386454,0.33597397250912947,0.6640260274908705,0.6899935164613547,0.30999666666666664,0.33596333333333334,0.6640366666666666,0.6900033333333333,-0.04783676767254436,-0.03446936687209893,0.03446936687209893,0.04783676767254436,-0.04782641614474599,-0.03445926235212247,0.03445926235212247,0.04782641614474599,cellwise_shared_binary_completion,15
w03_2012m03_m08,primary_oot,normalized_score,0.5,0.0,normalized_score_g000_c050,1482,14999625.0,15000000.0,375.0,1447,35,29,24,1429,0,0.2341430499325236,0.25775978407557354,0.7422402159244265,0.7658569500674763,0.28871721793044824,0.3122744735285049,0.6877255264714951,0.7112827820695518,0.28871,0.3122666666666667,0.6877333333333333,0.71129,-0.06056735426482829,-0.04852150318602771,0.04852150318602771,0.06056735426482829,-0.06055978407557357,-0.048514048582995975,0.048514048582995975,0.06055978407557357,cellwise_shared_binary_completion,15
w03_2012m03_m08,primary_oot,normalized_score,0.5,1.0,normalized_score_g100_c050,1441,14999625.0,15000000.0,375.0,1404,37,40,77,1324,0,0.27550312283136713,0.2997918112421929,0.7002081887578071,0.7244968771686329,0.3186379659491487,0.34345025292298975,0.6565497470770103,0.6813620340508513,0.31863,0.34344166666666665,0.6565583333333334,0.68137,-0.05026706745623766,-0.03652621734234081,0.03652621734234081,0.05026706745623766,-0.05025869766365951,-0.03651803492944716,0.03651803492944716,0.05025869766365951,cellwise_shared_binary_completion,15
w03_2012m03_m08,primary_oot,normalized_score,0.75,0.0,normalized_score_g000_c075,1461,14999600.0,15000000.0,400.0,1428,33,20,88,1353,0,0.2662559890485969,0.2888432580424367,0.7111567419575633,0.7337440109514031,0.3155700818688498,0.33516893783834234,0.6648310621616577,0.6844299181311502,0.3155616666666667,0.33516,0.66484,0.6844383333333333,-0.05372421042338907,-0.041915562192769595,0.041915562192769595,0.05372421042338907,-0.0537155133470226,-0.041906906228610555,0.041906906228610555,0.0537155133470226,cellwise_shared_binary_completion,15
w03_2012m03_m08,primary_oot,normalized_score,0.75,1.0,normalized_score_g100_c075,1445,14999575.0,15000000.0,425.0,1408,37,26,121,1298,0,0.28096885813148786,0.3058823529411765,0.6941176470588235,0.7190311418685121,0.3250892108609744,0.3475081793984163,0.6524918206015837,0.6749107891390256,0.32508,0.34749833333333335,0.6525016666666666,0.67492,-0.05016828302638125,-0.035577896160345075,0.035577896160345075,0.05016828302638125,-0.05015868512110728,-0.035568437139561725,0.035568437139561725,0.05015868512110728,cellwise_shared_binary_completion,15
w03_2012m03_m08,primary_oot,objective_matched,0.25,0.0,objective_matched_g000_c025,1559,14999625.0,15000000.0,375.0,1508,51,1,0,1558,0,0.07376523412443874,0.10647851186658114,0.8935214881334188,0.9262347658755613,0.0899955832229139,0.12474311857796445,0.8752568814220355,0.9100044167770861,0.08999333333333333,0.12474,0.87526,0.9100066666666666,-0.025958160179148808,-0.008536795630709675,0.008536795630709675,0.025958160179148808,-0.025955282232200137,-0.008534305110113329,0.008534305110113329,0.025955282232200137,cellwise_shared_binary_completion,15
w03_2012m03_m08,primary_oot,objective_matched,0.25,1.0,objective_matched_g100_c025,1560,14999625.0,15000000.0,375.0,1510,50,1,0,1559,0,0.07307692307692308,0.10512820512820513,0.8948717948717949,0.926923076923077,0.09126228155703893,0.12467645024458945,0.8753235497554106,0.908737718442961,0.09126,0.12467333333333333,0.8753266666666667,0.90874,-0.027230696793060852,-0.010502906803439318,0.010502906803439318,0.027230696793060852,-0.027227820512820515,-0.010500384615384618,0.010500384615384618,0.027227820512820515,cellwise_shared_binary_completion,15
w03_2012m03_m08,primary_oot,objective_matched,0.5,0.0,objective_matched_g000_c050,1504,14999625.0,15000000.0,375.0,1452,52,10,0,1494,0,0.13031914893617022,0.16489361702127658,0.8351063829787234,0.8696808510638298,0.15311049442902738,0.19558488962224055,0.8044151103777595,0.8468895055709726,0.15310666666666667,0.19558,0.80442,0.8468933333333333,-0.03800838039568011,-0.015474237698141038,0.015474237698141038,0.03800838039568011,-0.03800372340425532,-0.015470177304964543,0.015470177304964543,0.03800372340425532,cellwise_shared_binary_completion,15
w03_2012m03_m08,primary_oot,objective_matched,0.5,1.0,objective_matched_g100_c050,1520,14999625.0,15000000.0,375.0,1469,51,23,0,1497,0,0.14078947368421052,0.17434210526315788,0.8256578947368421,0.8592105263157894,0.16892922323058077,0.20890688933890014,0.7910931106610999,0.8310707767694192,0.168925,0.20890166666666668,0.7910983333333333,0.831075,-0.042964829603196225,-0.019739704018916268,0.019739704018916268,0.042964829603196225,-0.042959824561403515,-0.019735263157894742,0.019735263157894742,0.042959824561403515,cellwise_shared_binary_completion,15
w03_2012m03_m08,primary_oot,objective_matched,0.75,0.0,objective_matched_g000_c075,1500,14999625.0,15000000.0,375.0,1461,39,26,6,1468,0,0.20066666666666666,0.22666666666666666,0.7733333333333333,0.7993333333333333,0.24513946181987883,0.2742868571714293,0.7257131428285707,0.7548605381801212,0.24513333333333334,0.27428,0.7257199999999999,0.7548666666666667,-0.05385166295824063,-0.03824132269973417,0.03824132269973417,0.05385166295824063,-0.053845000000000004,-0.038235000000000005,0.038235000000000005,0.053845000000000004,cellwise_shared_binary_completion,15
w03_2012m03_m08,primary_oot,objective_matched,0.75,1.0,objective_matched_g100_c075,1457,14999625.0,15000000.0,375.0,1419,38,62,4,1391,0,0.24090597117364448,0.26424159231297184,0.7357584076870282,0.7590940288263555,0.27537688442211056,0.3007575189379734,0.6992424810620266,0.7246231155778895,0.27537,0.30075,0.6992499999999999,0.72463,-0.04138087437543981,-0.029605965498027867,0.029605965498027867,0.04138087437543981,-0.041373576984671714,-0.02959885952871198,0.02959885952871198,0.041373576984671714,cellwise_shared_binary_completion,15
w04_2012m04_m09,primary_oot,normalized_score,0.25,0.0,normalized_score_g000_c025,1528,14999625.0,15000000.0,375.0,1483,45,26,1,1501,0,0.17081151832460734,0.20026178010471204,0.7997382198952879,0.8291884816753927,0.20068335041709376,0.2388759718992975,0.7611240281007026,0.7993166495829063,0.20067833333333332,0.23887,0.76113,0.7993216666666667,-0.044209676358837394,-0.02427634752823444,0.02427634752823444,0.044209676358837394,-0.04420389179755671,-0.02427114310645723,0.02427114310645723,0.04420389179755671,cellwise_shared_binary_completion,15
w04_2012m04_m09,primary_oot,normalized_score,0.25,1.0,normalized_score_g100_c025,1438,14999500.0,15000000.0,500.0,1400,38,58,27,1353,0,0.2732962447844228,0.29833101529902645,0.7016689847009736,0.7267037552155772,0.3115853861795393,0.3375945864862162,0.6624054135137838,0.6884146138204608,0.311575,0.33758333333333335,0.6624166666666667,0.6884250000000001,-0.04546729443600833,-0.032085418146297985,0.032085418146297985,0.04546729443600833,-0.04545634445989802,-0.032074728789986115,0.032074728789986115,0.04545634445989802,cellwise_shared_binary_completion,15
w04_2012m04_m09,primary_oot,normalized_score,0.5,0.0,normalized_score_g000_c050,1482,14999625.0,15000000.0,375.0,1447,35,36,14,1432,0,0.23819163292847503,0.26180836707152494,0.738191632928475,0.761808367071525,0.29062559897330764,0.3141828545713643,0.6858171454286357,0.7093744010266924,0.2906183333333333,0.314175,0.685825,0.7093816666666667,-0.05842715231173628,-0.04638130123293569,0.04638130123293569,0.05842715231173628,-0.058419534412955484,-0.046373798920377886,0.046373798920377886,0.058419534412955484,cellwise_shared_binary_completion,15
w04_2012m04_m09,primary_oot,normalized_score,0.5,1.0,normalized_score_g100_c050,1441,14999600.0,15000000.0,400.0,1404,37,44,60,1337,0,0.28036086051353226,0.3046495489243581,0.6953504510756419,0.7196391394864677,0.32101689378383425,0.34582755540147736,0.6541724445985226,0.6789831062161658,0.32100833333333334,0.34581833333333334,0.6541816666666667,0.6789916666666667,-0.04778661782125896,-0.034047421926162315,0.034047421926162315,0.04778661782125896,-0.047777626648161015,-0.034038630580615334,0.034038630580615334,0.047777626648161015,cellwise_shared_binary_completion,15
w04_2012m04_m09,primary_oot,normalized_score,0.75,0.0,normalized_score_g000_c075,1461,14999600.0,15000000.0,400.0,1428,33,25,65,1371,0,0.27173169062286107,0.2943189596167009,0.7056810403832992,0.7282683093771389,0.31854849462652335,0.3381473505960159,0.661852649403984,0.6814515053734767,0.31854,0.3381383333333333,0.6618616666666667,0.68146,-0.05122692160679841,-0.03941827337617893,0.03941827337617893,0.05122692160679841,-0.05121814510609174,-0.03940953798767968,0.03940953798767968,0.05121814510609174,cellwise_shared_binary_completion,15
w04_2012m04_m09,primary_oot,normalized_score,0.75,1.0,normalized_score_g100_c075,1445,14999550.0,15000000.0,450.0,1408,37,29,99,1317,0,0.28581314878892733,0.3107266435986159,0.6892733564013841,0.7141868512110727,0.3251630882259801,0.34758209412949054,0.6524179058705095,0.6748369117740198,0.32515333333333335,0.34757166666666667,0.6524283333333334,0.6748466666666666,-0.04539789250194231,-0.03080749746598512,0.03080749746598512,0.04539789250194231,-0.045387727797001176,-0.03079747981545561,0.03079747981545561,0.045387727797001176,cellwise_shared_binary_completion,15
w04_2012m04_m09,primary_oot,objective_matched,0.25,0.0,objective_matched_g000_c025,1559,14999625.0,15000000.0,375.0,1508,51,1,0,1558,0,0.07376523412443874,0.10647851186658114,0.8935214881334188,0.9262347658755613,0.0899955832229139,0.12474311857796445,0.8752568814220355,0.9100044167770861,0.08999333333333333,0.12474,0.87526,0.9100066666666666,-0.025958160179148808,-0.008536795630709675,0.008536795630709675,0.025958160179148808,-0.025955282232200137,-0.008534305110113329,0.008534305110113329,0.025955282232200137,cellwise_shared_binary_completion,15
w04_2012m04_m09,primary_oot,objective_matched,0.25,1.0,objective_matched_g100_c025,1560,14999625.0,15000000.0,375.0,1510,50,1,0,1559,0,0.07307692307692308,0.10512820512820513,0.8948717948717949,0.926923076923077,0.09126228155703893,0.12467645024458945,0.8753235497554106,0.908737718442961,0.09126,0.12467333333333333,0.8753266666666667,0.90874,-0.027230696793060852,-0.010502906803439318,0.010502906803439318,0.027230696793060852,-0.027227820512820515,-0.010500384615384618,0.010500384615384618,0.027227820512820515,cellwise_shared_binary_completion,15
w04_2012m04_m09,primary_oot,objective_matched,0.5,0.0,objective_matched_g000_c050,1504,14999625.0,15000000.0,375.0,1452,52,12,0,1492,0,0.1309840425531915,0.16555851063829788,0.8344414893617021,0.8690159574468085,0.1537771777627774,0.19625157295599058,0.8037484270440094,0.8462228222372226,0.15377333333333335,0.19624666666666668,0.8037533333333333,0.8462266666666667,-0.03801017011240884,-0.015476027414869772,0.015476027414869772,0.03801017011240884,-0.03800549645390071,-0.015471950354609933,0.015471950354609933,0.03800549645390071,cellwise_shared_binary_completion,15
w04_2012m04_m09,primary_oot,objective_matched,0.5,1.0,objective_matched_g100_c050,1519,14999625.0,15000000.0,375.0,1469,50,31,0,1488,0,0.1448321263989467,0.17774851876234365,0.8222514812376563,0.8551678736010533,0.17117927948198705,0.21106360992358142,0.7889363900764186,0.8288207205180129,0.171175,0.21105833333333332,0.7889416666666667,0.828825,-0.04113640475420488,-0.018525839490073283,0.018525839490073283,0.04113640475420488,-0.04113134408602152,-0.018521344086021515,0.018521344086021515,0.04113134408602152,cellwise_shared_binary_completion,15
w04_2012m04_m09,primary_oot,objective_matched,0.75,0.0,objective_matched_g000_c075,1500,14999625.0,15000000.0,375.0,1461,39,33,4,1463,0,0.204,0.23,0.77,0.796,0.24658116452911322,0.2757285598806637,0.7242714401193363,0.7534188354708868,0.246575,0.27572166666666664,0.7242783333333334,0.753425,-0.0519600323341417,-0.03634969207563523,0.03634969207563523,0.0519600323341417,-0.05195333333333334,-0.036343333333333346,0.036343333333333346,0.05195333333333334,cellwise_shared_binary_completion,15
w04_2012m04_m09,primary_oot,objective_matched,0.75,1.0,objective_matched_g100_c075,1456,14999625.0,15000000.0,375.0,1418,38,71,3,1382,0,0.24519230769230768,0.26854395604395603,0.731456043956044,0.7548076923076923,0.2770819270481762,0.3024625615640391,0.6975374384359609,0.7229180729518239,0.277075,0.302455,0.6975450000000001,0.722925,-0.03879298104247476,-0.027015243833476768,0.027015243833476768,0.03879298104247476,-0.03878564102564101,-0.02700809523809522,0.02700809523809522,0.03878564102564101,cellwise_shared_binary_completion,15
w05_2012m05_m10,primary_oot,normalized_score,0.25,0.0,normalized_score_g000_c025,1528,14999625.0,15000000.0,375.0,1483,45,28,0,1500,0,0.17212041884816753,0.20157068062827224,0.7984293193717278,0.8278795811518325,0.20148337041759376,0.2396759918997975,0.7603240081002025,0.7985166295824062,0.20147833333333334,0.23967,0.76033,0.7985216666666667,-0.0437007958357772,-0.023767467005174243,0.023767467005174243,0.0437007958357772,-0.0436949912739965,-0.02376224258289702,0.02376224258289702,0.0436949912739965,cellwise_shared_binary_completion,15
w05_2012m05_m10,primary_oot,normalized_score,0.25,1.0,normalized_score_g100_c025,1438,14999525.0,15000000.0,475.0,1400,38,60,23,1355,0,0.2767732962447844,0.30180806675938804,0.6981919332406119,0.7232267037552156,0.3136315983339472,0.33965575576559925,0.6603442442344007,0.6863684016660527,0.3136216666666667,0.339645,0.660355,0.6863783333333333,-0.04404642725601009,-0.03065956383936397,0.03065956383936397,0.04404642725601009,-0.04403595966620308,-0.030649343996291163,0.030649343996291163,0.04403595966620308,cellwise_shared_binary_completion,15
w05_2012m05_m10,primary_oot,normalized_score,0.5,0.0,normalized_score_g000_c050,1482,14999625.0,15000000.0,375.0,1447,35,38,9,1435,0,0.24224021592442646,0.2658569500674764,0.7341430499325237,0.7577597840755735,0.29281565372467644,0.31637290932273304,0.683627090677267,0.7071843462753236,0.29280833333333334,0.316365,0.683635,0.7071916666666667,-0.05656862406715364,-0.044522772988353054,0.044522772988353054,0.05656862406715364,-0.05656095141700407,-0.04451521592442647,0.04451521592442647,0.05656095141700407,cellwise_shared_binary_completion,15
w05_2012m05_m10,primary_oot,normalized_score,0.5,1.0,normalized_score_g100_c050,1441,14999625.0,15000000.0,375.0,1404,37,46,48,1347,0,0.2866065232477446,0.3108952116585704,0.6891047883414296,0.7133934767522554,0.32470811770294256,0.3495204046767836,0.6504795953232164,0.6752918822970575,0.3247,0.34951166666666666,0.6504883333333333,0.6753,-0.045233818793653985,-0.031492968679757136,0.031492968679757136,0.045233818793653985,-0.045225297247282,-0.03148463451306964,0.03148463451306964,0.045225297247282,cellwise_shared_binary_completion,15
w05_2012m05_m10,primary_oot,normalized_score,0.75,0.0,normalized_score_g000_c075,1461,14999600.0,15000000.0,400.0,1428,33,26,51,1384,0,0.27720739219712526,0.2997946611909651,0.7002053388090349,0.7227926078028748,0.3220419211178965,0.341640777087389,0.658359222912611,0.6779580788821036,0.32203333333333334,0.34163166666666667,0.6583683333333333,0.6779666666666666,-0.04924464652390731,-0.03743599829328783,0.03743599829328783,0.04924464652390731,-0.04923577686516087,-0.03742716974674882,0.03742716974674882,0.04923577686516087,cellwise_shared_binary_completion,15
w05_2012m05_m10,primary_oot,normalized_score,0.75,1.0,normalized_score_g100_c075,1444,14999575.0,15000000.0,425.0,1407,37,30,84,1330,0,0.29085872576177285,0.3157894736842105,0.6842105263157895,0.7091412742382271,0.32838263750806274,0.35080160604550464,0.6491983939544954,0.6716173624919373,0.32837333333333335,0.35079166666666667,0.6492083333333334,0.6716266666666666,-0.04356657025873351,-0.02896947384885046,0.02896947384885046,0.04356657025873351,-0.04355687903970454,-0.028959921514312106,0.028959921514312106,0.04355687903970454,cellwise_shared_binary_completion,15
w05_2012m05_m10,primary_oot,objective_matched,0.25,0.0,objective_matched_g000_c025,1559,14999625.0,15000000.0,375.0,1508,51,1,0,1558,0,0.07376523412443874,0.10647851186658114,0.8935214881334188,0.9262347658755613,0.0899955832229139,0.12474311857796445,0.8752568814220355,0.9100044167770861,0.08999333333333333,0.12474,0.87526,0.9100066666666666,-0.025958160179148808,-0.008536795630709675,0.008536795630709675,0.025958160179148808,-0.025955282232200137,-0.008534305110113329,0.008534305110113329,0.025955282232200137,cellwise_shared_binary_completion,15
w05_2012m05_m10,primary_oot,objective_matched,0.25,1.0,objective_matched_g100_c025,1560,14999625.0,15000000.0,375.0,1510,50,1,0,1559,0,0.07307692307692308,0.10512820512820513,0.8948717948717949,0.926923076923077,0.09126228155703893,0.12467645024458945,0.8753235497554106,0.908737718442961,0.09126,0.12467333333333333,0.8753266666666667,0.90874,-0.027230696793060852,-0.010502906803439318,0.010502906803439318,0.027230696793060852,-0.027227820512820515,-0.010500384615384618,0.010500384615384618,0.027227820512820515,cellwise_shared_binary_completion,15
w05_2012m05_m10,primary_oot,objective_matched,0.5,0.0,objective_matched_g000_c050,1504,14999625.0,15000000.0,375.0,1452,52,14,0,1490,0,0.13231382978723405,0.1668882978723404,0.8331117021276596,0.867686170212766,0.1545771977632774,0.19705159295649058,0.8029484070435094,0.8454228022367226,0.15457333333333334,0.19704666666666668,0.8029533333333333,0.8454266666666667,-0.037480402878866295,-0.014946260181327229,0.014946260181327229,0.037480402878866295,-0.037475709219858155,-0.01494216312056738,0.01494216312056738,0.037475709219858155,cellwise_shared_binary_completion,15
w05_2012m05_m10,primary_oot,objective_matched,0.5,1.0,objective_matched_g100_c050,1519,14999625.0,15000000.0,375.0,1469,50,33,0,1486,0,0.14614878209348256,0.17906517445687953,0.8209348255431205,0.8538512179065174,0.17200596681583707,0.21189029725743144,0.7881097027425685,0.8279940331841629,0.17200166666666666,0.211885,0.788115,0.8279983333333334,-0.04064643639351902,-0.018035871129387412,0.018035871129387412,0.04064643639351902,-0.040641355058152306,-0.018031355058152305,0.018031355058152305,0.040641355058152306,cellwise_shared_binary_completion,15
w05_2012m05_m10,primary_oot,objective_matched,0.75,0.0,objective_matched_g000_c075,1500,14999625.0,15000000.0,375.0,1461,39,35,2,1463,0,0.206,0.232,0.768,0.794,0.24802120053001325,0.27716859588156373,0.7228314041184363,0.7519787994699867,0.248015,0.27716166666666664,0.7228383333333334,0.751985,-0.051400068335041724,-0.03578972807653526,0.03578972807653526,0.051400068335041724,-0.051393333333333346,-0.03578333333333335,0.03578333333333335,0.051393333333333346,cellwise_shared_binary_completion,15
w05_2012m05_m10,primary_oot,objective_matched,0.75,1.0,objective_matched_g100_c075,1456,14999625.0,15000000.0,375.0,1418,38,74,2,1380,0,0.24725274725274726,0.2706043956043956,0.7293956043956045,0.7527472527472527,0.27814028684050435,0.30352092135636727,0.6964790786436328,0.7218597131594957,0.27813333333333334,0.30351333333333336,0.6964866666666667,0.7218666666666667,-0.03779090127436334,-0.02601316406536535,0.02601316406536535,0.03779090127436334,-0.03778353479853478,-0.026005989010988995,0.026005989010988995,0.03778353479853478,cellwise_shared_binary_completion,15
w06_2012m06_m11,primary_oot,normalized_score,0.25,0.0,normalized_score_g000_c025,1528,14999625.0,15000000.0,375.0,1483,45,28,0,1500,0,0.17212041884816753,0.20157068062827224,0.7984293193717278,0.8278795811518325,0.20148337041759376,0.2396759918997975,0.7603240081002025,0.7985166295824062,0.20147833333333334,0.23967,0.76033,0.7985216666666667,-0.0437007958357772,-0.023767467005174243,0.023767467005174243,0.0437007958357772,-0.0436949912739965,-0.02376224258289702,0.02376224258289702,0.0436949912739965,cellwise_shared_binary_completion,15
w06_2012m06_m11,primary_oot,normalized_score,0.25,1.0,normalized_score_g100_c025,1438,14999550.0,15000000.0,450.0,1400,38,59,22,1357,0,0.2760778859527121,0.3011126564673157,0.6988873435326843,0.7239221140472879,0.31296105549833164,0.3389968365717638,0.6610031634282362,0.6870389445016684,0.3129516666666667,0.33898666666666666,0.6610133333333333,0.6870483333333333,-0.044079600088512645,-0.030687749561555018,0.030687749561555018,0.044079600088512645,-0.04406970329160873,-0.030678087621696822,0.030678087621696822,0.04406970329160873,cellwise_shared_binary_completion,15
w06_2012m06_m11,primary_oot,normalized_score,0.5,0.0,normalized_score_g000_c050,1482,14999625.0,15000000.0,375.0,1447,35,38,9,1435,0,0.24224021592442646,0.2658569500674764,0.7341430499325237,0.7577597840755735,0.29281565372467644,0.31637290932273304,0.683627090677267,0.7071843462753236,0.29280833333333334,0.316365,0.683635,0.7071916666666667,-0.05656862406715364,-0.044522772988353054,0.044522772988353054,0.05656862406715364,-0.05656095141700407,-0.04451521592442647,0.04451521592442647,0.05656095141700407,cellwise_shared_binary_completion,15
w06_2012m06_m11,primary_oot,normalized_score,0.5,1.0,normalized_score_g100_c050,1441,14999600.0,15000000.0,400.0,1404,37,45,46,1350,0,0.2866065232477446,0.3108952116585704,0.6891047883414296,0.7133934767522554,0.3243653164084376,0.349177644737193,0.650822355262807,0.6756346835915624,0.3243566666666667,0.34916833333333336,0.6508316666666667,0.6756433333333334,-0.04489104442276223,-0.031150181816553286,0.031150181816553286,0.04489104442276223,-0.044881963913948664,-0.031141301179736312,0.031141301179736312,0.044881963913948664,cellwise_shared_binary_completion,15
w06_2012m06_m11,primary_oot,normalized_score,0.75,0.0,normalized_score_g000_c075,1461,14999600.0,15000000.0,400.0,1428,33,26,48,1387,0,0.2778918548939083,0.3004791238877481,0.6995208761122519,0.7221081451060918,0.32237526334035577,0.3419741193098483,0.6580258806901518,0.6776247366596442,0.3223666666666667,0.341965,0.6580349999999999,0.6776333333333333,-0.048893526049583545,-0.03708487781896407,0.03708487781896407,0.048893526049583545,-0.048884647501711176,-0.037076040383299126,0.037076040383299126,0.048884647501711176,cellwise_shared_binary_completion,15
w06_2012m06_m11,primary_oot,normalized_score,0.75,1.0,normalized_score_g100_c075,1444,14999575.0,15000000.0,425.0,1407,37,29,82,1333,0,0.29085872576177285,0.3157894736842105,0.6842105263157895,0.7091412742382271,0.3280459613022369,0.3504649298396788,0.6495350701603212,0.6719540386977632,0.32803666666666664,0.350455,0.649545,0.6719633333333334,-0.043229894052907676,-0.02863279764302463,0.02863279764302463,0.043229894052907676,-0.043220212373037865,-0.028623254847645437,0.028623254847645437,0.043220212373037865,cellwise_shared_binary_completion,15
w06_2012m06_m11,primary_oot,objective_matched,0.25,0.0,objective_matched_g000_c025,1559,14999625.0,15000000.0,375.0,1508,51,1,0,1558,0,0.07376523412443874,0.10647851186658114,0.8935214881334188,0.9262347658755613,0.0899955832229139,0.12474311857796445,0.8752568814220355,0.9100044167770861,0.08999333333333333,0.12474,0.87526,0.9100066666666666,-0.025958160179148808,-0.008536795630709675,0.008536795630709675,0.025958160179148808,-0.025955282232200137,-0.008534305110113329,0.008534305110113329,0.025955282232200137,cellwise_shared_binary_completion,15
w06_2012m06_m11,primary_oot,objective_matched,0.25,1.0,objective_matched_g100_c025,1560,14999625.0,15000000.0,375.0,1510,50,1,0,1559,0,0.07307692307692308,0.10512820512820513,0.8948717948717949,0.926923076923077,0.09126228155703893,0.12467645024458945,0.8753235497554106,0.908737718442961,0.09126,0.12467333333333333,0.8753266666666667,0.90874,-0.027230696793060852,-0.010502906803439318,0.010502906803439318,0.027230696793060852,-0.027227820512820515,-0.010500384615384618,0.010500384615384618,0.027227820512820515,cellwise_shared_binary_completion,15
w06_2012m06_m11,primary_oot,objective_matched,0.5,0.0,objective_matched_g000_c050,1504,14999625.0,15000000.0,375.0,1452,52,14,0,1490,0,0.13231382978723405,0.1668882978723404,0.8331117021276596,0.867686170212766,0.1545771977632774,0.19705159295649058,0.8029484070435094,0.8454228022367226,0.15457333333333334,0.19704666666666668,0.8029533333333333,0.8454266666666667,-0.037480402878866295,-0.014946260181327229,0.014946260181327229,0.037480402878866295,-0.037475709219858155,-0.01494216312056738,0.01494216312056738,0.037475709219858155,cellwise_shared_binary_completion,15
w06_2012m06_m11,primary_oot,objective_matched,0.5,1.0,objective_matched_g100_c050,1520,14999625.0,15000000.0,375.0,1470,50,33,0,1487,0,0.14605263157894738,0.17894736842105263,0.8210526315789474,0.8539473684210526,0.17200596681583707,0.21189029725743144,0.7881097027425685,0.8279940331841629,0.17200166666666666,0.211885,0.788115,0.8279983333333334,-0.040753414668700055,-0.01814284940456845,0.01814284940456845,0.040753414668700055,-0.04074833333333334,-0.01813833333333334,0.01813833333333334,0.04074833333333334,cellwise_shared_binary_completion,15
w06_2012m06_m11,primary_oot,objective_matched,0.75,0.0,objective_matched_g000_c075,1500,14999625.0,15000000.0,375.0,1461,39,35,2,1463,0,0.206,0.232,0.768,0.794,0.24802120053001325,0.27716859588156373,0.7228314041184363,0.7519787994699867,0.248015,0.27716166666666664,0.7228383333333334,0.751985,-0.051400068335041724,-0.03578972807653526,0.03578972807653526,0.051400068335041724,-0.051393333333333346,-0.03578333333333335,0.03578333333333335,0.051393333333333346,cellwise_shared_binary_completion,15
w06_2012m06_m11,primary_oot,objective_matched,0.75,1.0,objective_matched_g100_c075,1456,14999625.0,15000000.0,375.0,1418,38,73,2,1381,0,0.24656593406593408,0.2699175824175824,0.7300824175824177,0.7534340659340659,0.2774736035067543,0.30285423802261724,0.6971457619773828,0.7225263964932457,0.27746666666666664,0.30284666666666665,0.6971533333333333,0.7225333333333334,-0.03781103112742651,-0.026033293918428527,0.026033293918428527,0.03781103112742651,-0.0378036813186813,-0.026026135531135516,0.026026135531135516,0.0378036813186813,cellwise_shared_binary_completion,15
w07_2012m07_m12,primary_oot,normalized_score,0.25,0.0,normalized_score_g000_c025,1528,14999625.0,15000000.0,375.0,1483,45,28,0,1500,0,0.17212041884816753,0.20157068062827224,0.7984293193717278,0.8278795811518325,0.20148337041759376,0.2396759918997975,0.7603240081002025,0.7985166295824062,0.20147833333333334,0.23967,0.76033,0.7985216666666667,-0.0437007958357772,-0.023767467005174243,0.023767467005174243,0.0437007958357772,-0.0436949912739965,-0.02376224258289702,0.02376224258289702,0.0436949912739965,cellwise_shared_binary_completion,15
w07_2012m07_m12,primary_oot,normalized_score,0.25,1.0,normalized_score_g100_c025,1438,14999575.0,15000000.0,425.0,1400,38,60,19,1359,0,0.2767732962447844,0.30180806675938804,0.6981919332406119,0.7232267037552156,0.31363388629344496,0.33966129040322807,0.6603387095967719,0.6863661137065551,0.313625,0.3396516666666667,0.6603483333333333,0.686375,-0.04405032551490212,-0.03066348817759852,0.03066348817759852,0.04405032551490212,-0.04404095966620308,-0.030654343996291165,0.030654343996291165,0.04404095966620308,cellwise_shared_binary_completion,15
w07_2012m07_m12,primary_oot,normalized_score,0.5,0.0,normalized_score_g000_c050,1482,14999625.0,15000000.0,375.0,1447,35,38,7,1437,0,0.24224021592442646,0.2658569500674764,0.7341430499325237,0.7577597840755735,0.29281565372467644,0.31637290932273304,0.683627090677267,0.7071843462753236,0.29280833333333334,0.316365,0.683635,0.7071916666666667,-0.05656862406715364,-0.044522772988353054,0.044522772988353054,0.05656862406715364,-0.05656095141700407,-0.04451521592442647,0.04451521592442647,0.05656095141700407,cellwise_shared_binary_completion,15
w07_2012m07_m12,primary_oot,normalized_score,0.5,1.0,normalized_score_g100_c050,1441,14999550.0,15000000.0,450.0,1404,37,46,37,1358,0,0.2873004857737682,0.31228313671061764,0.6877168632893824,0.7126995142262318,0.32676480294408833,0.3523605708171245,0.6476394291828755,0.6732351970559116,0.326755,0.35235,0.6476500000000001,0.673245,-0.04668601658789992,-0.0328557346889271,0.0328557346889271,0.04668601658789992,-0.04667570552856813,-0.03284567198704605,0.03284567198704605,0.04667570552856813,cellwise_shared_binary_completion,15
w07_2012m07_m12,primary_oot,normalized_score,0.75,0.0,normalized_score_g000_c075,1461,14999600.0,15000000.0,400.0,1428,33,26,40,1395,0,0.2792607802874743,0.30184804928131415,0.6981519507186859,0.7207392197125257,0.324615323075282,0.3442141790447745,0.6557858209552254,0.675384676924718,0.32460666666666665,0.344205,0.655795,0.6753933333333333,-0.049764660390943766,-0.037956012160324286,0.037956012160324286,0.049764660390943766,-0.04975572210814513,-0.03794711498973307,0.03794711498973307,0.04975572210814513,cellwise_shared_binary_completion,15
w07_2012m07_m12,primary_oot,normalized_score,0.75,1.0,normalized_score_g100_c075,1444,14999625.0,15000000.0,375.0,1407,37,30,66,1348,0,0.2943213296398892,0.31994459833795014,0.6800554016620499,0.7056786703601108,0.33391334783369586,0.35711892797319933,0.6428810720268007,0.6660866521663041,0.333905,0.35711,0.64289,0.666095,-0.04572713002035577,-0.031039217808700066,0.031039217808700066,0.04572713002035577,-0.04571842105263159,-0.031030650969529096,0.031030650969529096,0.04571842105263159,cellwise_shared_binary_completion,15
w07_2012m07_m12,primary_oot,objective_matched,0.25,0.0,objective_matched_g000_c025,1559,14999625.0,15000000.0,375.0,1508,51,1,0,1558,0,0.07376523412443874,0.10647851186658114,0.8935214881334188,0.9262347658755613,0.0899955832229139,0.12474311857796445,0.8752568814220355,0.9100044167770861,0.08999333333333333,0.12474,0.87526,0.9100066666666666,-0.025958160179148808,-0.008536795630709675,0.008536795630709675,0.025958160179148808,-0.025955282232200137,-0.008534305110113329,0.008534305110113329,0.025955282232200137,cellwise_shared_binary_completion,15
w07_2012m07_m12,primary_oot,objective_matched,0.25,1.0,objective_matched_g100_c025,1560,14999625.0,15000000.0,375.0,1510,50,1,0,1559,0,0.07307692307692308,0.10512820512820513,0.8948717948717949,0.926923076923077,0.09126228155703893,0.12467645024458945,0.8753235497554106,0.908737718442961,0.09126,0.12467333333333333,0.8753266666666667,0.90874,-0.027230696793060852,-0.010502906803439318,0.010502906803439318,0.027230696793060852,-0.027227820512820515,-0.010500384615384618,0.010500384615384618,0.027227820512820515,cellwise_shared_binary_completion,15
w07_2012m07_m12,primary_oot,objective_matched,0.5,0.0,objective_matched_g000_c050,1504,14999625.0,15000000.0,375.0,1452,52,14,0,1490,0,0.13231382978723405,0.1668882978723404,0.8331117021276596,0.867686170212766,0.1545771977632774,0.19705159295649058,0.8029484070435094,0.8454228022367226,0.15457333333333334,0.19704666666666668,0.8029533333333333,0.8454266666666667,-0.037480402878866295,-0.014946260181327229,0.014946260181327229,0.037480402878866295,-0.037475709219858155,-0.01494216312056738,0.01494216312056738,0.037475709219858155,cellwise_shared_binary_completion,15
w07_2012m07_m12,primary_oot,objective_matched,0.5,1.0,objective_matched_g100_c050,1519,14999625.0,15000000.0,375.0,1469,50,33,0,1486,0,0.14614878209348256,0.17906517445687953,0.8209348255431205,0.8538512179065174,0.17197929948248705,0.21186362992408145,0.7881363700759185,0.828020700517513,0.171975,0.21185833333333334,0.7881416666666666,0.828025,-0.040619769060169016,-0.018009203796037414,0.018009203796037414,0.040619769060169016,-0.04061468839148564,-0.018004688391485637,0.018004688391485637,0.04061468839148564,cellwise_shared_binary_completion,15
w07_2012m07_m12,primary_oot,objective_matched,0.75,0.0,objective_matched_g000_c075,1500,14999625.0,15000000.0,375.0,1461,39,35,2,1463,0,0.206,0.232,0.768,0.794,0.24802120053001325,0.27716859588156373,0.7228314041184363,0.7519787994699867,0.248015,0.27716166666666664,0.7228383333333334,0.751985,-0.051400068335041724,-0.03578972807653526,0.03578972807653526,0.051400068335041724,-0.051393333333333346,-0.03578333333333335,0.03578333333333335,0.051393333333333346,cellwise_shared_binary_completion,15
w07_2012m07_m12,primary_oot,objective_matched,0.75,1.0,objective_matched_g100_c075,1456,14999625.0,15000000.0,375.0,1418,38,74,2,1380,0,0.24725274725274726,0.2706043956043956,0.7293956043956045,0.7527472527472527,0.27814862038217625,0.3035292548980391,0.6964707451019609,0.7218513796178238,0.2781416666666667,0.3035216666666667,0.6964783333333333,0.7218583333333333,-0.03779923481603521,-0.026021497607037224,0.026021497607037224,0.03779923481603521,-0.03779186813186812,-0.026014322344322327,0.026014322344322327,0.03779186813186812,cellwise_shared_binary_completion,15
w08_2012m08_2013m01,primary_oot,normalized_score,0.25,0.0,normalized_score_g000_c025,1528,14999625.0,15000000.0,375.0,1483,45,24,0,1504,0,0.1695026178010471,0.19895287958115182,0.8010471204188482,0.8304973821989529,0.20013667008341876,0.23832929156562246,0.7616707084343776,0.7998633299165813,0.20013166666666668,0.23832333333333333,0.7616766666666667,0.7998683333333333,-0.044971896548722606,-0.025038567718119645,0.025038567718119645,0.044971896548722606,-0.044966125654450254,-0.025033376963350774,0.025033376963350774,0.044966125654450254,cellwise_shared_binary_completion,15
w08_2012m08_2013m01,primary_oot,normalized_score,0.25,1.0,normalized_score_g100_c025,1458,14999575.0,15000000.0,425.0,1427,31,43,3,1412,0,0.2716049382716049,0.29218106995884774,0.7078189300411523,0.7283950617283951,0.32887598481956987,0.3482682009323598,0.6517317990676402,0.6711240151804301,0.32886666666666664,0.34825833333333334,0.6517416666666667,0.6711333333333334,-0.0623285252341409,-0.05102965228733608,0.05102965228733608,0.0623285252341409,-0.06231888888888891,-0.05102010288065846,0.05102010288065846,0.06231888888888891,cellwise_shared_binary_completion,15
w08_2012m08_2013m01,primary_oot,normalized_score,0.5,0.0,normalized_score_g000_c050,1482,14999625.0,15000000.0,375.0,1447,35,36,2,1444,0,0.24358974358974358,0.26720647773279355,0.7327935222672064,0.7564102564102564,0.296715751227114,0.3202730068251706,0.6797269931748293,0.703284248772886,0.29670833333333335,0.320265,0.679735,0.7032916666666666,-0.059119193904274066,-0.047073342825473485,0.047073342825473485,0.059119193904274066,-0.05911142375168693,-0.04706568825910933,0.04706568825910933,0.05911142375168693,cellwise_shared_binary_completion,15
w08_2012m08_2013m01,primary_oot,normalized_score,0.5,1.0,normalized_score_g100_c050,1433,14999575.0,15000000.0,425.0,1399,34,28,29,1376,0,0.2916957431960921,0.3154221912072575,0.6845778087927425,0.708304256803908,0.34289304863637804,0.36303195257198956,0.6369680474280104,0.657106951363622,0.3428833333333333,0.3630216666666667,0.6369783333333333,0.6571166666666667,-0.05651595346027246,-0.04229111334474553,0.04229111334474553,0.05651595346027246,-0.05650588974180045,-0.042281175854849994,0.042281175854849994,0.05650588974180045,cellwise_shared_binary_completion,15
w08_2012m08_2013m01,primary_oot,normalized_score,0.75,0.0,normalized_score_g000_c075,1461,14999600.0,15000000.0,400.0,1428,33,27,30,1404,0,0.28336755646817247,0.3059548254620123,0.6940451745379876,0.7166324435318275,0.3314838395690552,0.3510826955385477,0.6489173044614522,0.6685161604309449,0.331475,0.35107333333333335,0.6489266666666667,0.668525,-0.05252640070401879,-0.0407177524733993,0.0407177524733993,0.05252640070401879,-0.0525172792607803,-0.04070867214236826,0.04070867214236826,0.0525172792607803,cellwise_shared_binary_completion,15
w08_2012m08_2013m01,primary_oot,normalized_score,0.75,1.0,normalized_score_g100_c075,1418,14999575.0,15000000.0,425.0,1382,36,18,46,1354,0,0.2919605077574048,0.31734837799717913,0.6826516220028209,0.7080394922425952,0.33877126518584694,0.3615169096457733,0.6384830903542267,0.661228734814153,0.3387616666666667,0.36150666666666664,0.6384933333333334,0.6612383333333334,-0.052793543301780474,-0.038185745775255825,0.038185745775255825,0.052793543301780474,-0.05278353549600377,-0.038175912082745664,0.038175912082745664,0.05278353549600377,cellwise_shared_binary_completion,15
w08_2012m08_2013m01,primary_oot,objective_matched,0.25,0.0,objective_matched_g000_c025,1559,14999625.0,15000000.0,375.0,1508,51,1,0,1558,0,0.07376523412443874,0.10647851186658114,0.8935214881334188,0.9262347658755613,0.0899955832229139,0.12474311857796445,0.8752568814220355,0.9100044167770861,0.08999333333333333,0.12474,0.87526,0.9100066666666666,-0.025958160179148808,-0.008536795630709675,0.008536795630709675,0.025958160179148808,-0.025955282232200137,-0.008534305110113329,0.008534305110113329,0.025955282232200137,cellwise_shared_binary_completion,15
w08_2012m08_2013m01,primary_oot,objective_matched,0.25,1.0,objective_matched_g100_c025,1560,14999625.0,15000000.0,375.0,1510,50,1,0,1559,0,0.07307692307692308,0.10512820512820513,0.8948717948717949,0.926923076923077,0.09126228155703893,0.12467645024458945,0.8753235497554106,0.908737718442961,0.09126,0.12467333333333333,0.8753266666666667,0.90874,-0.027230696793060852,-0.010502906803439318,0.010502906803439318,0.027230696793060852,-0.027227820512820515,-0.010500384615384618,0.010500384615384618,0.027227820512820515,cellwise_shared_binary_completion,15
w08_2012m08_2013m01,primary_oot,objective_matched,0.5,0.0,objective_matched_g000_c050,1504,14999625.0,15000000.0,375.0,1452,52,12,0,1492,0,0.1309840425531915,0.16555851063829788,0.8344414893617021,0.8690159574468085,0.1537771777627774,0.19625157295599058,0.8037484270440094,0.8462228222372226,0.15377333333333335,0.19624666666666668,0.8037533333333333,0.8462266666666667,-0.03801017011240884,-0.015476027414869772,0.015476027414869772,0.03801017011240884,-0.03800549645390071,-0.015471950354609933,0.015471950354609933,0.03800549645390071,cellwise_shared_binary_completion,15
w08_2012m08_2013m01,primary_oot,objective_matched,0.5,1.0,objective_matched_g100_c050,1520,14999625.0,15000000.0,375.0,1469,51,28,0,1492,0,0.14276315789473684,0.1763157894736842,0.8236842105263158,0.8572368421052632,0.1702075885230464,0.21018525463136578,0.7898147453686342,0.8297924114769536,0.17020333333333335,0.21018,0.78982,0.8297966666666666,-0.042269510685135556,-0.0190443851008556,0.0190443851008556,0.042269510685135556,-0.04226447368421053,-0.01903991228070176,0.01903991228070176,0.04226447368421053,cellwise_shared_binary_completion,15
w08_2012m08_2013m01,primary_oot,objective_matched,0.75,0.0,objective_matched_g000_c075,1500,14999625.0,15000000.0,375.0,1461,39,32,0,1468,0,0.206,0.232,0.768,0.794,0.25076293574006014,0.2799103310916106,0.7200896689083893,0.7492370642599399,0.2507566666666667,0.27990333333333334,0.7200966666666666,0.7492433333333333,-0.054141803545088636,-0.03853146328658218,0.03853146328658218,0.054141803545088636,-0.05413500000000001,-0.03852500000000001,0.03852500000000001,0.05413500000000001,cellwise_shared_binary_completion,15
w08_2012m08_2013m01,primary_oot,objective_matched,0.75,1.0,objective_matched_g100_c075,1495,14999625.0,15000000.0,375.0,1461,34,57,0,1438,0,0.22608695652173913,0.24816053511705685,0.7518394648829432,0.7739130434782608,0.273970182587898,0.2966907506020984,0.7033092493979016,0.726029817412102,0.27396333333333334,0.29668333333333335,0.7033166666666666,0.7260366666666667,-0.05412349355556632,-0.04228994799563412,0.04228994799563412,0.05412349355556632,-0.05411628762541807,-0.04228288740245263,0.04228288740245263,0.05411628762541807,cellwise_shared_binary_completion,15
